Atlanta,1996,Canoe / Kayak,Canoe / Kayak F,"KAZANOV, Milko",BUL,Men,K-2 1000m (kayak double),M,Bronze
Atlanta,1996,Canoe / Kayak,Canoe / Kayak F,"ROSSI, Antonio",ITA,Men,K-2 1000m (kayak double),M,Gold
Atlanta,1996,Canoe / Kayak,Canoe / Kayak F,"SCARPA, Daniele",ITA,Men,K-2 1000m (kayak double),M,Gold
Atlanta,1996,Canoe / Kayak,Canoe / Kayak F,"BLUHM, Kay",GER,Men,K-2 1000m (kayak double),M,Silver
Atlanta,1996,Canoe / Kayak,Canoe / Kayak F,"GUTSCHE, Torsten Rene",GER,Men,K-2 1000m (kayak double),M,Silver
Atlanta,1996,Canoe / Kayak,Canoe / Kayak F,"COLLINS, Daniel",AUS,Men,K-2 500m (kayak double),M,Bronze
Atlanta,1996,Canoe / Kayak,Canoe / Kayak F,"TRIM, Andrew Lawrence",AUS,Men,K-2 500m (kayak double),M,Bronze
Atlanta,1996,Canoe / Kayak,Canoe / Kayak F,"BLUHM, Kay",GER,Men,K-2 500m (kayak double),M,Gold
Atlanta,1996,Canoe / Kayak,Canoe / Kayak F,"GUTSCHE, Torsten Rene",GER,Men,K-2 500m (kayak double),M,Gold
Atlanta,1996,Canoe / Kayak,Canoe / Kayak F,"BONOMI, Beniamino",ITA,Men,K-2 500m (kayak double),M,Silver
Atlanta,1996,Canoe / Kayak,Canoe / Kayak F,"SCARPA, Daniele",ITA,Men,K-2 500m (kayak double),M,Silver
Atlanta,1996,Canoe / Kayak,Canoe / Kayak F,"BORCHERT, Katrin",AUS,Women,K-2 500m (kayak double),W,Bronze
Atlanta,1996,Canoe / Kayak,Canoe / Kayak F,"WOOD, Anna Maria",AUS,Women,K-2 500m (kayak double),W,Bronze
Atlanta,1996,Canoe / Kayak,Canoe / Kayak F,"ANDERSSON, Agneta",SWE,Women,K-2 500m (kayak double),W,Gold
Atlanta,1996,Canoe / Kayak,Canoe / Kayak F,"GUNNARSSON, Susanne",SWE,Women,K-2 500m (kayak double),W,Gold
Atlanta,1996,Canoe / Kayak,Canoe / Kayak F,"FISCHER, Birgit",GER,Women,K-2 500m (kayak double),W,Silver
Atlanta,1996,Canoe / Kayak,Canoe / Kayak F,"PORTWICH, Ramona",GER,Women,K-2 500m (kayak double),W,Silver
Atlanta,1996,Canoe / Kayak,Canoe / Kayak F,"GOROBIY, Oleg",RUS,Men,K-4 1000m (kayak four),M,Bronze
Atlanta,1996,Canoe / Kayak,Canoe / Kayak F,"TISHCHENKO, Anatoly",RUS,Men,K-4 1000m (kayak four),M,Bronze
Atlanta,1996,Canoe / Kayak,Canoe / Kayak F,"TSYBULNIKOV, Georgiy",RUS,Men,K-4 1000m (kayak four),M,Bronze
Atlanta,1996,Canoe / Kayak,Canoe / Kayak F,"VERLIN, Sergey",RUS,Men,K-4 1000m (kayak four),M,Bronze
Atlanta,1996,Canoe / Kayak,Canoe / Kayak F,"HOFMANN, Detlef",GER,Men,K-4 1000m (kayak four),M,Gold
Atlanta,1996,Canoe / Kayak,Canoe / Kayak F,"REINECK, Thomas",GER,Men,K-4 1000m (kayak four),M,Gold
Atlanta,1996,Canoe / Kayak,Canoe / Kayak F,"WINTER, Olaf",GER,Men,K-4 1000m (kayak four),M,Gold
Atlanta,1996,Canoe / Kayak,Canoe / Kayak F,"ZABEL, Mark",GER,Men,K-4 1000m (kayak four),M,Gold
Atlanta,1996,Canoe / Kayak,Canoe / Kayak F,"ADROVICZ, Attila",HUN,Men,K-4 1000m (kayak four),M,Silver
Atlanta,1996,Canoe / Kayak,Canoe / Kayak F,"CSIPES, Ferenc",HUN,Men,K-4 1000m (kayak four),M,Silver
Atlanta,1996,Canoe / Kayak,Canoe / Kayak F,"HORVATH, Gabor",HUN,Men,K-4 1000m (kayak four),M,Silver
Atlanta,1996,Canoe / Kayak,Canoe / Kayak F,"RAJNA, Andras",HUN,Men,K-4 1000m (kayak four),M,Silver
Atlanta,1996,Canoe / Kayak,Canoe / Kayak F,"ANDERSSON, Agneta",SWE,Women,K-4 500m (kayak four),W,Bronze
Atlanta,1996,Canoe / Kayak,Canoe / Kayak F,"ERICSSON, Ingela",SWE,Women,K-4 500m (kayak four),W,Bronze
Atlanta,1996,Canoe / Kayak,Canoe / Kayak F,"OLSSON, Anna",SWE,Women,K-4 500m (kayak four),W,Bronze
Atlanta,1996,Canoe / Kayak,Canoe / Kayak F,"ROSENQVIST, Susanne",SWE,Women,K-4 500m (kayak four),W,Bronze
Atlanta,1996,Canoe / Kayak,Canoe / Kayak F,"FISCHER, Birgit",GER,Women,K-4 500m (kayak four),W,Gold
Atlanta,1996,Canoe / Kayak,Canoe / Kayak F,"MUCKE, Manuela",GER,Women,K-4 500m (kayak four),W,Gold
Atlanta,1996,Canoe / Kayak,Canoe / Kayak F,"PORTWICH, Ramona",GER,Women,K-4 500m (kayak four),W,Gold
Atlanta,1996,Canoe / Kayak,Canoe / Kayak F,"SCHUCK, Anett",GER,Women,K-4 500m (kayak four),W,Gold
Atlanta,1996,Canoe / Kayak,Canoe / Kayak F,"BAUMER, Daniela",SUI,Women,K-4 500m (kayak four),W,Silver
Atlanta,1996,Canoe / Kayak,Canoe / Kayak F,"EICHENBERGER, Sabine",SUI,Women,K-4 500m (kayak four),W,Silver
Atlanta,1996,Canoe / Kayak,Canoe / Kayak F,"HARALAMOW, Ingrid",SUI,Women,K-4 500m (kayak four),W,Silver
Atlanta,1996,Canoe / Kayak,Canoe / Kayak F,"MUELLER, Gabi",SUI,Women,K-4 500m (kayak four),W,Silver
Atlanta,1996,Canoe / Kayak,Canoe / Kayak S,"ESTANGUET, Patrice",FRA,Men,C-1 (canoe single),M,Bronze
Atlanta,1996,Canoe / Kayak,Canoe / Kayak S,"MARTIKAN, Michal",SVK,Men,C-1 (canoe single),M,Gold
Atlanta,1996,Canoe / Kayak,Canoe / Kayak S,"POLLERT, Lukas",CZE,Men,C-1 (canoe single),M,Silver
Atlanta,1996,Canoe / Kayak,Canoe / Kayak S,"EHRENBERG, Andre",GER,Men,C-2 (canoe double),M,Bronze
Atlanta,1996,Canoe / Kayak,Canoe / Kayak S,"SENFT, Michael",GER,Men,C-2 (canoe double),M,Bronze
Atlanta,1996,Canoe / Kayak,Canoe / Kayak S,"ADISSON, Franck",FRA,Men,C-2 (canoe double),M,Gold
Atlanta,1996,Canoe / Kayak,Canoe / Kayak S,"FORGUES, Wilfrid",FRA,Men,C-2 (canoe double),M,Gold
Atlanta,1996,Canoe / Kayak,Canoe / Kayak S,"ROHAN, Jiri",CZE,Men,C-2 (canoe double),M,Silver
Atlanta,1996,Canoe / Kayak,Canoe / Kayak S,"SIMEK, Miroslav",CZE,Men,C-2 (canoe double),M,Silver
Atlanta,1996,Canoe / Kayak,Canoe / Kayak S,"BECKER, Thomas",GER,Men,K-1 (kayak single),M,Bronze
Atlanta,1996,Canoe / Kayak,Canoe / Kayak S,"FIX, Oliver",GER,Men,K-1 (kayak single),M,Gold
Atlanta,1996,Canoe / Kayak,Canoe / Kayak S,"VEHOVAR, Andraz",SLO,Men,K-1 (kayak single),M,Silver
Atlanta,1996,Canoe / Kayak,Canoe / Kayak S,"FOX-JERUSALMI, Myriam",FRA,Women,K-1 (kayak single),W,Bronze
Atlanta,1996,Canoe / Kayak,Canoe / Kayak S,"HILGERTOVA, Stepanka",CZE,Women,K-1 (kayak single),W,Gold
Atlanta,1996,Canoe / Kayak,Canoe / Kayak S,"CHLADEK, Dana",USA,Women,K-1 (kayak single),W,Silver
Atlanta,1996,Cycling,Cycling Road,"SCIANDRI, Max",GBR,Men,individual road race,M,Bronze
Atlanta,1996,Cycling,Cycling Road,"RICHARD, Pascal",SUI,Men,individual road race,M,Gold
Atlanta,1996,Cycling,Cycling Road,"SOERENSEN, Rolf",DEN,Men,individual road race,M,Silver
Atlanta,1996,Cycling,Cycling Road,"HUGHES, Clara",CAN,Women,individual road race,W,Bronze
Atlanta,1996,Cycling,Cycling Road,"LONGO-CIPRELLI, Jeannie",FRA,Women,individual road race,W,Gold
Atlanta,1996,Cycling,Cycling Road,"CHIAPPA, Imelda",ITA,Women,individual road race,W,Silver
Atlanta,1996,Cycling,Cycling Road,"BOARDMAN, Christopher Miles",GBR,Men,individual time trial,M,Bronze
Atlanta,1996,Cycling,Cycling Road,"INDURAIN, Miguel",ESP,Men,individual time trial,M,Gold
Atlanta,1996,Cycling,Cycling Road,"OLANO, Abraham",ESP,Men,individual time trial,M,Silver
Atlanta,1996,Cycling,Cycling Road,"HUGHES, Clara",CAN,Women,individual time trial,W,Bronze
Atlanta,1996,Cycling,Cycling Road,"ZABIROVA, Zoulfia",RUS,Women,individual time trial,W,Gold
Atlanta,1996,Cycling,Cycling Road,"LONGO-CIPRELLI, Jeannie",FRA,Women,individual time trial,W,Silver
Atlanta,1996,Cycling,Cycling Track,"JUMONJI, Takanobu",JPN,Men,1km time trial,M,Bronze
Atlanta,1996,Cycling,Cycling Track,"ROUSSEAU, Florian",FRA,Men,1km time trial,M,Gold
Atlanta,1996,Cycling,Cycling Track,"HARTWELL, Erin W.",USA,Men,1km time trial,M,Silver
Atlanta,1996,Cycling,Cycling Track,"MCGEE, Bradley",AUS,Men,Individual Pursuit,M,Bronze
Atlanta,1996,Cycling,Cycling Track,"COLLINELLI, Andrea",ITA,Men,Individual Pursuit,M,Gold
Atlanta,1996,Cycling,Cycling Track,"ERMENAULT, Philippe",FRA,Men,Individual Pursuit,M,Silver
Atlanta,1996,Cycling,Cycling Track,"ARNDT, Judith",GER,Women,individual pursuit,W,Bronze
Atlanta,1996,Cycling,Cycling Track,"BELLUTTI, Antonella",ITA,Women,individual pursuit,W,Gold
Atlanta,1996,Cycling,Cycling Track,"CLIGNET, Marion",FRA,Women,individual pursuit,W,Silver
Atlanta,1996,Cycling,Cycling Track,"O'GRADY, Stuart",AUS,Men,Points Race,M,Bronze
Atlanta,1996,Cycling,Cycling Track,"MARTINELLO, Silvio",ITA,Men,Points Race,M,Gold
Atlanta,1996,Cycling,Cycling Track,"WALTON, Brian",CAN,Men,Points Race,M,Silver
Atlanta,1996,Cycling,Cycling Track,"TYLER SHARMAN, Lucy",AUS,Women,points race,W,Bronze
Atlanta,1996,Cycling,Cycling Track,"LANCIEN, Nathalie",FRA,Women,points race,W,Gold
Atlanta,1996,Cycling,Cycling Track,"HARINGA, Ingrid",NED,Women,points race,W,Silver
Atlanta,1996,Cycling,Cycling Track,"HARINGA, Ingrid",NED,Women,sprint,W,Bronze
Atlanta,1996,Cycling,Cycling Track,"BALLANGER, Felicia",FRA,Women,sprint,W,Gold
Atlanta,1996,Cycling,Cycling Track,"FERRIS, Michelle",AUS,Women,sprint,W,Silver
Atlanta,1996,Cycling,Cycling Track,"HARNETT, Curtis",CAN,Men,Sprint indivual,M,Bronze
Atlanta,1996,Cycling,Cycling Track,"FIEDLER, Jens",GER,Men,Sprint indivual,M,Gold
Atlanta,1996,Cycling,Cycling Track,"NOTHSTEIN, Marty",USA,Men,Sprint indivual,M,Silver
Atlanta,1996,Cycling,Cycling Track,"AITKEN, Brett",AUS,Men,Team Pursuit (4000m),M,Bronze
Atlanta,1996,Cycling,Cycling Track,"MCGEE, Bradley",AUS,Men,Team Pursuit (4000m),M,Bronze
Atlanta,1996,Cycling,Cycling Track,"O'GRADY, Stuart",AUS,Men,Team Pursuit (4000m),M,Bronze
Atlanta,1996,Cycling,Cycling Track,"O'SHANNESSEY, Timothy",AUS,Men,Team Pursuit (4000m),M,Bronze
Atlanta,1996,Cycling,Cycling Track,"WOODS, Dean",AUS,Men,Team Pursuit (4000m),M,Bronze
Atlanta,1996,Cycling,Cycling Track,"CAPELLE, Christophe",FRA,Men,Team Pursuit (4000m),M,Gold
Atlanta,1996,Cycling,Cycling Track,"ERMENAULT, Philippe",FRA,Men,Team Pursuit (4000m),M,Gold
Atlanta,1996,Cycling,Cycling Track,"MONIN, Jean-Michel",FRA,Men,Team Pursuit (4000m),M,Gold
Atlanta,1996,Cycling,Cycling Track,"MOREAU, Francis",FRA,Men,Team Pursuit (4000m),M,Gold
Atlanta,1996,Cycling,Cycling Track,"CHANTYR, Anton",RUS,Men,Team Pursuit (4000m),M,Silver
Atlanta,1996,Cycling,Cycling Track,"GRITSUN, Eduard",RUS,Men,Team Pursuit (4000m),M,Silver
Atlanta,1996,Cycling,Cycling Track,"KUZNETSOV, Nikolai",RUS,Men,Team Pursuit (4000m),M,Silver
Atlanta,1996,Cycling,Cycling Track,"MARKOV, Alexei",RUS,Men,Team Pursuit (4000m),M,Silver
Atlanta,1996,Cycling,Mountain Bike,"MARTINEZ, Miguel",FRA,Men,cross-country,M,Bronze
Atlanta,1996,Cycling,Mountain Bike,"BRENTJENS, Bart",NED,Men,cross-country,M,Gold
Atlanta,1996,Cycling,Mountain Bike,"FRISCHKNECHT, Thomas",SUI,Men,cross-country,M,Silver
Atlanta,1996,Cycling,Mountain Bike,"DEMATTEI, Susan",USA,Women,cross-country,W,Bronze
Atlanta,1996,Cycling,Mountain Bike,"PEZZO, Paola",ITA,Women,cross-country,W,Gold
Atlanta,1996,Cycling,Mountain Bike,"SYDOR, Alison",CAN,Women,cross-country,W,Silver
Atlanta,1996,Equestrian,Dressage,"ROTHENBERGER, Sven",NED,Men,individual,X,Bronze
Atlanta,1996,Equestrian,Dressage,"WERTH, Isabell",GER,Women,individual,X,Gold
Atlanta,1996,Equestrian,Dressage,"VAN GRUNSVEN, Anky",NED,Women,individual,X,Silver
Atlanta,1996,Equestrian,Dressage,"DOVER, Robert Jeffrey",USA,Men,team,X,Bronze
Atlanta,1996,Equestrian,Dressage,"SEIDEL, Guenter",USA,Men,team,X,Bronze
Atlanta,1996,Equestrian,Dressage,"BALKENHOL, Klaus",GER,Men,team,X,Gold
Atlanta,1996,Equestrian,Dressage,"SCHAUDT, Martin",GER,Men,team,X,Gold
Atlanta,1996,Equestrian,Dressage,"ROTHENBERGER, Sven",NED,Men,team,X,Silver
Atlanta,1996,Equestrian,Dressage,"GIBSON, Michelle",USA,Women,team,X,Bronze
Atlanta,1996,Equestrian,Dressage,"PETERS, Steffen",USA,Women,team,X,Bronze
Atlanta,1996,Equestrian,Dressage,"TEODORESCU, Monica",GER,Women,team,X,Gold
Atlanta,1996,Equestrian,Dressage,"WERTH, Isabell",GER,Women,team,X,Gold
Atlanta,1996,Equestrian,Dressage,"BARTELS DE VRIES, Maria Anna",NED,Women,team,X,Silver
Atlanta,1996,Equestrian,Dressage,"ROTHENBERGER, Gonnelien",NED,Women,team,X,Silver
Atlanta,1996,Equestrian,Dressage,"VAN GRUNSVEN, Anky",NED,Women,team,X,Silver
Atlanta,1996,Equestrian,Eventing,"TAIT, Blyth",NZL,Men,individual,X,Gold
Atlanta,1996,Equestrian,Eventing,"MILLIKIN, Kerry",USA,Women,individual,X,Bronze
Atlanta,1996,Equestrian,Eventing,"CLARK, Sally",NZL,Women,individual,X,Silver
Atlanta,1996,Equestrian,Eventing,"JEFFERIS, Vaughn",NZL,Men,team,X,Bronze
Atlanta,1996,Equestrian,Eventing,"NICHOLSON, Andrew",NZL,Men,team,X,Bronze
Atlanta,1996,Equestrian,Eventing,"TAIT, Blyth",NZL,Men,team,X,Bronze
Atlanta,1996,Equestrian,Eventing,"DUTTON, Phillip",AUS,Men,team,X,Gold
Atlanta,1996,Equestrian,Eventing,"HOY, Andrew",AUS,Men,team,X,Gold
Atlanta,1996,Equestrian,Eventing,"DAVIDSON, Bruce Oram",USA,Men,team,X,Silver
Atlanta,1996,Equestrian,Eventing,"O'CONNOR, David",USA,Men,team,X,Silver
Atlanta,1996,Equestrian,Eventing,"LATTA, Victoria Jean",NZL,Women,team,X,Bronze
Atlanta,1996,Equestrian,Eventing,"ROLTON, Gillian",AUS,Women,team,X,Gold
Atlanta,1996,Equestrian,Eventing,"SCHAEFFER, Wendy",AUS,Women,team,X,Gold
Atlanta,1996,Equestrian,Eventing,"HENNEBERG, Jill",USA,Women,team,X,Silver
Atlanta,1996,Equestrian,Eventing,"O'CONNOR, Karen",USA,Women,team,X,Silver
Atlanta,1996,Equestrian,Jumping,"KIRCHHOFF, Ulrich",GER,Men,individual,X,Gold
Atlanta,1996,Equestrian,Jumping,"MELLIGER, Wilhelm",SUI,Men,individual,X,Silver
Atlanta,1996,Equestrian,Jumping,"LEDERMANN, Alexandra",FRA,Women,individual,X,Bronze
Atlanta,1996,Equestrian,Jumping,"AZEVEDO, Luiz Felipe",BRA,Men,team,X,Bronze
Atlanta,1996,Equestrian,Jumping,"JOHANNPETER, Andre",BRA,Men,team,X,Bronze
Atlanta,1996,Equestrian,Jumping,"MIRANDA NETO, Alvaro",BRA,Men,team,X,Bronze
Atlanta,1996,Equestrian,Jumping,"PESSOA, Rodrigo",BRA,Men,team,X,Bronze
Atlanta,1996,Equestrian,Jumping,"BEERBAUM, Ludger",GER,Men,team,X,Gold
Atlanta,1996,Equestrian,Jumping,"KIRCHHOFF, Ulrich",GER,Men,team,X,Gold
Atlanta,1996,Equestrian,Jumping,"NIEBERG, Lars",GER,Men,team,X,Gold
Atlanta,1996,Equestrian,Jumping,"SLOOTHAAK, Franke",GER,Men,team,X,Gold
Atlanta,1996,Equestrian,Jumping,"LEONE, Peter",USA,Men,team,X,Silver
Atlanta,1996,Equestrian,Jumping,"MATZ, Michael",USA,Men,team,X,Silver
Atlanta,1996,Equestrian,Jumping,"BURR-HOWARD, Leslie Michele",USA,Women,team,X,Silver
Atlanta,1996,Equestrian,Jumping,"KURSINSKI, Anne Kindig",USA,Women,team,X,Silver
Atlanta,1996,Fencing,Fencing,"IMRE, Geza",HUN,Men,épée individual,M,Bronze
Atlanta,1996,Fencing,Fencing,"BEKETOV, Aleksandr",RUS,Men,épée individual,M,Gold
Atlanta,1996,Fencing,Fencing,"TREVEJO, Ivan",CUB,Men,épée individual,M,Silver
Atlanta,1996,Fencing,Fencing,"SZALAY HORVATHNE, Gyoengyi",HUN,Women,épée individual,W,Bronze
Atlanta,1996,Fencing,Fencing,"FLESSEL-COLOVIC, Laura",FRA,Women,épée individual,W,Gold
Atlanta,1996,Fencing,Fencing,"BARLOIS, Valerie",FRA,Women,épée individual,W,Silver
Atlanta,1996,Fencing,Fencing,"HENRY, Jean-Michel",FRA,Men,épée team,M,Bronze
Atlanta,1996,Fencing,Fencing,"LEROUX, Robert",FRA,Men,épée team,M,Bronze
Atlanta,1996,Fencing,Fencing,"SRECKI, Eric",FRA,Men,épée team,M,Bronze
Atlanta,1996,Fencing,Fencing,"CUOMO, Sandro",ITA,Men,épée team,M,Gold
Atlanta,1996,Fencing,Fencing,"MAZZONI, Angelo",ITA,Men,épée team,M,Gold
Atlanta,1996,Fencing,Fencing,"RANDAZZO, Maurizio",ITA,Men,épée team,M,Gold
Atlanta,1996,Fencing,Fencing,"BEKETOV, Aleksandr",RUS,Men,épée team,M,Silver
Atlanta,1996,Fencing,Fencing,"KOLOBKOV, Pavel",RUS,Men,épée team,M,Silver
Atlanta,1996,Fencing,Fencing,"ZAKHAREVITCH, Valeri",RUS,Men,épée team,M,Silver
Atlanta,1996,Fencing,Fencing,"AZNAVOURIAN, Karina",RUS,Women,épée team,W,Bronze
Atlanta,1996,Fencing,Fencing,"GARAYEVA, Yuliya",RUS,Women,épée team,W,Bronze
Atlanta,1996,Fencing,Fencing,"MAZINA, Mariya",RUS,Women,épée team,W,Bronze
Atlanta,1996,Fencing,Fencing,"BARLOIS, Valerie",FRA,Women,épée team,W,Gold
Atlanta,1996,Fencing,Fencing,"FLESSEL-COLOVIC, Laura",FRA,Women,épée team,W,Gold
Atlanta,1996,Fencing,Fencing,"MORESEE-PICHOT, Sophie",FRA,Women,épée team,W,Gold
Atlanta,1996,Fencing,Fencing,"CHIESA, Laura",ITA,Women,épée team,W,Silver
Atlanta,1996,Fencing,Fencing,"UGA, Elisa",ITA,Women,épée team,W,Silver
Atlanta,1996,Fencing,Fencing,"ZALAFFI, Margherita",ITA,Women,épée team,W,Silver
Atlanta,1996,Fencing,Fencing,"BOIDIN, Franck",FRA,Men,foil individual,M,Bronze
Atlanta,1996,Fencing,Fencing,"PUCCINI, Alessandro",ITA,Men,foil individual,M,Gold
Atlanta,1996,Fencing,Fencing,"PLUMENAIL, Lionel",FRA,Men,foil individual,M,Silver
Atlanta,1996,Fencing,Fencing,"TRILLINI, Giovanna",ITA,Women,foil individual,W,Bronze
Atlanta,1996,Fencing,Fencing,"CARLESCU BADEA, Laura Gabriela",ROU,Women,foil individual,W,Gold
Atlanta,1996,Fencing,Fencing,"VEZZALI, Valentina",ITA,Women,foil individual,W,Silver
Atlanta,1996,Fencing,Fencing,"GARCIA PEREZ, Oscar",CUB,Men,foil team,M,Bronze
Atlanta,1996,Fencing,Fencing,"GREGORY, Elvis",CUB,Men,foil team,M,Bronze
Atlanta,1996,Fencing,Fencing,"TUCKER LEON, Rolando Samuel",CUB,Men,foil team,M,Bronze
Atlanta,1996,Fencing,Fencing,"MAMEDOV, Ilgar",RUS,Men,foil team,M,Gold
Atlanta,1996,Fencing,Fencing,"PAVLOVICH, Vladislav",RUS,Men,foil team,M,Gold
Atlanta,1996,Fencing,Fencing,"SHEVCHENKO, Dmitri",RUS,Men,foil team,M,Gold
Atlanta,1996,Fencing,Fencing,"KIELPIKOWSKI, Piotr",POL,Men,foil team,M,Silver
Atlanta,1996,Fencing,Fencing,"KRZESINSKI, Adam",POL,Men,foil team,M,Silver
Atlanta,1996,Fencing,Fencing,"SOBCZAK, Ryszard",POL,Men,foil team,M,Silver
Atlanta,1996,Fencing,Fencing,"BAU, Sabine Christiane",GER,Women,foil team,W,Bronze
Atlanta,1996,Fencing,Fencing,"FICHTEL-MAURITZ, Anja",GER,Women,foil team,W,Bronze
Atlanta,1996,Fencing,Fencing,"WEBER-KOSZTO, Monika",GER,Women,foil team,W,Bronze
Atlanta,1996,Fencing,Fencing,"BORTOLOZZI BORELLA, Francesca",ITA,Women,foil team,W,Gold
Atlanta,1996,Fencing,Fencing,"TRILLINI, Giovanna",ITA,Women,foil team,W,Gold
Atlanta,1996,Fencing,Fencing,"VEZZALI, Valentina",ITA,Women,foil team,W,Gold
Atlanta,1996,Fencing,Fencing,"CARLESCU BADEA, Laura Gabriela",ROU,Women,foil team,W,Silver
Atlanta,1996,Fencing,Fencing,"SCARLAT, Roxana",ROU,Women,foil team,W,Silver
Atlanta,1996,Fencing,Fencing,"SZABO-LAZAR, Reka Zsofia",ROU,Women,foil team,W,Silver
Atlanta,1996,Fencing,Fencing,"TOUYA, Damien",FRA,Men,sabre individual,M,Bronze
Atlanta,1996,Fencing,Fencing,"POZDNYAKOV, Stanislav",RUS,Men,sabre individual,M,Gold
Atlanta,1996,Fencing,Fencing,"CHARIKOV, Serguei",RUS,Men,sabre individual,M,Silver
Atlanta,1996,Fencing,Fencing,"CASERTA, Raffaello",ITA,Men,sabre team,M,Bronze
Atlanta,1996,Fencing,Fencing,"TARANTINO, Luigi",ITA,Men,sabre team,M,Bronze
Atlanta,1996,Fencing,Fencing,"TERENZI, Tonhi",ITA,Men,sabre team,M,Bronze
Atlanta,1996,Fencing,Fencing,"CHARIKOV, Serguei",RUS,Men,sabre team,M,Gold
Atlanta,1996,Fencing,Fencing,"KIRIYENKO, Grigorii",RUS,Men,sabre team,M,Gold
Atlanta,1996,Fencing,Fencing,"POZDNYAKOV, Stanislav",RUS,Men,sabre team,M,Gold
Atlanta,1996,Fencing,Fencing,"KOVES, Csaba",HUN,Men,sabre team,M,Silver
Atlanta,1996,Fencing,Fencing,"NAVARRETE, Jozsef",HUN,Men,sabre team,M,Silver
Atlanta,1996,Fencing,Fencing,"SZABO, Bence",HUN,Men,sabre team,M,Silver
Atlanta,1996,Football,Football,ALDAIR,BRA,Men,football,M,Bronze
Atlanta,1996,Football,Football,AMARAL,BRA,Men,football,M,Bronze
Atlanta,1996,Football,Football,ANDRE LUIZ,BRA,Men,football,M,Bronze
Atlanta,1996,Football,Football,"BEBETO, Jose Roberto",BRA,Men,football,M,Bronze
Atlanta,1996,Football,Football,DANRLEI,BRA,Men,football,M,Bronze
Atlanta,1996,Football,Football,DIDA,BRA,Men,football,M,Bronze
Atlanta,1996,Football,Football,FLAVIO CONCEICAO,BRA,Men,football,M,Bronze
Atlanta,1996,Football,Football,"GUIARO, RONALDO",BRA,Men,football,M,Bronze
Atlanta,1996,Football,Football,JUNINHO,BRA,Men,football,M,Bronze
Atlanta,1996,Football,Football,LUIZAO,BRA,Men,football,M,Bronze
Atlanta,1996,Football,Football,MARCELINHO PAULISTA,BRA,Men,football,M,Bronze
Atlanta,1996,Football,Football,NARCISO,BRA,Men,football,M,Bronze
Atlanta,1996,Football,Football,RIVALDO,BRA,Men,football,M,Bronze
Atlanta,1996,Football,Football,ROBERTO CARLOS,BRA,Men,football,M,Bronze
Atlanta,1996,Football,Football,"RONALDO, Ronaldo Luis Nazario de LIMA",BRA,Men,football,M,Bronze
Atlanta,1996,Football,Football,SAVIO,BRA,Men,football,M,Bronze
Atlanta,1996,Football,Football,ZE ELIAS,BRA,Men,football,M,Bronze
Atlanta,1996,Football,Football,ZE MARIA,BRA,Men,football,M,Bronze
Atlanta,1996,Football,Football,"AMOKACHI, Daniel",NGR,Men,football,M,Gold
Atlanta,1996,Football,Football,"AMUNIKE, Emmanuel",NGR,Men,football,M,Gold
Atlanta,1996,Football,Football,"BABANGIDA, Tijani",NGR,Men,football,M,Gold
Atlanta,1996,Football,Football,"BABAYARO, Celestine",NGR,Men,football,M,Gold
Atlanta,1996,Football,Football,"BABAYARO, Emmanuel",NGR,Men,football,M,Gold
Atlanta,1996,Football,Football,"DOSU, Joseph",NGR,Men,football,M,Gold
Atlanta,1996,Football,Football,"FATUSI, Teslim",NGR,Men,football,M,Gold
Atlanta,1996,Football,Football,"IKPEBA, Victor",NGR,Men,football,M,Gold
Atlanta,1996,Football,Football,"KANU, Nwankwo",NGR,Men,football,M,Gold
Atlanta,1996,Football,Football,"LAWAL, Garba",NGR,Men,football,M,Gold
Atlanta,1996,Football,Football,"OBAFEMI, Abiodon",NGR,Men,football,M,Gold
Atlanta,1996,Football,Football,"OBARAKU, Mobi",NGR,Men,football,M,Gold
Atlanta,1996,Football,Football,"OBIEKWU, Kingsley",NGR,Men,football,M,Gold
Atlanta,1996,Football,Football,"OKOCHA, Augustine",NGR,Men,football,M,Gold
Atlanta,1996,Football,Football,"OLISEH, Sunday",NGR,Men,football,M,Gold
Atlanta,1996,Football,Football,"ORUMA, Wilson",NGR,Men,football,M,Gold
Atlanta,1996,Football,Football,"UCHE, Okechukwu",NGR,Men,football,M,Gold
Atlanta,1996,Football,Football,"WEST, Taribo",NGR,Men,football,M,Gold
Atlanta,1996,Football,Football,"ALMEYDA, Matias",ARG,Men,football,M,Silver
Atlanta,1996,Football,Football,"AYALA, Roberto",ARG,Men,football,M,Silver
Atlanta,1996,Football,Football,"BASSEDAS, Christian",ARG,Men,football,M,Silver
Atlanta,1996,Football,Football,"BOSSIO, Carlos",ARG,Men,football,M,Silver
Atlanta,1996,Football,Football,"CAVALLERO, Pablo",ARG,Men,football,M,Silver
Atlanta,1996,Football,Football,"CHAMOT, Jose Antonio",ARG,Men,football,M,Silver
Atlanta,1996,Football,Football,"CRESPO, Hernan",ARG,Men,football,M,Silver
Atlanta,1996,Football,Football,"DELGADO, Marcelo",ARG,Men,football,M,Silver
Atlanta,1996,Football,Football,"GALLARDO, Marcelo",ARG,Men,football,M,Silver
Atlanta,1996,Football,Football,"LOPEZ, Claudio",ARG,Men,football,M,Silver
Atlanta,1996,Football,Football,"LOPEZ, Gustavo",ARG,Men,football,M,Silver
Atlanta,1996,Football,Football,"MORALES, Hugo",ARG,Men,football,M,Silver
Atlanta,1996,Football,Football,"ORTEGA, Ariel",ARG,Men,football,M,Silver
Atlanta,1996,Football,Football,"PAZ, Pablo",ARG,Men,football,M,Silver
Atlanta,1996,Football,Football,"PINEDA, Hector",ARG,Men,football,M,Silver
Atlanta,1996,Football,Football,"SENSINI, Roberto",ARG,Men,football,M,Silver
Atlanta,1996,Football,Football,"SIMEONE, Diego",ARG,Men,football,M,Silver
Atlanta,1996,Football,Football,"ZANETTI, Javier",ARG,Men,football,M,Silver
Atlanta,1996,Football,Football,"AARONES, Ann Kristin",NOR,Women,football,W,Bronze
Atlanta,1996,Football,Football,"CARLSEN, Agnete",NOR,Women,football,W,Bronze
Atlanta,1996,Football,Football,"ESPESETH, Gro",NOR,Women,football,W,Bronze
Atlanta,1996,Football,Football,"FRUSTOL, Tone Gunn",NOR,Women,football,W,Bronze
Atlanta,1996,Football,Football,"HAUGEN, Tone",NOR,Women,football,W,Bronze
Atlanta,1996,Football,Football,"MEDALEN, Linda",NOR,Women,football,W,Bronze
Atlanta,1996,Football,Football,"MYKLEBUST, Merete",NOR,Women,football,W,Bronze
Atlanta,1996,Football,Football,"NORDBY, Bente",NOR,Women,football,W,Bronze
Atlanta,1996,Football,Football,"NYMARK ANDERSEN, Anne",NOR,Women,football,W,Bronze
Atlanta,1996,Football,Football,"NYMARK ANDERSEN, Nina",NOR,Women,football,W,Bronze
Atlanta,1996,Football,Football,"PETTERSEN, Marianne",NOR,Women,football,W,Bronze
Atlanta,1996,Football,Football,"RIISE, Hege",NOR,Women,football,W,Bronze
Atlanta,1996,Football,Football,"SANDAUNE, Brit",NOR,Women,football,W,Bronze
Atlanta,1996,Football,Football,"SETH, Reidun",NOR,Women,football,W,Bronze
Atlanta,1996,Football,Football,"STOERE, Heidi",NOR,Women,football,W,Bronze
Atlanta,1996,Football,Football,"SVENSSON, Tina",NOR,Women,football,W,Bronze
Atlanta,1996,Football,Football,"TANGERAAS, Trine",NOR,Women,football,W,Bronze
Atlanta,1996,Football,Football,"THUN, Kjersti",NOR,Women,football,W,Bronze
Atlanta,1996,Football,Football,"AKERS, Michelle",USA,Women,football,W,Gold
Atlanta,1996,Football,Football,"CHASTAIN, Brandi",USA,Women,football,W,Gold
Atlanta,1996,Football,Football,"FAWCETT, Joy",USA,Women,football,W,Gold
Atlanta,1996,Football,Football,"FOUDY, Julie",USA,Women,football,W,Gold
Atlanta,1996,Football,Football,"GABARRA, Carin",USA,Women,football,W,Gold
Atlanta,1996,Football,Football,"HAMM, Mia",USA,Women,football,W,Gold
Atlanta,1996,Football,Football,"HARVEY, Mary",USA,Women,football,W,Gold
Atlanta,1996,Football,Football,"LILLY, Kristine",USA,Women,football,W,Gold
Atlanta,1996,Football,Football,"MACMILLAN, Shannon",USA,Women,football,W,Gold
Atlanta,1996,Football,Football,"MILBRETT, Tiffeny",USA,Women,football,W,Gold
Atlanta,1996,Football,Football,"OVERBECK, Carla",USA,Women,football,W,Gold
Atlanta,1996,Football,Football,"PARLOW, Cindy",USA,Women,football,W,Gold
Atlanta,1996,Football,Football,"ROBERTS, Tiffany",USA,Women,football,W,Gold
Atlanta,1996,Football,Football,"SCURRY, Briana",USA,Women,football,W,Gold
Atlanta,1996,Football,Football,"VENTURINI, Tisha",USA,Women,football,W,Gold
Atlanta,1996,Football,Football,"WILSON, Staci",USA,Women,football,W,Gold
Atlanta,1996,Football,Football,"CHEN, Yufeng",CHN,Women,football,W,Silver
Atlanta,1996,Football,Football,"FAN, Yunjie",CHN,Women,football,W,Silver
Atlanta,1996,Football,Football,"GAO, Hong",CHN,Women,football,W,Silver
Atlanta,1996,Football,Football,"LIU, Ailing",CHN,Women,football,W,Silver
Atlanta,1996,Football,Football,"LIU, Ying",CHN,Women,football,W,Silver
Atlanta,1996,Football,Football,"SHI, Guihong",CHN,Women,football,W,Silver
Atlanta,1996,Football,Football,"SHUI, Qingxia",CHN,Women,football,W,Silver
Atlanta,1996,Football,Football,"SUN, Qingmei",CHN,Women,football,W,Silver
Atlanta,1996,Football,Football,"SUN, Wen",CHN,Women,football,W,Silver
Atlanta,1996,Football,Football,"WANG, Liping",CHN,Women,football,W,Silver
Atlanta,1996,Football,Football,"WEI, Haiying",CHN,Women,football,W,Silver
Atlanta,1996,Football,Football,"WEN, Lirong",CHN,Women,football,W,Silver
Atlanta,1996,Football,Football,"XIE, Huilin",CHN,Women,football,W,Silver
Atlanta,1996,Football,Football,"YU, Hongqi",CHN,Women,football,W,Silver
Atlanta,1996,Football,Football,"ZHAO, Lihong",CHN,Women,football,W,Silver
Atlanta,1996,Football,Football,"ZHONG, Honglian",CHN,Women,football,W,Silver
Atlanta,1996,Gymnastics,Artistic G.,"GOGEAN, Gina Elena",ROU,Women,balance beam,W,Bronze
Atlanta,1996,Gymnastics,Artistic G.,"MILLER, Shannon",USA,Women,balance beam,W,Gold
Atlanta,1996,Gymnastics,Artistic G.,"PODKOPAYEVA, Lilia",UKR,Women,balance beam,W,Silver
Atlanta,1996,Gymnastics,Artistic G.,"NEMOV, Alexei",RUS,Men,floor exercises,M,Bronze
Atlanta,1996,Gymnastics,Artistic G.,"MELISSANIDIS, Ioannis",GRE,Men,floor exercises,M,Gold
Atlanta,1996,Gymnastics,Artistic G.,"LI, Xiaosahuang",CHN,Men,floor exercises,M,Silver
Atlanta,1996,Gymnastics,Artistic G.,"DAWES, Dominique",USA,Women,floor exercises,W,Bronze
Atlanta,1996,Gymnastics,Artistic G.,"PODKOPAYEVA, Lilia",UKR,Women,floor exercises,W,Gold
Atlanta,1996,Gymnastics,Artistic G.,"AMANAR, Simona",ROU,Women,floor exercises,W,Silver
Atlanta,1996,Gymnastics,Artistic G.,"FAN, Bin",CHN,Men,horizontal bar,M,Bronze
Atlanta,1996,Gymnastics,Artistic G.,"NEMOV, Alexei",RUS,Men,horizontal bar,M,Bronze
Atlanta,1996,Gymnastics,Artistic G.,"SCHERBO, Vitaly",BLR,Men,horizontal bar,M,Bronze
Atlanta,1996,Gymnastics,Artistic G.,"WECKER, Andreas",GER,Men,horizontal bar,M,Gold
Atlanta,1996,Gymnastics,Artistic G.,"DOUNEV, Krassimir Nikolaev",BUL,Men,horizontal bar,M,Silver
Atlanta,1996,Gymnastics,Artistic G.,"SCHERBO, Vitaly",BLR,Men,individual all-round,M,Bronze
Atlanta,1996,Gymnastics,Artistic G.,"LI, Xiaosahuang",CHN,Men,individual all-round,M,Gold
Atlanta,1996,Gymnastics,Artistic G.,"NEMOV, Alexei",RUS,Men,individual all-round,M,Silver
Atlanta,1996,Gymnastics,Artistic G.,"AMANAR, Simona",ROU,Women,individual all-round,W,Bronze
Atlanta,1996,Gymnastics,Artistic G.,"MILOSOVICI, Lavinia Corina",ROU,Women,individual all-round,W,Bronze
Atlanta,1996,Gymnastics,Artistic G.,"PODKOPAYEVA, Lilia",UKR,Women,individual all-round,W,Gold
Atlanta,1996,Gymnastics,Artistic G.,"GOGEAN, Gina Elena",ROU,Women,individual all-round,W,Silver
Atlanta,1996,Gymnastics,Artistic G.,"SCHERBO, Vitaly",BLR,Men,parallel bars,M,Bronze
Atlanta,1996,Gymnastics,Artistic G.,"SHARIPOV, Roustam",UKR,Men,parallel bars,M,Gold
Atlanta,1996,Gymnastics,Artistic G.,"LYNCH, Jair",USA,Men,parallel bars,M,Silver
Atlanta,1996,Gymnastics,Artistic G.,"NEMOV, Alexei",RUS,Men,pommel horse,M,Bronze
Atlanta,1996,Gymnastics,Artistic G.,"LI, Donghua",SUI,Men,pommel horse,M,Gold
Atlanta,1996,Gymnastics,Artistic G.,"URZICA, Marius Daniel",ROU,Men,pommel horse,M,Silver
Atlanta,1996,Gymnastics,Artistic G.,"CHECHI, Juri",ITA,Men,rings,M,Gold
Atlanta,1996,Gymnastics,Artistic G.,"BURINCA, Dan",ROU,Men,rings,M,Silver
Atlanta,1996,Gymnastics,Artistic G.,"CSOLLANY, Szilveszter",HUN,Men,rings,M,Silver
Atlanta,1996,Gymnastics,Artistic G.,"KOROBCHINSKI, Igor",UKR,Men,team competition,M,Bronze
Atlanta,1996,Gymnastics,Artistic G.,"KOSIAK, Oleg",UKR,Men,team competition,M,Bronze
Atlanta,1996,Gymnastics,Artistic G.,"MISUTIN, Grigori",UKR,Men,team competition,M,Bronze
Atlanta,1996,Gymnastics,Artistic G.,"SHAMENKO, Vladimir",UKR,Men,team competition,M,Bronze
Atlanta,1996,Gymnastics,Artistic G.,"SHARIPOV, Roustam",UKR,Men,team competition,M,Bronze
Atlanta,1996,Gymnastics,Artistic G.,"SVETLICHNYI, Alexandre",UKR,Men,team competition,M,Bronze
Atlanta,1996,Gymnastics,Artistic G.,"YERMAKOV, Yuri",UKR,Men,team competition,M,Bronze
Atlanta,1996,Gymnastics,Artistic G.,"CHARKOV, Sergei",RUS,Men,team competition,M,Gold
Atlanta,1996,Gymnastics,Artistic G.,"KRUKOV, Nikolay",RUS,Men,team competition,M,Gold
Atlanta,1996,Gymnastics,Artistic G.,"NEMOV, Alexei",RUS,Men,team competition,M,Gold
Atlanta,1996,Gymnastics,Artistic G.,"PODGORNYI, Evgueni",RUS,Men,team competition,M,Gold
Atlanta,1996,Gymnastics,Artistic G.,"TRUSH, Dmitriy",RUS,Men,team competition,M,Gold
Atlanta,1996,Gymnastics,Artistic G.,"VASILENKO, Dmitri",RUS,Men,team competition,M,Gold
Atlanta,1996,Gymnastics,Artistic G.,"VOROPAEV, Aleksei",RUS,Men,team competition,M,Gold
Atlanta,1996,Gymnastics,Artistic G.,"FAN, Bin",CHN,Men,team competition,M,Silver
Atlanta,1996,Gymnastics,Artistic G.,"FAN, Hongbin",CHN,Men,team competition,M,Silver
Atlanta,1996,Gymnastics,Artistic G.,"HUANG, Huadong",CHN,Men,team competition,M,Silver
Atlanta,1996,Gymnastics,Artistic G.,"HUANG, Liping",CHN,Men,team competition,M,Silver
Atlanta,1996,Gymnastics,Artistic G.,"LI, Xiaosahuang",CHN,Men,team competition,M,Silver
Atlanta,1996,Gymnastics,Artistic G.,"SHEN, Jian",CHN,Men,team competition,M,Silver
Atlanta,1996,Gymnastics,Artistic G.,"ZHANG, Jinjing",CHN,Men,team competition,M,Silver
Atlanta,1996,Gymnastics,Artistic G.,"AMANAR, Simona",ROU,Women,team competition,W,Bronze
Atlanta,1996,Gymnastics,Artistic G.,"GOGEAN, Gina Elena",ROU,Women,team competition,W,Bronze
Atlanta,1996,Gymnastics,Artistic G.,"LOAIES, Ionela",ROU,Women,team competition,W,Bronze
Atlanta,1996,Gymnastics,Artistic G.,"MARINESCU, Alexandra",ROU,Women,team competition,W,Bronze
Atlanta,1996,Gymnastics,Artistic G.,"MILOSOVICI, Lavinia Corina",ROU,Women,team competition,W,Bronze
Atlanta,1996,Gymnastics,Artistic G.,"TUGURLAN, Mirela",ROU,Women,team competition,W,Bronze
Atlanta,1996,Gymnastics,Artistic G.,"BORDEN, Amanda",USA,Women,team competition,W,Gold
Atlanta,1996,Gymnastics,Artistic G.,"CHOW, Amy",USA,Women,team competition,W,Gold
Atlanta,1996,Gymnastics,Artistic G.,"DAWES, Dominique",USA,Women,team competition,W,Gold
Atlanta,1996,Gymnastics,Artistic G.,"MILLER, Shannon",USA,Women,team competition,W,Gold
Atlanta,1996,Gymnastics,Artistic G.,"MOCEANU, Dominique",USA,Women,team competition,W,Gold
Atlanta,1996,Gymnastics,Artistic G.,"PHELPS, Jaycie",USA,Women,team competition,W,Gold
Atlanta,1996,Gymnastics,Artistic G.,"STRUG, Kerri",USA,Women,team competition,W,Gold
Atlanta,1996,Gymnastics,Artistic G.,"DOLGOPOLOVA, Elena",RUS,Women,team competition,W,Silver
Atlanta,1996,Gymnastics,Artistic G.,"GALIYEVA, Rozalia",RUS,Women,team competition,W,Silver
Atlanta,1996,Gymnastics,Artistic G.,"GROSHEVA, Elena",RUS,Women,team competition,W,Silver
Atlanta,1996,Gymnastics,Artistic G.,"KHORKINA, Svetlana",RUS,Women,team competition,W,Silver
Atlanta,1996,Gymnastics,Artistic G.,"KOCHETKOVA, Dina",RUS,Women,team competition,W,Silver
Atlanta,1996,Gymnastics,Artistic G.,"KUZNETSOVA, Eugenia",RUS,Women,team competition,W,Silver
Atlanta,1996,Gymnastics,Artistic G.,"LIAPINA, Oksana",RUS,Women,team competition,W,Silver
Atlanta,1996,Gymnastics,Artistic G.,"KHORKINA, Svetlana",RUS,Women,uneven bars,W,Gold
Atlanta,1996,Gymnastics,Artistic G.,"BI, Wenjiing",CHN,Women,uneven bars,W,Silver
Atlanta,1996,Gymnastics,Artistic G.,"CHOW, Amy",USA,Women,uneven bars,W,Silver
Atlanta,1996,Gymnastics,Artistic G.,"SCHERBO, Vitaly",BLR,Men,vault,M,Bronze
Atlanta,1996,Gymnastics,Artistic G.,"NEMOV, Alexei",RUS,Men,vault,M,Gold
Atlanta,1996,Gymnastics,Artistic G.,"YEO, Hong-Chul",KOR,Men,vault,M,Silver
Atlanta,1996,Gymnastics,Artistic G.,"GOGEAN, Gina Elena",ROU,Women,vault,W,Bronze
Atlanta,1996,Gymnastics,Artistic G.,"AMANAR, Simona",ROU,Women,vault,W,Gold
Atlanta,1996,Gymnastics,Artistic G.,"MO, Huilan",CHN,Women,vault,W,Silver
Atlanta,1996,Gymnastics,Rhythmic G.,"BOTCHKAREVA, Evguenia",RUS,Women,group competition,W,Bronze
Atlanta,1996,Gymnastics,Rhythmic G.,"CHTYRENKO, Olga",RUS,Women,group competition,W,Bronze
Atlanta,1996,Gymnastics,Rhythmic G.,"DZIOUBA, Irina",RUS,Women,group competition,W,Bronze
Atlanta,1996,Gymnastics,Rhythmic G.,"IOUCHKOVA, Angelina",RUS,Women,group competition,W,Bronze
Atlanta,1996,Gymnastics,Rhythmic G.,"IVANOVA, Ioulia",RUS,Women,group competition,W,Bronze
Atlanta,1996,Gymnastics,Rhythmic G.,"KRIVOCHEI, Elena",RUS,Women,group competition,W,Bronze
Atlanta,1996,Gymnastics,Rhythmic G.,"BALDO, Marta",ESP,Women,group competition,W,Gold
Atlanta,1996,Gymnastics,Rhythmic G.,"CABANILLAS, Nuria",ESP,Women,group competition,W,Gold
Atlanta,1996,Gymnastics,Rhythmic G.,"GIMENEZ, Estela",ESP,Women,group competition,W,Gold
Atlanta,1996,Gymnastics,Rhythmic G.,"GURENDEZ, Lorena",ESP,Women,group competition,W,Gold
Atlanta,1996,Gymnastics,Rhythmic G.,"LAMARCA, Tania",ESP,Women,group competition,W,Gold
Atlanta,1996,Gymnastics,Rhythmic G.,"MARTINEZ, Estibaliz",ESP,Women,group competition,W,Gold
Atlanta,1996,Gymnastics,Rhythmic G.,"DELTCHEVA, Ina",BUL,Women,group competition,W,Silver
Atlanta,1996,Gymnastics,Rhythmic G.,"KEVLIAN, Valentina",BUL,Women,group competition,W,Silver
Atlanta,1996,Gymnastics,Rhythmic G.,"KOLEVA, Maria",BUL,Women,group competition,W,Silver
Atlanta,1996,Gymnastics,Rhythmic G.,"TABAKOVA, Maja",BUL,Women,group competition,W,Silver
Atlanta,1996,Gymnastics,Rhythmic G.,"TALEVA, Ivelina",BUL,Women,group competition,W,Silver
Atlanta,1996,Gymnastics,Rhythmic G.,"VATACHKA, Vjara",BUL,Women,group competition,W,Silver
Atlanta,1996,Gymnastics,Rhythmic G.,"VITRICHENKO, Elena",UKR,Women,individual all-round,W,Bronze
Atlanta,1996,Gymnastics,Rhythmic G.,"SEREBRYANSKAYA, Ekaterina",UKR,Women,individual all-round,W,Gold
Atlanta,1996,Gymnastics,Rhythmic G.,"BATYRCHINA, Ianina",RUS,Women,individual all-round,W,Silver
Atlanta,1996,Handball,Handball,"DOUICHEBAEV, Talant",ESP,Men,handball,M,Bronze
Atlanta,1996,Handball,Handball,"ESQUER, Salvador",ESP,Men,handball,M,Bronze
Atlanta,1996,Handball,Handball,"ETXABURU, Aitor",ESP,Men,handball,M,Bronze
Atlanta,1996,Handball,Handball,"FERNANDEZ, Jesus",ESP,Men,handball,M,Bronze
Atlanta,1996,Handball,Handball,"FORT MAURI, Jaume",ESP,Men,handball,M,Bronze
Atlanta,1996,Handball,Handball,"GARRALDA, Mateo",ESP,Men,handball,M,Bronze
Atlanta,1996,Handball,Handball,"GONZALEZ, Raul",ESP,Men,handball,M,Bronze
Atlanta,1996,Handball,Handball,"GUIJOSA, Rafael",ESP,Men,handball,M,Bronze
Atlanta,1996,Handball,Handball,"HERNANDEZ, Fernando",ESP,Men,handball,M,Bronze
Atlanta,1996,Handball,Handball,"HOMBRADOS, Jose",ESP,Men,handball,M,Bronze
Atlanta,1996,Handball,Handball,"LOZANO, Demetrio",ESP,Men,handball,M,Bronze
Atlanta,1996,Handball,Handball,"NUNEZ, Jordi",ESP,Men,handball,M,Bronze
Atlanta,1996,Handball,Handball,"OLALLA, Jesus",ESP,Men,handball,M,Bronze
Atlanta,1996,Handball,Handball,"PEREZ, Juan",ESP,Men,handball,M,Bronze
Atlanta,1996,Handball,Handball,"URDANGARIN, Ignacio",ESP,Men,handball,M,Bronze
Atlanta,1996,Handball,Handball,"URDIALES, Alberto",ESP,Men,handball,M,Bronze
Atlanta,1996,Handball,Handball,"CAVAR, Patrik",CRO,Men,handball,M,Gold
Atlanta,1996,Handball,Handball,"FRANKOVIC, Valner",CRO,Men,handball,M,Gold
Atlanta,1996,Handball,Handball,"GOLUZA, Slavko",CRO,Men,handball,M,Gold
Atlanta,1996,Handball,Handball,"GUDELJ, Bruno",CRO,Men,handball,M,Gold
Atlanta,1996,Handball,Handball,"JELCIC, Vladimir",CRO,Men,handball,M,Gold
Atlanta,1996,Handball,Handball,"JOVIC, Bozidar",CRO,Men,handball,M,Gold
Atlanta,1996,Handball,Handball,"KLJAIC, Nenad",CRO,Men,handball,M,Gold
Atlanta,1996,Handball,Handball,"LOSERT, Venio",CRO,Men,handball,M,Gold
Atlanta,1996,Handball,Handball,"MATOSEVIC, Valter",CRO,Men,handball,M,Gold
Atlanta,1996,Handball,Handball,"MIKULIC, Zoran",CRO,Men,handball,M,Gold
Atlanta,1996,Handball,Handball,"NACINOVIC, Alvaro",CRO,Men,handball,M,Gold
Atlanta,1996,Handball,Handball,"PERKOVAC, Goran",CRO,Men,handball,M,Gold
Atlanta,1996,Handball,Handball,"PUC, Iztok",CRO,Men,handball,M,Gold
Atlanta,1996,Handball,Handball,"SARACEVIC, Zlatko",CRO,Men,handball,M,Gold
Atlanta,1996,Handball,Handball,"SMAJLAGIC, Irfan",CRO,Men,handball,M,Gold
Atlanta,1996,Handball,Handball,"SUJSTER, Vladimir",CRO,Men,handball,M,Gold
Atlanta,1996,Handball,Handball,"ANDERSSON, Magnus",SWE,Men,handball,M,Silver
Atlanta,1996,Handball,Handball,"ANDERSSON, Robert",SWE,Men,handball,M,Silver
Atlanta,1996,Handball,Handball,"CARLEN, Per",SWE,Men,handball,M,Silver
Atlanta,1996,Handball,Handball,"FRANDESJO, Martin",SWE,Men,handball,M,Silver
Atlanta,1996,Handball,Handball,"HAJAS, Erik",SWE,Men,handball,M,Silver
Atlanta,1996,Handball,Handball,"HEDIN, Robert",SWE,Men,handball,M,Silver
Atlanta,1996,Handball,Handball,"LARSSON, Andreas",SWE,Men,handball,M,Silver
Atlanta,1996,Handball,Handball,"LINDGREN, Ola",SWE,Men,handball,M,Silver
Atlanta,1996,Handball,Handball,"LOFGREN, Stefan",SWE,Men,handball,M,Silver
Atlanta,1996,Handball,Handball,"OLSSON, Mats",SWE,Men,handball,M,Silver
Atlanta,1996,Handball,Handball,"OLSSON, Staffan",SWE,Men,handball,M,Silver
Atlanta,1996,Handball,Handball,"PETTERSSON, Johan",SWE,Men,handball,M,Silver
Atlanta,1996,Handball,Handball,"SIVERTSSON, Thomas",SWE,Men,handball,M,Silver
Atlanta,1996,Handball,Handball,"SVENSSON, Tomas",SWE,Men,handball,M,Silver
Atlanta,1996,Handball,Handball,"THORSSON, Pierre",SWE,Men,handball,M,Silver
Atlanta,1996,Handball,Handball,"WISLANDER, Magnus",SWE,Men,handball,M,Silver
Atlanta,1996,Handball,Handball,"ERDOS, Eva",HUN,Women,handball,W,Bronze
Atlanta,1996,Handball,Handball,"FARKAS, Andrea",HUN,Women,handball,W,Bronze
Atlanta,1996,Handball,Handball,"HOFFMANN, Beata",HUN,Women,handball,W,Bronze
Atlanta,1996,Handball,Handball,"KANTOR, Aniko",HUN,Women,handball,W,Bronze
Atlanta,1996,Handball,Handball,"KOCSIS, Erzsebet",HUN,Women,handball,W,Bronze
Atlanta,1996,Handball,Handball,"KOKENY, Beatrix",HUN,Women,handball,W,Bronze
Atlanta,1996,Handball,Handball,"MATEFI, Eszter",HUN,Women,handball,W,Bronze
Atlanta,1996,Handball,Handball,"MATYAS, Auguszta",HUN,Women,handball,W,Bronze
Atlanta,1996,Handball,Handball,"MEKSZ, Aniko",HUN,Women,handball,W,Bronze
Atlanta,1996,Handball,Handball,"NAGY, Aniko",HUN,Women,handball,W,Bronze
Atlanta,1996,Handball,Handball,"NEMETH, Helga",HUN,Women,handball,W,Bronze
Atlanta,1996,Handball,Handball,"PADAR, Ildiko",HUN,Women,handball,W,Bronze
Atlanta,1996,Handball,Handball,"SITI, Beata",HUN,Women,handball,W,Bronze
Atlanta,1996,Handball,Handball,"SZANTO, Anna",HUN,Women,handball,W,Bronze
Atlanta,1996,Handball,Handball,"SZILAGYI, Katalin",HUN,Women,handball,W,Bronze
Atlanta,1996,Handball,Handball,"TOTH, Beatrix",HUN,Women,handball,W,Bronze
Atlanta,1996,Handball,Handball,"ANDERSEN, Anja Jul",DEN,Women,handball,W,Gold
Atlanta,1996,Handball,Handball,"ANDERSEN, Camilla",DEN,Women,handball,W,Gold
Atlanta,1996,Handball,Handball,"ANDERSEN, Kristine",DEN,Women,handball,W,Gold
Atlanta,1996,Handball,Handball,"ASTRUP, Heidi",DEN,Women,handball,W,Gold
Atlanta,1996,Handball,Handball,"BOTTZAU, Tina",DEN,Women,handball,W,Gold
Atlanta,1996,Handball,Handball,"FLORMAN, Marianne",DEN,Women,handball,W,Gold
Atlanta,1996,Handball,Handball,"HAMANN, Conny",DEN,Women,handball,W,Gold
Atlanta,1996,Handball,Handball,"HANSEN, Anja",DEN,Women,handball,W,Gold
Atlanta,1996,Handball,Handball,"HOFFMAN, Anette",DEN,Women,handball,W,Gold
Atlanta,1996,Handball,Handball,"KJAERGAARD, Tonje",DEN,Women,handball,W,Gold
Atlanta,1996,Handball,Handball,"KOLLING, Janne",DEN,Women,handball,W,Gold
Atlanta,1996,Handball,Handball,"LAURITSEN, Susanne",DEN,Women,handball,W,Gold
Atlanta,1996,Handball,Handball,"MADSEN, Gitte",DEN,Women,handball,W,Gold
Atlanta,1996,Handball,Handball,"RANTALA, Lene",DEN,Women,handball,W,Gold
Atlanta,1996,Handball,Handball,"SUNESEN, Gitte",DEN,Women,handball,W,Gold
Atlanta,1996,Handball,Handball,"TANDERUP, Dorthe",DEN,Women,handball,W,Gold
Atlanta,1996,Handball,Handball,"CHO, Eun-Hee",KOR,Women,handball,W,Silver
Atlanta,1996,Handball,Handball,"HAN, Sun-Hee",KOR,Women,handball,W,Silver
