Montreal,1976,Aquatics,Swimming,"CORSIGLIA, Robin Marie",CAN,Women,4x100m medley relay,W,Bronze
Montreal,1976,Aquatics,Swimming,"JARDIN, Anne Elizabeth",CAN,Women,4x100m medley relay,W,Bronze
Montreal,1976,Aquatics,Swimming,"SMITH-SLOAN, Susan Estelle",CAN,Women,4x100m medley relay,W,Bronze
Montreal,1976,Aquatics,Swimming,"ANKE, Hannelore",GDR,Women,4x100m medley relay,W,Gold
Montreal,1976,Aquatics,Swimming,"ENDER, Kornelia",GDR,Women,4x100m medley relay,W,Gold
Montreal,1976,Aquatics,Swimming,"POLLACK, Andrea",GDR,Women,4x100m medley relay,W,Gold
Montreal,1976,Aquatics,Swimming,"RICHTER, Ulrike",GDR,Women,4x100m medley relay,W,Gold
Montreal,1976,Aquatics,Swimming,"BABASHOFF, Shirley Farber",USA,Women,4x100m medley relay,W,Silver
Montreal,1976,Aquatics,Swimming,"JEZEK, Linda Louise",USA,Women,4x100m medley relay,W,Silver
Montreal,1976,Aquatics,Swimming,"SIERING, Laura Gail",USA,Women,4x100m medley relay,W,Silver
Montreal,1976,Aquatics,Swimming,"WRIGHT, Camille",USA,Women,4x100m medley relay,W,Silver
Montreal,1976,Aquatics,Swimming,"BRINKLEY, Brian",GBR,Men,4x200m freestyle relay,M,Bronze
Montreal,1976,Aquatics,Swimming,"DOWNIE, Gordon Hunter",GBR,Men,4x200m freestyle relay,M,Bronze
Montreal,1976,Aquatics,Swimming,"DUNNE, David Michael",GBR,Men,4x200m freestyle relay,M,Bronze
Montreal,1976,Aquatics,Swimming,"MCCLATCHEY, Alan",GBR,Men,4x200m freestyle relay,M,Bronze
Montreal,1976,Aquatics,Swimming,"BRUNER, Michael Lee",USA,Men,4x200m freestyle relay,M,Gold
Montreal,1976,Aquatics,Swimming,"FURNISS, Bruce Macfarlane",USA,Men,4x200m freestyle relay,M,Gold
Montreal,1976,Aquatics,Swimming,"MONTGOMERY, James Paul",USA,Men,4x200m freestyle relay,M,Gold
Montreal,1976,Aquatics,Swimming,"NABER, John Phillips",USA,Men,4x200m freestyle relay,M,Gold
Montreal,1976,Aquatics,Swimming,"BOGDANOV, Andrei",URS,Men,4x200m freestyle relay,M,Silver
Montreal,1976,Aquatics,Swimming,"KOPLYAKOV, Sergei",URS,Men,4x200m freestyle relay,M,Silver
Montreal,1976,Aquatics,Swimming,"KRYLOV, Andrei",URS,Men,4x200m freestyle relay,M,Silver
Montreal,1976,Aquatics,Swimming,"RASKATOV, Vladimir",URS,Men,4x200m freestyle relay,M,Silver
Montreal,1976,Aquatics,Swimming,"WEINBERG, Wendy Elizabeth",USA,Women,800m freestyle,W,Bronze
Montreal,1976,Aquatics,Swimming,"THÜMER, Petra",GDR,Women,800m freestyle,W,Gold
Montreal,1976,Aquatics,Swimming,"BABASHOFF, Shirley Farber",USA,Women,800m freestyle,W,Silver
Montreal,1976,Aquatics,Water polo,"BOEGSCHOTEN, Alexander",NED,Men,water polo,M,Bronze
Montreal,1976,Aquatics,Water polo,"BUUNK, Antoon G.J.",NED,Men,water polo,M,Bronze
Montreal,1976,Aquatics,Water polo,"DE ZWARTE, Pieter",NED,Men,water polo,M,Bronze
Montreal,1976,Aquatics,Water polo,"HOEPELMAN, Andries",NED,Men,water polo,M,Bronze
Montreal,1976,Aquatics,Water polo,"KROON, Evert Gerrit",NED,Men,water polo,M,Bronze
Montreal,1976,Aquatics,Water polo,"LANDEWEERD, Nicolaas",NED,Men,water polo,M,Bronze
Montreal,1976,Aquatics,Water polo,"SMITS, Hans",NED,Men,water polo,M,Bronze
Montreal,1976,Aquatics,Water polo,"STROBOER, Gijsbert (Gijs)",NED,Men,water polo,M,Bronze
Montreal,1976,Aquatics,Water polo,"TOONEN, Hendrik (Rik)",NED,Men,water polo,M,Bronze
Montreal,1976,Aquatics,Water polo,"VAN ZEELAND, Hans",NED,Men,water polo,M,Bronze
Montreal,1976,Aquatics,Water polo,"VEER, Jan Evert",NED,Men,water polo,M,Bronze
Montreal,1976,Aquatics,Water polo,"CSAPO, Gabor",HUN,Men,water polo,M,Gold
Montreal,1976,Aquatics,Water polo,"CSERVENYAK, Tibor",HUN,Men,water polo,M,Gold
Montreal,1976,Aquatics,Water polo,"FARAGO, Tamas",HUN,Men,water polo,M,Gold
Montreal,1976,Aquatics,Water polo,"GERENDAS, Gyorgy",HUN,Men,water polo,M,Gold
Montreal,1976,Aquatics,Water polo,"HORKAI, Gyorgy",HUN,Men,water polo,M,Gold
Montreal,1976,Aquatics,Water polo,"KENEZ, Gyorgy",HUN,Men,water polo,M,Gold
Montreal,1976,Aquatics,Water polo,"KONRAD, Ferenc",HUN,Men,water polo,M,Gold
Montreal,1976,Aquatics,Water polo,"MOLNAR, Endre",HUN,Men,water polo,M,Gold
Montreal,1976,Aquatics,Water polo,"SAROSI, Laszlo",HUN,Men,water polo,M,Gold
Montreal,1976,Aquatics,Water polo,"SUDAR, Attila",HUN,Men,water polo,M,Gold
Montreal,1976,Aquatics,Water polo,"SZIVOS, Istvan",HUN,Men,water polo,M,Gold
Montreal,1976,Aquatics,Water polo,"ALBERANI SAMARITANI, Alberto",ITA,Men,water polo,M,Silver
Montreal,1976,Aquatics,Water polo,"BARACCHINI, Silvio",ITA,Men,water polo,M,Silver
Montreal,1976,Aquatics,Water polo,"CASTAGNOLA, Luigi",ITA,Men,water polo,M,Silver
Montreal,1976,Aquatics,Water polo,"D, Vincenzo",ITA,Men,water polo,M,Silver
Montreal,1976,Aquatics,Water polo,"DE MAGISTRIS, Gianni",ITA,Men,water polo,M,Silver
Montreal,1976,Aquatics,Water polo,"DE MAGISTRIS, Riccardo",ITA,Men,water polo,M,Silver
Montreal,1976,Aquatics,Water polo,"DEL DUCA, Marcello",ITA,Men,water polo,M,Silver
Montreal,1976,Aquatics,Water polo,"GHIBELLINI, Alessandro",ITA,Men,water polo,M,Silver
Montreal,1976,Aquatics,Water polo,"MARSILI, Sante",ITA,Men,water polo,M,Silver
Montreal,1976,Aquatics,Water polo,"PANERAI, Umberto",ITA,Men,water polo,M,Silver
Montreal,1976,Aquatics,Water polo,"SIMEONI, Roldano",ITA,Men,water polo,M,Silver
Montreal,1976,Archery,Archery,"FERRARI, Giancarlo",ITA,Men,individual FITA round,M,Bronze
Montreal,1976,Archery,Archery,"PACE, Darrell Owen",USA,Men,individual FITA round,M,Gold
Montreal,1976,Archery,Archery,"MICHINAGA, Hiroshi",JPN,Men,individual FITA round,M,Silver
Montreal,1976,Archery,Archery,"RUSTAMOVA, Zebiniso",URS,Women,individual FITA round,W,Bronze
Montreal,1976,Archery,Archery,"RYON, Luann Marie",USA,Women,individual FITA round,W,Gold
Montreal,1976,Archery,Archery,"KOVPAN, Valentina",URS,Women,individual FITA round,W,Silver
Montreal,1976,Athletics,Athletics,"FOSTER, Brendan",GBR,Men,10000m,M,Bronze
Montreal,1976,Athletics,Athletics,"VIREN, Lasse",FIN,Men,10000m,M,Gold
Montreal,1976,Athletics,Athletics,"LOPES, Carlos",POR,Men,10000m,M,Silver
Montreal,1976,Athletics,Athletics,"BORZOV, Valery",URS,Men,100m,M,Bronze
Montreal,1976,Athletics,Athletics,"CRAWFORD, Hasely",TRI,Men,100m,M,Gold
Montreal,1976,Athletics,Athletics,"QUARRIE, Donald",JAM,Men,100m,M,Silver
Montreal,1976,Athletics,Athletics,"HELTEN, Inge",FRG,Women,100m,W,Bronze
Montreal,1976,Athletics,Athletics,"RICHTER-IRRGANG, Annegret",FRG,Women,100m,W,Gold
Montreal,1976,Athletics,Athletics,"STECHER, Renate",GDR,Women,100m,W,Silver
Montreal,1976,Athletics,Athletics,"LEBEDEVA, Natalya",URS,Women,100m hurdles,W,Bronze
Montreal,1976,Athletics,Athletics,"SCHALLER-KLIER, Johanna",GDR,Women,100m hurdles,W,Gold
Montreal,1976,Athletics,Athletics,"ANISIMOVA, Tatiana",URS,Women,100m hurdles,W,Silver
Montreal,1976,Athletics,Athletics,"DAVENPORT, Willie",USA,Men,110m hurdles,M,Bronze
Montreal,1976,Athletics,Athletics,"DRUT, Guy",FRA,Men,110m hurdles,M,Gold
Montreal,1976,Athletics,Athletics,"CASANAS RAMIREZ, Alejandro",CUB,Men,110m hurdles,M,Silver
Montreal,1976,Athletics,Athletics,"WELLMANN, Paul-Heinz",FRG,Men,1500m,M,Bronze
Montreal,1976,Athletics,Athletics,"WALKER, John",NZL,Men,1500m,M,Gold
Montreal,1976,Athletics,Athletics,"VAN DAMME, Ivo",BEL,Men,1500m,M,Silver
Montreal,1976,Athletics,Athletics,"KLAPEZYNSKI-BRUNS, Ulrike",GDR,Women,1500m,W,Bronze
Montreal,1976,Athletics,Athletics,"KAZANKINA, Tatiana",URS,Women,1500m,W,Gold
Montreal,1976,Athletics,Athletics,"HOFFMEISTER, Gunhild",GDR,Women,1500m,W,Silver
Montreal,1976,Athletics,Athletics,"EVANS, Dwayne Eugene",USA,Men,200m,M,Bronze
Montreal,1976,Athletics,Athletics,"QUARRIE, Donald",JAM,Men,200m,M,Gold
Montreal,1976,Athletics,Athletics,"HAMPTON, Millard Frank Jr.",USA,Men,200m,M,Silver
Montreal,1976,Athletics,Athletics,"STECHER, Renate",GDR,Women,200m,W,Bronze
Montreal,1976,Athletics,Athletics,"ECKERT-WÖCKEL, Bärbel",GDR,Women,200m,W,Gold
Montreal,1976,Athletics,Athletics,"RICHTER-IRRGANG, Annegret",FRG,Women,200m,W,Silver
Montreal,1976,Athletics,Athletics,"FRENKEL, Peter",GDR,Men,20km walk,M,Bronze
Montreal,1976,Athletics,Athletics,"BAUTISTA ROCHA, Daniel",MEX,Men,20km walk,M,Gold
Montreal,1976,Athletics,Athletics,"REIMANN, Hans",GDR,Men,20km walk,M,Silver
Montreal,1976,Athletics,Athletics,"BAUMGARTL, Frank",GDR,Men,3000m steeplechase,M,Bronze
Montreal,1976,Athletics,Athletics,"GARDERUD, Anders",SWE,Men,3000m steeplechase,M,Gold
Montreal,1976,Athletics,Athletics,"MALINOWSKI, Bronislaw",POL,Men,3000m steeplechase,M,Silver
Montreal,1976,Athletics,Athletics,"FRAZIER, Herman Ronald",USA,Men,400m,M,Bronze
Montreal,1976,Athletics,Athletics,"JUANTORENA, Alberto",CUB,Men,400m,M,Gold
Montreal,1976,Athletics,Athletics,"NEWHOUSE, Frederick Vaughn",USA,Men,400m,M,Silver
Montreal,1976,Athletics,Athletics,"STROPAHL-STREIDT, Ellen",GDR,Women,400m,W,Bronze
Montreal,1976,Athletics,Athletics,"SZEWINSKA, Irena",POL,Women,400m,W,Gold
Montreal,1976,Athletics,Athletics,"BREHMER-LATHAN, Christina",GDR,Women,400m,W,Silver
Montreal,1976,Athletics,Athletics,"GAVRILENKO, Yevgeni",URS,Men,400m hurdles,M,Bronze
Montreal,1976,Athletics,Athletics,"MOSES, Edwin",USA,Men,400m hurdles,M,Gold
Montreal,1976,Athletics,Athletics,"SHINE, Michael Lyle",USA,Men,400m hurdles,M,Silver
Montreal,1976,Athletics,Athletics,"AKSININ, Aleksandr",URS,Men,4x100m relay,M,Bronze
Montreal,1976,Athletics,Athletics,"BORZOV, Valery",URS,Men,4x100m relay,M,Bronze
Montreal,1976,Athletics,Athletics,"KOLESNIKOV, Nikolai",URS,Men,4x100m relay,M,Bronze
Montreal,1976,Athletics,Athletics,"SILOVS, Yuris",URS,Men,4x100m relay,M,Bronze
Montreal,1976,Athletics,Athletics,"GLANCE, Harvey Edward",USA,Men,4x100m relay,M,Gold
Montreal,1976,Athletics,Athletics,"HAMPTON, Millard Frank Jr.",USA,Men,4x100m relay,M,Gold
Montreal,1976,Athletics,Athletics,"JONES, John Wesley",USA,Men,4x100m relay,M,Gold
Montreal,1976,Athletics,Athletics,"RIDDICK, Steven Earl",USA,Men,4x100m relay,M,Gold
Montreal,1976,Athletics,Athletics,"KOKOT, Manfred",GDR,Men,4x100m relay,M,Silver
Montreal,1976,Athletics,Athletics,"KURRAT, Klaus-Dieter",GDR,Men,4x100m relay,M,Silver
Montreal,1976,Athletics,Athletics,"PFEIFER, Jörg",GDR,Men,4x100m relay,M,Silver
Montreal,1976,Athletics,Athletics,"THIEME, Alexander",GDR,Men,4x100m relay,M,Silver
Montreal,1976,Athletics,Athletics,"ANISIMOVA, Vera",URS,Women,4x100m relay,W,Bronze
Montreal,1976,Athletics,Athletics,"BESFAMILNAYA, Nadezhda",URS,Women,4x100m relay,W,Bronze
Montreal,1976,Athletics,Athletics,"PROROCHENKO, Tatiana",URS,Women,4x100m relay,W,Bronze
Montreal,1976,Athletics,Athletics,"ZHARKOVA-MASLAKOVA, Liudmila",URS,Women,4x100m relay,W,Bronze
Montreal,1976,Athletics,Athletics,"BODENDORF, Carla",GDR,Women,4x100m relay,W,Gold
Montreal,1976,Athletics,Athletics,"ECKERT-WÖCKEL, Bärbel",GDR,Women,4x100m relay,W,Gold
Montreal,1976,Athletics,Athletics,"OELSNER-GÖHR, Marlies",GDR,Women,4x100m relay,W,Gold
Montreal,1976,Athletics,Athletics,"STECHER, Renate",GDR,Women,4x100m relay,W,Gold
Montreal,1976,Athletics,Athletics,"HELTEN, Inge",FRG,Women,4x100m relay,W,Silver
Montreal,1976,Athletics,Athletics,"KRONIGER, Annegret",FRG,Women,4x100m relay,W,Silver
Montreal,1976,Athletics,Athletics,"POSSEKEL, Elvira",FRG,Women,4x100m relay,W,Silver
Montreal,1976,Athletics,Athletics,"RICHTER-IRRGANG, Annegret",FRG,Women,4x100m relay,W,Silver
Montreal,1976,Athletics,Athletics,"HERRMANN, Bernd",FRG,Men,4x400m relay,M,Bronze
Montreal,1976,Athletics,Athletics,"HOFMEISTER, Franz-Peter",FRG,Men,4x400m relay,M,Bronze
Montreal,1976,Athletics,Athletics,"KRIEG, Lothar",FRG,Men,4x400m relay,M,Bronze
Montreal,1976,Athletics,Athletics,"SCHMID, Harald",FRG,Men,4x400m relay,M,Bronze
Montreal,1976,Athletics,Athletics,"BROWN, Benjamin Gene",USA,Men,4x400m relay,M,Gold
Montreal,1976,Athletics,Athletics,"FRAZIER, Herman Ronald",USA,Men,4x400m relay,M,Gold
Montreal,1976,Athletics,Athletics,"NEWHOUSE, Frederick Vaughn",USA,Men,4x400m relay,M,Gold
Montreal,1976,Athletics,Athletics,"PARKS, Maxwell Lander",USA,Men,4x400m relay,M,Gold
Montreal,1976,Athletics,Athletics,"JAREMSKI, Zbigniew",POL,Men,4x400m relay,M,Silver
Montreal,1976,Athletics,Athletics,"PIETRZYK, Jerzy",POL,Men,4x400m relay,M,Silver
Montreal,1976,Athletics,Athletics,"PODLAS, Ryszard",POL,Men,4x400m relay,M,Silver
Montreal,1976,Athletics,Athletics,"WERNER, Jan",POL,Men,4x400m relay,M,Silver
Montreal,1976,Athletics,Athletics,"AKSENOVA, Lyudmila",URS,Women,4x400m relay,W,Bronze
Montreal,1976,Athletics,Athletics,"CHISTYAKOVA-SOKOLOVA, Natalya",URS,Women,4x400m relay,W,Bronze
Montreal,1976,Athletics,Athletics,"KLIMOVOCHA, Inta",URS,Women,4x400m relay,W,Bronze
Montreal,1976,Athletics,Athletics,"KOLESNIKOVA-ILYINA, Nadezhda",URS,Women,4x400m relay,W,Bronze
Montreal,1976,Athletics,Athletics,"BREHMER-LATHAN, Christina",GDR,Women,4x400m relay,W,Gold
Montreal,1976,Athletics,Athletics,"MALETZKI, Doris",GDR,Women,4x400m relay,W,Gold
Montreal,1976,Athletics,Athletics,"ROHDE, Brigitte",GDR,Women,4x400m relay,W,Gold
Montreal,1976,Athletics,Athletics,"STROPAHL-STREIDT, Ellen",GDR,Women,4x400m relay,W,Gold
Montreal,1976,Athletics,Athletics,"BRYANT, Rosalyn Evette",USA,Women,4x400m relay,W,Silver
Montreal,1976,Athletics,Athletics,"GREENE-JILES, Pamela",USA,Women,4x400m relay,W,Silver
Montreal,1976,Athletics,Athletics,"INGRAM, Sheila Rena",USA,Women,4x400m relay,W,Silver
Montreal,1976,Athletics,Athletics,"SAPENTER, Deborah Elaine",USA,Women,4x400m relay,W,Silver
Montreal,1976,Athletics,Athletics,"HILDENBRAND, Klaus-Peter",FRG,Men,5000m,M,Bronze
Montreal,1976,Athletics,Athletics,"VIREN, Lasse",FIN,Men,5000m,M,Gold
Montreal,1976,Athletics,Athletics,"QUAX, Dick Theodorus",NZL,Men,5000m,M,Silver
Montreal,1976,Athletics,Athletics,"WOHLHUTER, Richard Charles",USA,Men,800m,M,Bronze
Montreal,1976,Athletics,Athletics,"JUANTORENA, Alberto",CUB,Men,800m,M,Gold
Montreal,1976,Athletics,Athletics,"VAN DAMME, Ivo",BEL,Men,800m,M,Silver
Montreal,1976,Athletics,Athletics,"ZINN, Elfi",GDR,Women,800m,W,Bronze
Montreal,1976,Athletics,Athletics,"KAZANKINA, Tatiana",URS,Women,800m,W,Gold
Montreal,1976,Athletics,Athletics,"CHTEREVA, Nikolina",BUL,Women,800m,W,Silver
Montreal,1976,Athletics,Athletics,"AVILOV, Nikolai",URS,Men,decathlon,M,Bronze
Montreal,1976,Athletics,Athletics,"JENNER, William Bruce",USA,Men,decathlon,M,Gold
Montreal,1976,Athletics,Athletics,"KRATSCHMER, Guido",FRG,Men,decathlon,M,Silver
Montreal,1976,Athletics,Athletics,"POWELL, John Gates",USA,Men,discus throw,M,Bronze
Montreal,1976,Athletics,Athletics,"WILKINS, Malcolm Maurice",USA,Men,discus throw,M,Gold
Montreal,1976,Athletics,Athletics,"SCHMIDT, Wolfgang",GDR,Men,discus throw,M,Silver
Montreal,1976,Athletics,Athletics,"HINZMANN, Gabriele",GDR,Women,discus throw,W,Bronze
Montreal,1976,Athletics,Athletics,"SCHLAAK-JAHL, Evelin",GDR,Women,discus throw,W,Gold
Montreal,1976,Athletics,Athletics,"VERGOVA-PETKOVA, Maria",BUL,Women,discus throw,W,Silver
Montreal,1976,Athletics,Athletics,"BONDARCHUK, Anatoli",URS,Men,hammer throw,M,Bronze
Montreal,1976,Athletics,Athletics,"SEDYKH, Yuri",URS,Men,hammer throw,M,Gold
Montreal,1976,Athletics,Athletics,"SPIRIDONOV, Aleksei",URS,Men,hammer throw,M,Silver
Montreal,1976,Athletics,Athletics,"STONES, Dwight Edwin",USA,Men,high jump,M,Bronze
Montreal,1976,Athletics,Athletics,"WSZOLA, Jacek",POL,Men,high jump,M,Gold
Montreal,1976,Athletics,Athletics,"JOY, Gregory",CAN,Men,high jump,M,Silver
Montreal,1976,Athletics,Athletics,"BLAGOEVA-DIMITROVA, Yordanka",BUL,Women,high jump,W,Bronze
Montreal,1976,Athletics,Athletics,"WITSCHAS-ACKERMANN, Rosemarie",GDR,Women,high jump,W,Gold
Montreal,1976,Athletics,Athletics,"SIMEONI, Sara",ITA,Women,high jump,W,Silver
Montreal,1976,Athletics,Athletics,"MEGELEA, Gheorghe",ROU,Men,javelin throw,M,Bronze
Montreal,1976,Athletics,Athletics,"NEMETH, Miklos",HUN,Men,javelin throw,M,Gold
Montreal,1976,Athletics,Athletics,"SIITONEN, Hannu Juhani",FIN,Men,javelin throw,M,Silver
Montreal,1976,Athletics,Athletics,"SCHMIDT, Kathryn Joan",USA,Women,javelin throw,W,Bronze
Montreal,1976,Athletics,Athletics,"FUCHS, Ruth",GDR,Women,javelin throw,W,Gold
Montreal,1976,Athletics,Athletics,"BECKER-STEINER, Marion",FRG,Women,javelin throw,W,Silver
Montreal,1976,Athletics,Athletics,"WARTENBERG, Frank",GDR,Men,long jump,M,Bronze
Montreal,1976,Athletics,Athletics,"ROBINSON, Arnie",USA,Men,long jump,M,Gold
Montreal,1976,Athletics,Athletics,"WILLIAMS, Randel Luvelle",USA,Men,long jump,M,Silver
Montreal,1976,Athletics,Athletics,"ALFEEVA, Lidia",URS,Women,long jump,W,Bronze
Montreal,1976,Athletics,Athletics,"VOIGT, Angela",GDR,Women,long jump,W,Gold
Montreal,1976,Athletics,Athletics,"MCMILLAN, Catherine Laverne",USA,Women,long jump,W,Silver
Montreal,1976,Athletics,Athletics,"LISMONT, Karel",BEL,Men,marathon,M,Bronze
Montreal,1976,Athletics,Athletics,"CIERPINSKI, Waldemar",GDR,Men,marathon,M,Gold
Montreal,1976,Athletics,Athletics,"SHORTER, Frank Charles",USA,Men,marathon,M,Silver
Montreal,1976,Athletics,Athletics,"POLLAK, Burglinde",GDR,Women,pentathlon,W,Bronze
Montreal,1976,Athletics,Athletics,"SIEGL, Siegrun",GDR,Women,pentathlon,W,Gold
Montreal,1976,Athletics,Athletics,"BODNER-LASER, Christine",GDR,Women,pentathlon,W,Silver
Montreal,1976,Athletics,Athletics,"ROBERTS, David Luther",USA,Men,pole vault,M,Bronze
Montreal,1976,Athletics,Athletics,"SLUSARSKI, Tadeusz",POL,Men,pole vault,M,Gold
Montreal,1976,Athletics,Athletics,"KALLIOMÄKI, Antti Tapani",FIN,Men,pole vault,M,Silver
Montreal,1976,Athletics,Athletics,"BARYSHNIKOV, Aleksandr",URS,Men,shot put,M,Bronze
Montreal,1976,Athletics,Athletics,"BEYER, Udo",GDR,Men,shot put,M,Gold
Montreal,1976,Athletics,Athletics,"MIRONOV, Yevgeni",URS,Men,shot put,M,Silver
Montreal,1976,Athletics,Athletics,"FIBINGEROVA, Helena",TCH,Women,shot put,W,Bronze
Montreal,1976,Athletics,Athletics,"CHRISTOVA-TODOROVA, Ivanka Mikailova",BUL,Women,shot put,W,Gold
Montreal,1976,Athletics,Athletics,"CHIZHOVA, Nadezhda",URS,Women,shot put,W,Silver
Montreal,1976,Athletics,Athletics,"DE OLIVEIRA, Joao Carlos",BRA,Men,triple jump,M,Bronze
Montreal,1976,Athletics,Athletics,"SANEEV, Viktor",URS,Men,triple jump,M,Gold
Montreal,1976,Athletics,Athletics,"BUTTS, James A.",USA,Men,triple jump,M,Silver
Montreal,1976,Basketball,Basketball,"ARZAMASKOV, Vladimir",URS,Men,basketball,M,Bronze
Montreal,1976,Basketball,Basketball,"BELOV, Aleksandr",URS,Men,basketball,M,Bronze
Montreal,1976,Basketball,Basketball,"BELOV, Sergei",URS,Men,basketball,M,Bronze
Montreal,1976,Basketball,Basketball,"EDESHKO, Ivan",URS,Men,basketball,M,Bronze
Montreal,1976,Basketball,Basketball,"KORKIYA, Mikhail",URS,Men,basketball,M,Bronze
Montreal,1976,Basketball,Basketball,"MAKEEV, Andrei",URS,Men,basketball,M,Bronze
Montreal,1976,Basketball,Basketball,"MILOSERDOV, Valeri",URS,Men,basketball,M,Bronze
Montreal,1976,Basketball,Basketball,"MYSHKIN, Anatoli",URS,Men,basketball,M,Bronze
Montreal,1976,Basketball,Basketball,"SALNIKOV, Aleksandr",URS,Men,basketball,M,Bronze
Montreal,1976,Basketball,Basketball,"TKACHENKO, Vladimir",URS,Men,basketball,M,Bronze
Montreal,1976,Basketball,Basketball,"ZHARMUKHAMEDOV, Alzhan",URS,Men,basketball,M,Bronze
Montreal,1976,Basketball,Basketball,"ZHIGILY, Vladimir",URS,Men,basketball,M,Bronze
Montreal,1976,Basketball,Basketball,"ARMSTRONG, Michael Taylor (Tate)",USA,Men,basketball,M,Gold
Montreal,1976,Basketball,Basketball,"BUCKNER, William Quinn",USA,Men,basketball,M,Gold
Montreal,1976,Basketball,Basketball,"CARR, Kenneth Alan",USA,Men,basketball,M,Gold
Montreal,1976,Basketball,Basketball,"DANTLEY, Adrian Delano",USA,Men,basketball,M,Gold
Montreal,1976,Basketball,Basketball,"DAVIS, Walter Paul",USA,Men,basketball,M,Gold
Montreal,1976,Basketball,Basketball,"FORD, Philip Jackson, Jr.",USA,Men,basketball,M,Gold
Montreal,1976,Basketball,Basketball,"GRUNFELD, Ernest",USA,Men,basketball,M,Gold
Montreal,1976,Basketball,Basketball,"HUBBARD, Phillip Gregory",USA,Men,basketball,M,Gold
Montreal,1976,Basketball,Basketball,"KUPCHAK, Mitchell",USA,Men,basketball,M,Gold
Montreal,1976,Basketball,Basketball,"LAGARDE, Thomas Joseph",USA,Men,basketball,M,Gold
Montreal,1976,Basketball,Basketball,"MAY, Scott Glenn",USA,Men,basketball,M,Gold
Montreal,1976,Basketball,Basketball,"SHEPPARD, Steven",USA,Men,basketball,M,Gold
Montreal,1976,Basketball,Basketball,"COSIC, Kresimir",YUG,Men,basketball,M,Silver
Montreal,1976,Basketball,Basketball,"DALIPAGIC, Drazen",YUG,Men,basketball,M,Silver
Montreal,1976,Basketball,Basketball,"DELIBASIC, Mirza",YUG,Men,basketball,M,Silver
Montreal,1976,Basketball,Basketball,"GEORGIJEVSKI, Blagoje",YUG,Men,basketball,M,Silver
Montreal,1976,Basketball,Basketball,"JELOVAC, Vinko",YUG,Men,basketball,M,Silver
Montreal,1976,Basketball,Basketball,"JERKOV, Zeljko",YUG,Men,basketball,M,Silver
Montreal,1976,Basketball,Basketball,"KICANOVIC, Dragan",YUG,Men,basketball,M,Silver
Montreal,1976,Basketball,Basketball,"KNEGO, Andro",YUG,Men,basketball,M,Silver
Montreal,1976,Basketball,Basketball,"SLAVNIC, Zoran",YUG,Men,basketball,M,Silver
Montreal,1976,Basketball,Basketball,"SOLMAN, Damir",YUG,Men,basketball,M,Silver
Montreal,1976,Basketball,Basketball,"VARAJIC, Zarko",YUG,Men,basketball,M,Silver
Montreal,1976,Basketball,Basketball,"ZIZIC, Rajko",YUG,Men,basketball,M,Silver
Montreal,1976,Basketball,Basketball,"BOGDANOVA, Krasimira",BUL,Women,basketball,W,Bronze
Montreal,1976,Basketball,Basketball,"CHTARKELOVA, Margarita",BUL,Women,basketball,W,Bronze
Montreal,1976,Basketball,Basketball,"DILOVA-BRAYNOVA, Diana",BUL,Women,basketball,W,Bronze
Montreal,1976,Basketball,Basketball,"GIUROVA, Krassimira",BUL,Women,basketball,W,Bronze
Montreal,1976,Basketball,Basketball,"GOLTCHEVA, Nadka",BUL,Women,basketball,W,Bronze
Montreal,1976,Basketball,Basketball,"MAKAVEEVA, Petkana",BUL,Women,basketball,W,Bronze
Montreal,1976,Basketball,Basketball,"METODIEVA, Penka",BUL,Women,basketball,W,Bronze
Montreal,1976,Basketball,Basketball,"MIKHAILOVA, Snezhana",BUL,Women,basketball,W,Bronze
Montreal,1976,Basketball,Basketball,"SKERLATOVA, Girgina",BUL,Women,basketball,W,Bronze
Montreal,1976,Basketball,Basketball,"STOYANOVA, Maria",BUL,Women,basketball,W,Bronze
Montreal,1976,Basketball,Basketball,"STOYANOVA, Penka",BUL,Women,basketball,W,Bronze
Montreal,1976,Basketball,Basketball,"YORDANOVA, Todorka",BUL,Women,basketball,W,Bronze
Montreal,1976,Basketball,Basketball,"BARISHEVA-KOROSTELEVA, Olga",URS,Women,basketball,W,Gold
Montreal,1976,Basketball,Basketball,"DAUNENE, Tamara",URS,Women,basketball,W,Gold
Montreal,1976,Basketball,Basketball,"FERYABNIKOVA, Nelli",URS,Women,basketball,W,Gold
Montreal,1976,Basketball,Basketball,"KLIMOVA, Natalya",URS,Women,basketball,W,Gold
Montreal,1976,Basketball,Basketball,"KURVYAKOVA, Raisa",URS,Women,basketball,W,Gold
Montreal,1976,Basketball,Basketball,"OVECHKINA, Tatiana",URS,Women,basketball,W,Gold
Montreal,1976,Basketball,Basketball,"RUPSHENE, Angelia",URS,Women,basketball,W,Gold
Montreal,1976,Basketball,Basketball,"SEMENOVA, Iuliana",URS,Women,basketball,W,Gold
Montreal,1976,Basketball,Basketball,"SHUVAEVA-OLKHOVA, Nadezhda",URS,Women,basketball,W,Gold
Montreal,1976,Basketball,Basketball,"SUKHARNOVA, Olga",URS,Women,basketball,W,Gold
Montreal,1976,Basketball,Basketball,"ZAKHAROVA, Nadezhda",URS,Women,basketball,W,Gold
Montreal,1976,Basketball,Basketball,"ZAKHAROVA-NADIROVA, Tatiana",URS,Women,basketball,W,Gold
Montreal,1976,Basketball,Basketball,"BROGDEN, Cinderella Jane",USA,Women,basketball,W,Silver
Montreal,1976,Basketball,Basketball,"DUNKLE, Nancy Lynn",USA,Women,basketball,W,Silver
Montreal,1976,Basketball,Basketball,"HARRIS, Lusia Mae",USA,Women,basketball,W,Silver
Montreal,1976,Basketball,Basketball,"HEAD, Patricia Sue",USA,Women,basketball,W,Silver
Montreal,1976,Basketball,Basketball,"LEWIS, Charlotte",USA,Women,basketball,W,Silver
Montreal,1976,Basketball,Basketball,"LIEBERMAN, Nancy Lizabeth",USA,Women,basketball,W,Silver
Montreal,1976,Basketball,Basketball,"MARQUIS, Gail Annette",USA,Women,basketball,W,Silver
Montreal,1976,Basketball,Basketball,"MEYERS, Ann Elizabeth",USA,Women,basketball,W,Silver
Montreal,1976,Basketball,Basketball,"O'CONNOR, Mary Anne",USA,Women,basketball,W,Silver
Montreal,1976,Basketball,Basketball,"ROBERTS, Patricia Ann",USA,Women,basketball,W,Silver
Montreal,1976,Basketball,Basketball,"ROJCEWICZ, Susan Marie",USA,Women,basketball,W,Silver
Montreal,1976,Basketball,Basketball,"SIMPSON, Julienne Brazinski",USA,Women,basketball,W,Silver
Montreal,1976,Boxing,Boxing,"MALDONADO, Orlando",PUR,Men,- 48kg (light-flyweight),M,Bronze
Montreal,1976,Boxing,Boxing,"POOLTARAT, Payao",THA,Men,- 48kg (light-flyweight),M,Bronze
Montreal,1976,Boxing,Boxing,"HERNANDEZ PADRON, Jorge",CUB,Men,- 48kg (light-flyweight),M,Gold
Montreal,1976,Boxing,Boxing,"LI, Byong Uk",PRK,Men,- 48kg (light-flyweight),M,Silver
Montreal,1976,Boxing,Boxing,"HILL, Clarence",BER,Men,+ 81kg (heavyweight),M,Bronze
Montreal,1976,Boxing,Boxing,"TATE, John",USA,Men,+ 81kg (heavyweight),M,Bronze
Montreal,1976,Boxing,Boxing,"STEVENSON, Teofilo",CUB,Men,+ 81kg (heavyweight),M,Gold
Montreal,1976,Boxing,Boxing,"SIMON, Mircea",ROU,Men,+ 81kg (heavyweight),M,Silver
Montreal,1976,Boxing,Boxing,"BLAZYNSKI, Leszek",POL,Men,48 - 51kg (flyweight),M,Bronze
Montreal,1976,Boxing,Boxing,"TOROSYAN, David",URS,Men,48 - 51kg (flyweight),M,Bronze
Montreal,1976,Boxing,Boxing,"RANDOLPH, Leonard",USA,Men,48 - 51kg (flyweight),M,Gold
Montreal,1976,Boxing,Boxing,"DUVALON CARRION, Ramon",CUB,Men,48 - 51kg (flyweight),M,Silver
Montreal,1976,Boxing,Boxing,"COWDELL, Patrick",GBR,Men,51 - 54kg (bantamweight),M,Bronze
Montreal,1976,Boxing,Boxing,"RYBAKOV, Viktor",URS,Men,51 - 54kg (bantamweight),M,Bronze
Montreal,1976,Boxing,Boxing,"GU, Young Jo",PRK,Men,51 - 54kg (bantamweight),M,Gold
Montreal,1976,Boxing,Boxing,"MOONEY, Charles Michael",USA,Men,51 - 54kg (bantamweight),M,Silver
Montreal,1976,Boxing,Boxing,"KOSEDOWSKI, Leszek",POL,Men,54 - 57kg (featherweight),M,Bronze
Montreal,1976,Boxing,Boxing,"PAREDES, Juan",MEX,Men,54 - 57kg (featherweight),M,Bronze
Montreal,1976,Boxing,Boxing,"HERRERA VERA, Angel",CUB,Men,54 - 57kg (featherweight),M,Gold
Montreal,1976,Boxing,Boxing,"NOWAKOWSKI, Richard",GDR,Men,54 - 57kg (featherweight),M,Silver
Montreal,1976,Boxing,Boxing,"RUSEVSKI, Ace",YUG,Men,57 - 60kg (lightweight),M,Bronze
Montreal,1976,Boxing,Boxing,"SOLOMIN, Vasili",URS,Men,57 - 60kg (lightweight),M,Bronze
Montreal,1976,Boxing,Boxing,"DAVIS, Howard Edward, Jr.",USA,Men,57 - 60kg (lightweight),M,Gold
Montreal,1976,Boxing,Boxing,"CUTOV, Simion",ROU,Men,57 - 60kg (lightweight),M,Silver
Montreal,1976,Boxing,Boxing,"KOLEV, Vladimir",BUL,Men,60 - 63.5kg (light-welterweight),M,Bronze
Montreal,1976,Boxing,Boxing,"SZCZERBA, Kazimierz",POL,Men,60 - 63.5kg (light-welterweight),M,Bronze
Montreal,1976,Boxing,Boxing,"LEONARD, Ray Charles",USA,Men,60 - 63.5kg (light-welterweight),M,Gold
Montreal,1976,Boxing,Boxing,"ALDAMA CABRERA, Andres",CUB,Men,60 - 63.5kg (light-welterweight),M,Silver
Montreal,1976,Boxing,Boxing,"SKRICEK, Reinhard",FRG,Men,63.5 - 67kg (welterweight),M,Bronze
Montreal,1976,Boxing,Boxing,"ZILBERMAN, Victor",ROU,Men,63.5 - 67kg (welterweight),M,Bronze
Montreal,1976,Boxing,Boxing,"BACHFELD, Jochen",GDR,Men,63.5 - 67kg (welterweight),M,Gold
Montreal,1976,Boxing,Boxing,"GAMARRO, Pedro José",VEN,Men,63.5 - 67kg (welterweight),M,Silver
Montreal,1976,Boxing,Boxing,"GARBEY, Rolando",CUB,Men,67 - 71kg (light-middleweight),M,Bronze
Montreal,1976,Boxing,Boxing,"SAVCHENKO, Viktor",URS,Men,67 - 71kg (light-middleweight),M,Bronze
Montreal,1976,Boxing,Boxing,"RYBICKI, Jerzy",POL,Men,67 - 71kg (light-middleweight),M,Gold
Montreal,1976,Boxing,Boxing,"KACAR, Tadija",YUG,Men,67 - 71kg (light-middleweight),M,Silver
Montreal,1976,Boxing,Boxing,"MARTINEZ SANCHEZ, Luis Felipe",CUB,Men,71-75kg,M,Bronze
Montreal,1976,Boxing,Boxing,"NASTAC, Alexandru",ROU,Men,71-75kg,M,Bronze
Montreal,1976,Boxing,Boxing,"SPINKS, Michael L.",USA,Men,71-75kg,M,Gold
Montreal,1976,Boxing,Boxing,"RISKIEV, Rufat",URS,Men,71-75kg,M,Silver
Montreal,1976,Boxing,Boxing,"DAFINOIU, Costica",ROU,Men,75 - 81kg (light-heavyweight),M,Bronze
Montreal,1976,Boxing,Boxing,"GORTAT, Janusz",POL,Men,75 - 81kg (light-heavyweight),M,Bronze
Montreal,1976,Boxing,Boxing,"SPINKS, Leonard, Jr.",USA,Men,75 - 81kg (light-heavyweight),M,Gold
Montreal,1976,Boxing,Boxing,"SORIA CABRERA, Sixto",CUB,Men,75 - 81kg (light-heavyweight),M,Silver
Montreal,1976,Canoe / Kayak,Canoe / Kayak F,"WICHMANN, Tamas",HUN,Men,C-1 1000m (canoe single),M,Bronze
Montreal,1976,Canoe / Kayak,Canoe / Kayak F,"LJUBEK, Matija",YUG,Men,C-1 1000m (canoe single),M,Gold
Montreal,1976,Canoe / Kayak,Canoe / Kayak F,"YURCHENKO, Vasili",URS,Men,C-1 1000m (canoe single),M,Silver
Montreal,1976,Canoe / Kayak,Canoe / Kayak F,"LJUBEK, Matija",YUG,Men,C-1 500m (canoe single),M,Bronze
Montreal,1976,Canoe / Kayak,Canoe / Kayak F,"ROGOV, Aleksandr",URS,Men,C-1 500m (canoe single),M,Gold
Montreal,1976,Canoe / Kayak,Canoe / Kayak F,"WOOD, John",CAN,Men,C-1 500m (canoe single),M,Silver
Montreal,1976,Canoe / Kayak,Canoe / Kayak F,"BUDAY, Tamas",HUN,Men,C-2 1000m (canoe double),M,Bronze
Montreal,1976,Canoe / Kayak,Canoe / Kayak F,"FREY, Oszkar",HUN,Men,C-2 1000m (canoe double),M,Bronze
Montreal,1976,Canoe / Kayak,Canoe / Kayak F,"PETRENKO, Sergei",URS,Men,C-2 1000m (canoe double),M,Gold
Montreal,1976,Canoe / Kayak,Canoe / Kayak F,"VINOGRADOV, Aleksandr",URS,Men,C-2 1000m (canoe double),M,Gold
Montreal,1976,Canoe / Kayak,Canoe / Kayak F,"DANIELOV, Gheorghe",ROU,Men,C-2 1000m (canoe double),M,Silver
Montreal,1976,Canoe / Kayak,Canoe / Kayak F,"SIMIONOV, Gheorghe",ROU,Men,C-2 1000m (canoe double),M,Silver
Montreal,1976,Canoe / Kayak,Canoe / Kayak F,"BUDAY, Tamas",HUN,Men,C-2 500m (canoe double),M,Bronze
Montreal,1976,Canoe / Kayak,Canoe / Kayak F,"FREY, Oszkar",HUN,Men,C-2 500m (canoe double),M,Bronze
Montreal,1976,Canoe / Kayak,Canoe / Kayak F,"PETRENKO, Sergei",URS,Men,C-2 500m (canoe double),M,Gold
Montreal,1976,Canoe / Kayak,Canoe / Kayak F,"VINOGRADOV, Aleksandr",URS,Men,C-2 500m (canoe double),M,Gold
Montreal,1976,Canoe / Kayak,Canoe / Kayak F,"GRONOWICZ, Andrzej",POL,Men,C-2 500m (canoe double),M,Silver
Montreal,1976,Canoe / Kayak,Canoe / Kayak F,"OPARA, Jerzy",POL,Men,C-2 500m (canoe double),M,Silver
Montreal,1976,Canoe / Kayak,Canoe / Kayak F,"DIBA, Vasile",ROU,Men,K-1 1000m (kayak single),M,Bronze
Montreal,1976,Canoe / Kayak,Canoe / Kayak F,"HELM, Rüdiger",GDR,Men,K-1 1000m (kayak single),M,Gold
Montreal,1976,Canoe / Kayak,Canoe / Kayak F,"CSAPO, Geza",HUN,Men,K-1 1000m (kayak single),M,Silver
Montreal,1976,Canoe / Kayak,Canoe / Kayak F,"HELM, Rüdiger",GDR,Men,K-1 500m (kayak single),M,Bronze
Montreal,1976,Canoe / Kayak,Canoe / Kayak F,"DIBA, Vasile",ROU,Men,K-1 500m (kayak single),M,Gold
Montreal,1976,Canoe / Kayak,Canoe / Kayak F,"SZTANITY, Zoltan",HUN,Men,K-1 500m (kayak single),M,Silver
Montreal,1976,Canoe / Kayak,Canoe / Kayak F,"RAJNAI, Klara",HUN,Women,K-1 500m (kayak single),W,Bronze
Montreal,1976,Canoe / Kayak,Canoe / Kayak F,"ZIRZOW, Carola",GDR,Women,K-1 500m (kayak single),W,Gold
Montreal,1976,Canoe / Kayak,Canoe / Kayak F,"KORSHUNOVA, Tatyana",URS,Women,K-1 500m (kayak single),W,Silver
Montreal,1976,Canoe / Kayak,Canoe / Kayak F,"BAKO, Zoltan",HUN,Men,K-2 1000m (kayak double),M,Bronze
Montreal,1976,Canoe / Kayak,Canoe / Kayak F,"SZABO, Istvan",HUN,Men,K-2 1000m (kayak double),M,Bronze
Montreal,1976,Canoe / Kayak,Canoe / Kayak F,"NAGORNYI, Sergei",URS,Men,K-2 1000m (kayak double),M,Gold
Montreal,1976,Canoe / Kayak,Canoe / Kayak F,"ROMANOVSKY, Vladimir",URS,Men,K-2 1000m (kayak double),M,Gold
Montreal,1976,Canoe / Kayak,Canoe / Kayak F,"MATTERN, Joachim",GDR,Men,K-2 1000m (kayak double),M,Silver
Montreal,1976,Canoe / Kayak,Canoe / Kayak F,"OLBRICHT, Bernd",GDR,Men,K-2 1000m (kayak double),M,Silver
Montreal,1976,Canoe / Kayak,Canoe / Kayak F,"MALIHIN, Policarp",ROU,Men,K-2 500m (kayak double),M,Bronze
Montreal,1976,Canoe / Kayak,Canoe / Kayak F,"SERHEI, Larion",ROU,Men,K-2 500m (kayak double),M,Bronze
Montreal,1976,Canoe / Kayak,Canoe / Kayak F,"MATTERN, Joachim",GDR,Men,K-2 500m (kayak double),M,Gold
Montreal,1976,Canoe / Kayak,Canoe / Kayak F,"OLBRICHT, Bernd",GDR,Men,K-2 500m (kayak double),M,Gold
Montreal,1976,Canoe / Kayak,Canoe / Kayak F,"NAGORNYI, Sergei",URS,Men,K-2 500m (kayak double),M,Silver
Montreal,1976,Canoe / Kayak,Canoe / Kayak F,"ROMANOVSKY, Vladimir",URS,Men,K-2 500m (kayak double),M,Silver
Montreal,1976,Canoe / Kayak,Canoe / Kayak F,"KÖSTER, Bärbel",GDR,Women,K-2 500m (kayak double),W,Bronze
Montreal,1976,Canoe / Kayak,Canoe / Kayak F,"ZIRZOW, Carola",GDR,Women,K-2 500m (kayak double),W,Bronze
Montreal,1976,Canoe / Kayak,Canoe / Kayak F,"GOPOVA-TROFIMOVA, Nina",URS,Women,K-2 500m (kayak double),W,Gold
Montreal,1976,Canoe / Kayak,Canoe / Kayak F,"KREFT-ALEKSEEVA, Galina",URS,Women,K-2 500m (kayak double),W,Gold
Montreal,1976,Canoe / Kayak,Canoe / Kayak F,"PFEFFER, Anna",HUN,Women,K-2 500m (kayak double),W,Silver
Montreal,1976,Canoe / Kayak,Canoe / Kayak F,"RAJNAI, Klara",HUN,Women,K-2 500m (kayak double),W,Silver
Montreal,1976,Canoe / Kayak,Canoe / Kayak F,"BISCHOF, Frank-Peter",GDR,Men,K-4 1000m (kayak four),M,Bronze
Montreal,1976,Canoe / Kayak,Canoe / Kayak F,"DUVIGNEAU, Bernd",GDR,Men,K-4 1000m (kayak four),M,Bronze
Montreal,1976,Canoe / Kayak,Canoe / Kayak F,"HELM, Rüdiger",GDR,Men,K-4 1000m (kayak four),M,Bronze
Montreal,1976,Canoe / Kayak,Canoe / Kayak F,"LEHNERT, Jürgen",GDR,Men,K-4 1000m (kayak four),M,Bronze
Montreal,1976,Canoe / Kayak,Canoe / Kayak F,"CHUKHRAI, Sergei",URS,Men,K-4 1000m (kayak four),M,Gold
Montreal,1976,Canoe / Kayak,Canoe / Kayak F,"DEGTYAREV, Aleksandr",URS,Men,K-4 1000m (kayak four),M,Gold
Montreal,1976,Canoe / Kayak,Canoe / Kayak F,"FILATOV, Yuri",URS,Men,K-4 1000m (kayak four),M,Gold
Montreal,1976,Canoe / Kayak,Canoe / Kayak F,"MOROZOV, Vladimir",URS,Men,K-4 1000m (kayak four),M,Gold
Montreal,1976,Canoe / Kayak,Canoe / Kayak F,"ESTEBAN CELLORIO, Jose Maria",ESP,Men,K-4 1000m (kayak four),M,Silver
Montreal,1976,Canoe / Kayak,Canoe / Kayak F,"LOPEZ DIAZ FLOR, Jose Ramon",ESP,Men,K-4 1000m (kayak four),M,Silver
Montreal,1976,Canoe / Kayak,Canoe / Kayak F,"MENENDEZ RODRIGUEZ, Herminio",ESP,Men,K-4 1000m (kayak four),M,Silver
Montreal,1976,Canoe / Kayak,Canoe / Kayak F,"RAMOS MISIONE, Luis Gregorio",ESP,Men,K-4 1000m (kayak four),M,Silver
Montreal,1976,Cycling,Cycling Road,"NOWICKI, Mieczyslaw",POL,Men,individual road race,M,Bronze
Montreal,1976,Cycling,Cycling Road,"JOHANSSON, Bernt",SWE,Men,individual road race,M,Gold
Montreal,1976,Cycling,Cycling Road,"MARTINELLI, Giuseppe",ITA,Men,individual road race,M,Silver
Montreal,1976,Cycling,Cycling Road,"BLAUDZUN, Verner",DEN,Men,team time trial,M,Bronze
Montreal,1976,Cycling,Cycling Road,"FRANK, Gert",DEN,Men,team time trial,M,Bronze
Montreal,1976,Cycling,Cycling Road,"HANSEN, Jorgen Emil",DEN,Men,team time trial,M,Bronze
Montreal,1976,Cycling,Cycling Road,"LUND, Jorn",DEN,Men,team time trial,M,Bronze
Montreal,1976,Cycling,Cycling Road,"CHAPLYGIN, Valeri",URS,Men,team time trial,M,Gold
Montreal,1976,Cycling,Cycling Road,"CHUKANOV, Anatoli",URS,Men,team time trial,M,Gold
Montreal,1976,Cycling,Cycling Road,"KAMINSKY, Vladimir",URS,Men,team time trial,M,Gold
Montreal,1976,Cycling,Cycling Road,"PIKKUUS, Aavo",URS,Men,team time trial,M,Gold
Montreal,1976,Cycling,Cycling Road,"MYTNIK, Tadeusz",POL,Men,team time trial,M,Silver
Montreal,1976,Cycling,Cycling Road,"NOWICKI, Mieczyslaw",POL,Men,team time trial,M,Silver
Montreal,1976,Cycling,Cycling Road,"SZOZDA, Stanislaw",POL,Men,team time trial,M,Silver
Montreal,1976,Cycling,Cycling Road,"SZURKOWSKI, Ryszard",POL,Men,team time trial,M,Silver
Montreal,1976,Cycling,Cycling Track,"FREDBORG, Niels Christian",DEN,Men,1km time trial,M,Bronze
Montreal,1976,Cycling,Cycling Track,"GRÜNKE, Klaus-Jürgen",GDR,Men,1km time trial,M,Gold
Montreal,1976,Cycling,Cycling Track,"VAARTEN, Michel",BEL,Men,1km time trial,M,Silver
Montreal,1976,Cycling,Cycling Track,"HUSCHKE, Thomas",GDR,Men,Individual Pursuit,M,Bronze
Montreal,1976,Cycling,Cycling Track,"BRAUN, Gregor",FRG,Men,Individual Pursuit,M,Gold
Montreal,1976,Cycling,Cycling Track,"PONSTEEN, Herman",NED,Men,Individual Pursuit,M,Silver
Montreal,1976,Cycling,Cycling Track,"GESCHKE, Hans-Jürgen",GDR,Men,Sprint indivual,M,Bronze
Montreal,1976,Cycling,Cycling Track,"TKAC, Anton",TCH,Men,Sprint indivual,M,Gold
Montreal,1976,Cycling,Cycling Track,"MORELON, Daniel",FRA,Men,Sprint indivual,M,Silver
Montreal,1976,Cycling,Cycling Track,"BANBURY, Ian",GBR,Men,Team Pursuit (4000m),M,Bronze
Montreal,1976,Cycling,Cycling Track,"BENNETT, Michael John",GBR,Men,Team Pursuit (4000m),M,Bronze
Montreal,1976,Cycling,Cycling Track,"CROKER, Robin",GBR,Men,Team Pursuit (4000m),M,Bronze
Montreal,1976,Cycling,Cycling Track,"HALLAM, Ian",GBR,Men,Team Pursuit (4000m),M,Bronze
Montreal,1976,Cycling,Cycling Track,"BRAUN, Gregor",FRG,Men,Team Pursuit (4000m),M,Gold
Montreal,1976,Cycling,Cycling Track,"LUTZ, Hans",FRG,Men,Team Pursuit (4000m),M,Gold
Montreal,1976,Cycling,Cycling Track,"SCHUHMACHER, Günther",FRG,Men,Team Pursuit (4000m),M,Gold
Montreal,1976,Cycling,Cycling Track,"VONHOF, Peter",FRG,Men,Team Pursuit (4000m),M,Gold
Montreal,1976,Cycling,Cycling Track,"OSOKIN, Vladimir",URS,Men,Team Pursuit (4000m),M,Silver
Montreal,1976,Cycling,Cycling Track,"PEROV, Aleksandr",URS,Men,Team Pursuit (4000m),M,Silver
Montreal,1976,Cycling,Cycling Track,"PETRAKOV, Vitali",URS,Men,Team Pursuit (4000m),M,Silver
Montreal,1976,Cycling,Cycling Track,"SOKOLOV, Viktor",URS,Men,Team Pursuit (4000m),M,Silver
Montreal,1976,Equestrian,Dressage,"KLIMKE, Reiner",FRG,Men,individual,X,Bronze
Montreal,1976,Equestrian,Dressage,"BOLDT, Harry",FRG,Men,individual,X,Silver
Montreal,1976,Equestrian,Dressage,"STUECKELBERGER, Christine",SUI,Women,individual,X,Gold
Montreal,1976,Equestrian,Dressage,"BOLDT, Harry",FRG,Men,team,X,Gold
Montreal,1976,Equestrian,Dressage,"KLIMKE, Reiner",FRG,Men,team,X,Gold
Montreal,1976,Equestrian,Dressage,"LEHMANN, Ulrich",SUI,Men,team,X,Silver
Montreal,1976,Equestrian,Dressage,"GURNEY, Hilda Carolyn",USA,Women,team,X,Bronze
Montreal,1976,Equestrian,Dressage,"MASTER, Edith Louise",USA,Women,team,X,Bronze
Montreal,1976,Equestrian,Dressage,"MORKIS, Dorothy Sarkis",USA,Women,team,X,Bronze
Montreal,1976,Equestrian,Dressage,"GRILLO, Gabriela",FRG,Women,team,X,Gold
Montreal,1976,Equestrian,Dressage,"RAMSEIER, Doris",SUI,Women,team,X,Silver
Montreal,1976,Equestrian,Dressage,"STUECKELBERGER, Christine",SUI,Women,team,X,Silver
Montreal,1976,Equestrian,Eventing,"SCHULTZ, Karl",FRG,Men,individual,X,Bronze
Montreal,1976,Equestrian,Eventing,"COFFIN, Edmund Sloane",USA,Men,individual,X,Gold
Montreal,1976,Equestrian,Eventing,"PLUMB, John Michael",USA,Men,individual,X,Silver
Montreal,1976,Equestrian,Eventing,"BENNETT, Mervyn",AUS,Men,team,X,Bronze
Montreal,1976,Equestrian,Eventing,"PIGOTT, Dennis",AUS,Men,team,X,Bronze
Montreal,1976,Equestrian,Eventing,"ROYCROFT, Wayne",AUS,Men,team,X,Bronze
Montreal,1976,Equestrian,Eventing,"ROYCROFT, William",AUS,Men,team,X,Bronze
Montreal,1976,Equestrian,Eventing,"COFFIN, Edmund Sloane",USA,Men,team,X,Gold
Montreal,1976,Equestrian,Eventing,"DAVIDSON, Bruce Oram",USA,Men,team,X,Gold
Montreal,1976,Equestrian,Eventing,"PLUMB, John Michael",USA,Men,team,X,Gold
Montreal,1976,Equestrian,Eventing,"AMMERMANN, Otto",FRG,Men,team,X,Silver
Montreal,1976,Equestrian,Eventing,"BLÖCKER, Herbert",FRG,Men,team,X,Silver
Montreal,1976,Equestrian,Eventing,"RETHEMEIER, Helmut",FRG,Men,team,X,Silver
Montreal,1976,Equestrian,Eventing,"SCHULTZ, Karl",FRG,Men,team,X,Silver
Montreal,1976,Equestrian,Eventing,"TAUSKEY, Mary Anne",USA,Women,team,X,Gold
Montreal,1976,Equestrian,Jumping,"MATHY, Francois",BEL,Men,individual,X,Bronze
Montreal,1976,Equestrian,Jumping,"SCHOCKEMÖHLE, Alwin",FRG,Men,individual,X,Gold
Montreal,1976,Equestrian,Jumping,"VAILLANCOURT, Michel",CAN,Men,individual,X,Silver
Montreal,1976,Equestrian,Jumping,"CUEPPER, Edgar-Henri",BEL,Men,team,X,Bronze
Montreal,1976,Equestrian,Jumping,"MATHY, Francois",BEL,Men,team,X,Bronze
Montreal,1976,Equestrian,Jumping,"VAN PAESSCHEN, Stanny",BEL,Men,team,X,Bronze
Montreal,1976,Equestrian,Jumping,"WAUTERS, Eric",BEL,Men,team,X,Bronze
Montreal,1976,Equestrian,Jumping,"PAROT, Hubert",FRA,Men,team,X,Gold
Montreal,1976,Equestrian,Jumping,"ROCHE, Michel",FRA,Men,team,X,Gold
Montreal,1976,Equestrian,Jumping,"ROGUET, Marc",FRA,Men,team,X,Gold
Montreal,1976,Equestrian,Jumping,"ROZIER, Jean Marcel",FRA,Men,team,X,Gold
Montreal,1976,Equestrian,Jumping,"SCHOCKEMÖHLE, Alwin",FRG,Men,team,X,Silver
Montreal,1976,Equestrian,Jumping,"SCHOCKEMÖHLE, Paul",FRG,Men,team,X,Silver
Montreal,1976,Equestrian,Jumping,"SÖNKSEN, Sönke",FRG,Men,team,X,Silver
Montreal,1976,Equestrian,Jumping,"WINKLER, Hans Günter",FRG,Men,team,X,Silver
Montreal,1976,Fencing,Fencing,"KULCSAR, Gyözö",HUN,Men,épée individual,M,Bronze
Montreal,1976,Fencing,Fencing,"PUSCH, Alexander",FRG,Men,épée individual,M,Gold
Montreal,1976,Fencing,Fencing,"HEHN, Hans-Jürgen",FRG,Men,épée individual,M,Silver
Montreal,1976,Fencing,Fencing,"EVEQUOZ, Jean-Blaise",SUI,Men,épée team,M,Bronze
Montreal,1976,Fencing,Fencing,"GIGER, Daniel",SUI,Men,épée team,M,Bronze
Montreal,1976,Fencing,Fencing,"KAUTER, Christian",SUI,Men,épée team,M,Bronze
Montreal,1976,Fencing,Fencing,"POFFET, Michel",SUI,Men,épée team,M,Bronze
Montreal,1976,Fencing,Fencing,"SUCHANECKI, Francois",SUI,Men,épée team,M,Bronze
Montreal,1976,Fencing,Fencing,"EDLING, Rolf",SWE,Men,épée team,M,Gold
Montreal,1976,Fencing,Fencing,"FLODSTRÖM, Göran",SWE,Men,épée team,M,Gold
Montreal,1976,Fencing,Fencing,"HÖGSTRÖM, Leif",SWE,Men,épée team,M,Gold
Montreal,1976,Fencing,Fencing,"JACOBSON, Hans",SWE,Men,épée team,M,Gold
Montreal,1976,Fencing,Fencing,"VON ESSEN, Carl",SWE,Men,épée team,M,Gold
Montreal,1976,Fencing,Fencing,"BEHR, Reinhold",FRG,Men,épée team,M,Silver
Montreal,1976,Fencing,Fencing,"FISCHER, Volker",FRG,Men,épée team,M,Silver
Montreal,1976,Fencing,Fencing,"HEHN, Hans-Jürgen",FRG,Men,épée team,M,Silver
Montreal,1976,Fencing,Fencing,"PUSCH, Alexander",FRG,Men,épée team,M,Silver
Montreal,1976,Fencing,Fencing,"TALVARD, Bernard",FRA,Men,foil individual,M,Bronze
Montreal,1976,Fencing,Fencing,"DAL ZOTTO, Fabio",ITA,Men,foil individual,M,Gold
Montreal,1976,Fencing,Fencing,"ROMANKOV, Aleksander",URS,Men,foil individual,M,Silver
Montreal,1976,Fencing,Fencing,"NOVIKOVA-BELOVA, Elena",URS,Women,foil individual,W,Bronze
Montreal,1976,Fencing,Fencing,"SCHWARCZENBERGER, Ildiko",HUN,Women,foil individual,W,Gold
Montreal,1976,Fencing,Fencing,"COLLINO, Maria Consolata",ITA,Women,foil individual,W,Silver
Montreal,1976,Fencing,Fencing,"FLAMENT, Didier",FRA,Men,foil team,M,Bronze
Montreal,1976,Fencing,Fencing,"NOËL, Christian",FRA,Men,foil team,M,Bronze
Montreal,1976,Fencing,Fencing,"PIETRUSZKA, Frederic",FRA,Men,foil team,M,Bronze
Montreal,1976,Fencing,Fencing,"REVENU, Daniel",FRA,Men,foil team,M,Bronze
Montreal,1976,Fencing,Fencing,"TALVARD, Bernard",FRA,Men,foil team,M,Bronze
Montreal,1976,Fencing,Fencing,"BACH, Thomas",FRG,Men,foil team,M,Gold
Montreal,1976,Fencing,Fencing,"BEHR, Matthias",FRG,Men,foil team,M,Gold
Montreal,1976,Fencing,Fencing,"HEIN, Harald",FRG,Men,foil team,M,Gold
Montreal,1976,Fencing,Fencing,"REICHERT, Klaus",FRG,Men,foil team,M,Gold
Montreal,1976,Fencing,Fencing,"SENS-GORIUS, Erk",FRG,Men,foil team,M,Gold
Montreal,1976,Fencing,Fencing,"CALATRONI, Attilio",ITA,Men,foil team,M,Silver
Montreal,1976,Fencing,Fencing,"COLETTI, Giovanni Battista",ITA,Men,foil team,M,Silver
Montreal,1976,Fencing,Fencing,"DAL ZOTTO, Fabio",ITA,Men,foil team,M,Silver
Montreal,1976,Fencing,Fencing,"MONTANO, Carlo",ITA,Men,foil team,M,Silver
