Barcelona,1992,Football,Football,"JIMENEZ SISTACHS, Antonio",ESP,Men,football,M,Gold
Barcelona,1992,Football,Football,"LASA GOICOECHEA, Mikel",ESP,Men,football,M,Gold
Barcelona,1992,Football,Football,"LOPEZ MARTINEZ, Juan",ESP,Men,football,M,Gold
Barcelona,1992,Football,Football,"MARTINEZ GARCIA, Luis Enrique",ESP,Men,football,M,Gold
Barcelona,1992,Football,Football,"NARVAEZ, Quico",ESP,Men,football,M,Gold
Barcelona,1992,Football,Football,"PEREZ MUÑOZ, Alfonso",ESP,Men,football,M,Gold
Barcelona,1992,Football,Football,"SOLOZABAL VILLANUEVA, Roberto",ESP,Men,football,M,Gold
Barcelona,1992,Football,Football,"BRZECZEK, Jerzy",POL,Men,football,M,Silver
Barcelona,1992,Football,Football,"GESIOR, Dariusz",POL,Men,football,M,Silver
Barcelona,1992,Football,Football,"JALOCHA, Marcin",POL,Men,football,M,Silver
Barcelona,1992,Football,Football,"JUSKOWIAK, Andrzej",POL,Men,football,M,Silver
Barcelona,1992,Football,Football,"KLAK, Aleksander",POL,Men,football,M,Silver
Barcelona,1992,Football,Football,"KOBYLANSKI, Andrzej",POL,Men,football,M,Silver
Barcelona,1992,Football,Football,"KOWALCZYK, Wojciech",POL,Men,football,M,Silver
Barcelona,1992,Football,Football,"KOZMINSKI, Marek",POL,Men,football,M,Silver
Barcelona,1992,Football,Football,"LAPINSKI, Tomasz",POL,Men,football,M,Silver
Barcelona,1992,Football,Football,"STANIEK, Ryszard",POL,Men,football,M,Silver
Barcelona,1992,Football,Football,"SWIERCZEWSKI, Piotr",POL,Men,football,M,Silver
Barcelona,1992,Football,Football,"WALDOCH, Tomasz",POL,Men,football,M,Silver
Barcelona,1992,Gymnastics,Artistic G.,"LYSSENKO, Tatiana",EUN,Women,balance beam,W,Gold
Barcelona,1992,Gymnastics,Artistic G.,"LU, Li",CHN,Women,balance beam,W,Silver
Barcelona,1992,Gymnastics,Artistic G.,"MILLER, Shannon",USA,Women,balance beam,W,Silver
Barcelona,1992,Gymnastics,Artistic G.,"LI, Xiaosahuang",CHN,Men,floor exercises,M,Gold
Barcelona,1992,Gymnastics,Artistic G.,"IKETANI, Yukio",JPN,Men,floor exercises,M,Silver
Barcelona,1992,Gymnastics,Artistic G.,"MISUTIN, Grigori",EUN,Men,floor exercises,M,Silver
Barcelona,1992,Gymnastics,Artistic G.,"BONTAS, Cristina",ROU,Women,floor exercises,W,Bronze
Barcelona,1992,Gymnastics,Artistic G.,"GOUTSOU, Tatiana",EUN,Women,floor exercises,W,Bronze
Barcelona,1992,Gymnastics,Artistic G.,"MILLER, Shannon",USA,Women,floor exercises,W,Bronze
Barcelona,1992,Gymnastics,Artistic G.,"MILOSOVICI, Lavinia Corina",ROU,Women,floor exercises,W,Gold
Barcelona,1992,Gymnastics,Artistic G.,"ONODI, Henrietta",HUN,Women,floor exercises,W,Silver
Barcelona,1992,Gymnastics,Artistic G.,"DIMAS, Trent",USA,Men,horizontal bar,M,Gold
Barcelona,1992,Gymnastics,Artistic G.,"MISUTIN, Grigori",EUN,Men,horizontal bar,M,Silver
Barcelona,1992,Gymnastics,Artistic G.,"WECKER, Andreas",GER,Men,horizontal bar,M,Silver
Barcelona,1992,Gymnastics,Artistic G.,"BELENKI, Valeri",EUN,Men,individual all-round,M,Bronze
Barcelona,1992,Gymnastics,Artistic G.,"SCHERBO, Vitaly",EUN,Men,individual all-round,M,Gold
Barcelona,1992,Gymnastics,Artistic G.,"MISUTIN, Grigori",EUN,Men,individual all-round,M,Silver
Barcelona,1992,Gymnastics,Artistic G.,"MILOSOVICI, Lavinia Corina",ROU,Women,individual all-round,W,Bronze
Barcelona,1992,Gymnastics,Artistic G.,"GOUTSOU, Tatiana",EUN,Women,individual all-round,W,Gold
Barcelona,1992,Gymnastics,Artistic G.,"MILLER, Shannon",USA,Women,individual all-round,W,Silver
Barcelona,1992,Gymnastics,Artistic G.,"GUO, Linyao",CHN,Men,parallel bars,M,Bronze
Barcelona,1992,Gymnastics,Artistic G.,"KOROBCHINSKI, Igor",EUN,Men,parallel bars,M,Bronze
Barcelona,1992,Gymnastics,Artistic G.,"MATSUNAGA, Masayuki",JPN,Men,parallel bars,M,Bronze
Barcelona,1992,Gymnastics,Artistic G.,"SCHERBO, Vitaly",EUN,Men,parallel bars,M,Gold
Barcelona,1992,Gymnastics,Artistic G.,"LI, Jing",CHN,Men,parallel bars,M,Silver
Barcelona,1992,Gymnastics,Artistic G.,"WECKER, Andreas",GER,Men,pommel horse,M,Bronze
Barcelona,1992,Gymnastics,Artistic G.,"PAE, Gil-Su",PRK,Men,pommel horse,M,Gold
Barcelona,1992,Gymnastics,Artistic G.,"SCHERBO, Vitaly",EUN,Men,pommel horse,M,Gold
Barcelona,1992,Gymnastics,Artistic G.,"LI, Xiaosahuang",CHN,Men,rings,M,Bronze
Barcelona,1992,Gymnastics,Artistic G.,"WECKER, Andreas",GER,Men,rings,M,Bronze
Barcelona,1992,Gymnastics,Artistic G.,"SCHERBO, Vitaly",EUN,Men,rings,M,Gold
Barcelona,1992,Gymnastics,Artistic G.,"LI, Jing",CHN,Men,rings,M,Silver
Barcelona,1992,Gymnastics,Artistic G.,"AIHARA, Yutaka",JPN,Men,team competition,M,Bronze
Barcelona,1992,Gymnastics,Artistic G.,"CHINEN, Takashi",JPN,Men,team competition,M,Bronze
Barcelona,1992,Gymnastics,Artistic G.,"HATAKEDA, Yoshiaki",JPN,Men,team competition,M,Bronze
Barcelona,1992,Gymnastics,Artistic G.,"IKETANI, Yukio",JPN,Men,team competition,M,Bronze
Barcelona,1992,Gymnastics,Artistic G.,"MATSUNAGA, Masayuki",JPN,Men,team competition,M,Bronze
Barcelona,1992,Gymnastics,Artistic G.,"NISHIKAWA, Daisuke",JPN,Men,team competition,M,Bronze
Barcelona,1992,Gymnastics,Artistic G.,"BELENKI, Valeri",EUN,Men,team competition,M,Gold
Barcelona,1992,Gymnastics,Artistic G.,"KOROBCHINSKI, Igor",EUN,Men,team competition,M,Gold
Barcelona,1992,Gymnastics,Artistic G.,"MISUTIN, Grigori",EUN,Men,team competition,M,Gold
Barcelona,1992,Gymnastics,Artistic G.,"SCHERBO, Vitaly",EUN,Men,team competition,M,Gold
Barcelona,1992,Gymnastics,Artistic G.,"SHARIPOV, Roustam",EUN,Men,team competition,M,Gold
Barcelona,1992,Gymnastics,Artistic G.,"VOROPAEV, Aleksei",EUN,Men,team competition,M,Gold
Barcelona,1992,Gymnastics,Artistic G.,"GUO, Linyao",CHN,Men,team competition,M,Silver
Barcelona,1992,Gymnastics,Artistic G.,"LI, Chunyang",CHN,Men,team competition,M,Silver
Barcelona,1992,Gymnastics,Artistic G.,"LI, Dashuang",CHN,Men,team competition,M,Silver
Barcelona,1992,Gymnastics,Artistic G.,"LI, Ge",CHN,Men,team competition,M,Silver
Barcelona,1992,Gymnastics,Artistic G.,"LI, Jing",CHN,Men,team competition,M,Silver
Barcelona,1992,Gymnastics,Artistic G.,"LI, Xiaosahuang",CHN,Men,team competition,M,Silver
Barcelona,1992,Gymnastics,Artistic G.,"BRUCE, Wendy",USA,Women,team competition,W,Bronze
Barcelona,1992,Gymnastics,Artistic G.,"DAWES, Dominique",USA,Women,team competition,W,Bronze
Barcelona,1992,Gymnastics,Artistic G.,"MILLER, Shannon",USA,Women,team competition,W,Bronze
Barcelona,1992,Gymnastics,Artistic G.,"OKINO, Betty",USA,Women,team competition,W,Bronze
Barcelona,1992,Gymnastics,Artistic G.,"STRUG, Kerri",USA,Women,team competition,W,Bronze
Barcelona,1992,Gymnastics,Artistic G.,"ZMESKAL, Kim",USA,Women,team competition,W,Bronze
Barcelona,1992,Gymnastics,Artistic G.,"BOGUINSKAIA, Svetlana",EUN,Women,team competition,W,Gold
Barcelona,1992,Gymnastics,Artistic G.,"CHUSOVITINA, Oxana.",EUN,Women,team competition,W,Gold
Barcelona,1992,Gymnastics,Artistic G.,"GALIEVA, Roza",EUN,Women,team competition,W,Gold
Barcelona,1992,Gymnastics,Artistic G.,"GOUTSOU, Tatiana",EUN,Women,team competition,W,Gold
Barcelona,1992,Gymnastics,Artistic G.,"GROUDNEVA, Elena",EUN,Women,team competition,W,Gold
Barcelona,1992,Gymnastics,Artistic G.,"LYSSENKO, Tatiana",EUN,Women,team competition,W,Gold
Barcelona,1992,Gymnastics,Artistic G.,"BONTAS, Cristina",ROU,Women,team competition,W,Silver
Barcelona,1992,Gymnastics,Artistic G.,"GOGEAN, Gina Elena",ROU,Women,team competition,W,Silver
Barcelona,1992,Gymnastics,Artistic G.,"HADAREAN, Vanda Maria",ROU,Women,team competition,W,Silver
Barcelona,1992,Gymnastics,Artistic G.,"MILOSOVICI, Lavinia Corina",ROU,Women,team competition,W,Silver
Barcelona,1992,Gymnastics,Artistic G.,"NECULITA, Maria",ROU,Women,team competition,W,Silver
Barcelona,1992,Gymnastics,Artistic G.,"PASCA, Mirela Ana",ROU,Women,team competition,W,Silver
Barcelona,1992,Gymnastics,Artistic G.,"MILLER, Shannon",USA,Women,uneven bars,W,Bronze
Barcelona,1992,Gymnastics,Artistic G.,"LU, Li",CHN,Women,uneven bars,W,Gold
Barcelona,1992,Gymnastics,Artistic G.,"GOUTSOU, Tatiana",EUN,Women,uneven bars,W,Silver
Barcelona,1992,Gymnastics,Artistic G.,"YOO, Ok Ryul",KOR,Men,vault,M,Bronze
Barcelona,1992,Gymnastics,Artistic G.,"SCHERBO, Vitaly",EUN,Men,vault,M,Gold
Barcelona,1992,Gymnastics,Artistic G.,"MISUTIN, Grigori",EUN,Men,vault,M,Silver
Barcelona,1992,Gymnastics,Artistic G.,"LYSSENKO, Tatiana",EUN,Women,vault,W,Bronze
Barcelona,1992,Gymnastics,Artistic G.,"MILOSOVICI, Lavinia Corina",ROU,Women,vault,W,Gold
Barcelona,1992,Gymnastics,Artistic G.,"ONODI, Henrietta",HUN,Women,vault,W,Gold
Barcelona,1992,Gymnastics,Rhythmic G.,"SKALDINA, Oksana",EUN,Women,individual all-round,W,Bronze
Barcelona,1992,Gymnastics,Rhythmic G.,"TIMOSHENKO, Alexandra",EUN,Women,individual all-round,W,Gold
Barcelona,1992,Gymnastics,Rhythmic G.,"PASCUAL GRACIA, Carolina",ESP,Women,individual all-round,W,Silver
Barcelona,1992,Handball,Handball,"DEBUREAU, Philippe",FRA,Men,handball,M,Bronze
Barcelona,1992,Handball,Handball,"GARDENT, Philippe",FRA,Men,handball,M,Bronze
Barcelona,1992,Handball,Handball,"LATHOUD, Denis",FRA,Men,handball,M,Bronze
Barcelona,1992,Handball,Handball,"MAHE, Pascal",FRA,Men,handball,M,Bronze
Barcelona,1992,Handball,Handball,"MEDARD, Philippe",FRA,Men,handball,M,Bronze
Barcelona,1992,Handball,Handball,"MONTHUREL, Gael",FRA,Men,handball,M,Bronze
Barcelona,1992,Handball,Handball,"MUNIER, Laurent",FRA,Men,handball,M,Bronze
Barcelona,1992,Handball,Handball,"PEREZ, Frederic",FRA,Men,handball,M,Bronze
Barcelona,1992,Handball,Handball,"PERREUX, Thierry",FRA,Men,handball,M,Bronze
Barcelona,1992,Handball,Handball,"PORTES, Alain",FRA,Men,handball,M,Bronze
Barcelona,1992,Handball,Handball,"QUINTIN, Eric",FRA,Men,handball,M,Bronze
Barcelona,1992,Handball,Handball,"RICHARDSON, Jackson",FRA,Men,handball,M,Bronze
Barcelona,1992,Handball,Handball,"STOECKLIN, Stephane",FRA,Men,handball,M,Bronze
Barcelona,1992,Handball,Handball,"THIEBAUT, Jean-Luc",FRA,Men,handball,M,Bronze
Barcelona,1992,Handball,Handball,"TRISTANT, Denis",FRA,Men,handball,M,Bronze
Barcelona,1992,Handball,Handball,"VOLLE, Frederic",FRA,Men,handball,M,Bronze
Barcelona,1992,Handball,Handball,"BARBACHINSKI, Andrei",EUN,Men,handball,M,Gold
Barcelona,1992,Handball,Handball,"BEBECHKO, Serguei",EUN,Men,handball,M,Gold
Barcelona,1992,Handball,Handball,"DOUICHEBAEV, Talant",EUN,Men,handball,M,Gold
Barcelona,1992,Handball,Handball,"GAVRILOV, Yuri",EUN,Men,handball,M,Gold
Barcelona,1992,Handball,Handball,"GOPINE, Valeri",EUN,Men,handball,M,Gold
Barcelona,1992,Handball,Handball,"GREBNEV, Oleg",EUN,Men,handball,M,Gold
Barcelona,1992,Handball,Handball,"IAKIMOVITCH, Mikhail",EUN,Men,handball,M,Gold
Barcelona,1992,Handball,Handball,"KISSELEV, Oleg",EUN,Men,handball,M,Gold
Barcelona,1992,Handball,Handball,"KOUDINOV, Vassili",EUN,Men,handball,M,Gold
Barcelona,1992,Handball,Handball,"LAVROV, Andrey",EUN,Men,handball,M,Gold
Barcelona,1992,Handball,Handball,"TCHOUMAK, Igor",EUN,Men,handball,M,Gold
Barcelona,1992,Handball,Handball,"VASSILIEV, Igor",EUN,Men,handball,M,Gold
Barcelona,1992,Handball,Handball,"ANDERSSON, Magnus",SWE,Men,handball,M,Silver
Barcelona,1992,Handball,Handball,"ANDERSSON, Robert",SWE,Men,handball,M,Silver
Barcelona,1992,Handball,Handball,"BACKEGREN, Anders",SWE,Men,handball,M,Silver
Barcelona,1992,Handball,Handball,"CARLEM, Per",SWE,Men,handball,M,Silver
Barcelona,1992,Handball,Handball,"CATO, Magnus",SWE,Men,handball,M,Silver
Barcelona,1992,Handball,Handball,"HAJAS, Erik",SWE,Men,handball,M,Silver
Barcelona,1992,Handball,Handball,"HEDIN, Robert",SWE,Men,handball,M,Silver
Barcelona,1992,Handball,Handball,"LILJESTRAND, Patrik",SWE,Men,handball,M,Silver
Barcelona,1992,Handball,Handball,"LINDGREN, Ola",SWE,Men,handball,M,Silver
Barcelona,1992,Handball,Handball,"OLSSON, Mats",SWE,Men,handball,M,Silver
Barcelona,1992,Handball,Handball,"OLSSON, Staffan",SWE,Men,handball,M,Silver
Barcelona,1992,Handball,Handball,"SJOEBLAD, Axel",SWE,Men,handball,M,Silver
Barcelona,1992,Handball,Handball,"SUORANIEMI, Tommy",SWE,Men,handball,M,Silver
Barcelona,1992,Handball,Handball,"SVENSSON, Tomas",SWE,Men,handball,M,Silver
Barcelona,1992,Handball,Handball,"THORSSON, Pierre",SWE,Men,handball,M,Silver
Barcelona,1992,Handball,Handball,"WISLANDER, Magnus",SWE,Men,handball,M,Silver
Barcelona,1992,Handball,Handball,"ANISIMOVA, Natalya",EUN,Women,handball,W,Bronze
Barcelona,1992,Handball,Handball,"BAZANOVA, Marina",EUN,Women,handball,W,Bronze
Barcelona,1992,Handball,Handball,"BOGDANOVA, Svetlana",EUN,Women,handball,W,Bronze
Barcelona,1992,Handball,Handball,"BORZENKOVA, Galina",EUN,Women,handball,W,Bronze
Barcelona,1992,Handball,Handball,"DERIOUGUINA, Natalia",EUN,Women,handball,W,Bronze
Barcelona,1992,Handball,Handball,"DJANDJGAVA, Tatiana",EUN,Women,handball,W,Bronze
Barcelona,1992,Handball,Handball,"GORB, Tatiana",EUN,Women,handball,W,Bronze
Barcelona,1992,Handball,Handball,"GOUDZ, Lioudmila",EUN,Women,handball,W,Bronze
Barcelona,1992,Handball,Handball,"GOUSSEVA, Elina",EUN,Women,handball,W,Bronze
Barcelona,1992,Handball,Handball,"KISSELEVA, Larissa",EUN,Women,handball,W,Bronze
Barcelona,1992,Handball,Handball,"MORSKOVA, Natalia",EUN,Women,handball,W,Bronze
Barcelona,1992,Handball,Handball,"ONOPRIENKO, Galina",EUN,Women,handball,W,Bronze
Barcelona,1992,Handball,Handball,"PRIAHINA, Svetlana",EUN,Women,handball,W,Bronze
Barcelona,1992,Handball,Handball,"CHA, Jae-Kyung",KOR,Women,handball,W,Gold
Barcelona,1992,Handball,Handball,"HONG, Jeong-Ho",KOR,Women,handball,W,Gold
Barcelona,1992,Handball,Handball,"JANG, Ri-Ra",KOR,Women,handball,W,Gold
Barcelona,1992,Handball,Handball,"KIM, Hwa-Sook",KOR,Women,handball,W,Gold
Barcelona,1992,Handball,Handball,"LEE, Ho-Youn",KOR,Women,handball,W,Gold
Barcelona,1992,Handball,Handball,"LEE, Mi-Young",KOR,Women,handball,W,Gold
Barcelona,1992,Handball,Handball,"LIM, O Kyeong",KOR,Women,handball,W,Gold
Barcelona,1992,Handball,Handball,"MIN, Hye-Sook",KOR,Women,handball,W,Gold
Barcelona,1992,Handball,Handball,"MOON, Hyang-Ja",KOR,Women,handball,W,Gold
Barcelona,1992,Handball,Handball,"NAM, Eun-Young",KOR,Women,handball,W,Gold
Barcelona,1992,Handball,Handball,"OH, Seongok",KOR,Women,handball,W,Gold
Barcelona,1992,Handball,Handball,"PARK, Jeong-Lim",KOR,Women,handball,W,Gold
Barcelona,1992,Handball,Handball,"PARK, Kap-Sook",KOR,Women,handball,W,Gold
Barcelona,1992,Handball,Handball,"DAHLE, Mona",NOR,Women,handball,W,Silver
Barcelona,1992,Handball,Handball,"DUVHOLT, Kristine",NOR,Women,handball,W,Silver
Barcelona,1992,Handball,Handball,"EFTEDAL, Siri",NOR,Women,handball,W,Silver
Barcelona,1992,Handball,Handball,"FROSETH, Hege Kirsti",NOR,Women,handball,W,Silver
Barcelona,1992,Handball,Handball,"GOKSOR, Susann",NOR,Women,handball,W,Silver
Barcelona,1992,Handball,Handball,"HENRIKSEN, Henriette",NOR,Women,handball,W,Silver
Barcelona,1992,Handball,Handball,"HOGNESS, Hanne",NOR,Women,handball,W,Silver
Barcelona,1992,Handball,Handball,"PETTERSEN, Karin",NOR,Women,handball,W,Silver
Barcelona,1992,Handball,Handball,"SAGSTUEN, Tonje",NOR,Women,handball,W,Silver
Barcelona,1992,Handball,Handball,"SKOTVOLL, Annette",NOR,Women,handball,W,Silver
Barcelona,1992,Handball,Handball,"STEEN, Ingrid",NOR,Women,handball,W,Silver
Barcelona,1992,Handball,Handball,"SUNDAL, Heidi",NOR,Women,handball,W,Silver
Barcelona,1992,Handball,Handball,"SVENDSEN, Cathrine",NOR,Women,handball,W,Silver
Barcelona,1992,Handball,Handball,"TJUGUM, Heidi Maire",NOR,Women,handball,W,Silver
Barcelona,1992,Hockey,Hockey,"ANJUM, Saeed",PAK,Men,hockey,M,Bronze
Barcelona,1992,Hockey,Hockey,"FARHAT, Hasan Khan",PAK,Men,hockey,M,Bronze
Barcelona,1992,Hockey,Hockey,"KHALID, Bashir",PAK,Men,hockey,M,Bronze
Barcelona,1992,Hockey,Hockey,"KHAWAJA, Muhammad Junaid",PAK,Men,hockey,M,Bronze
Barcelona,1992,Hockey,Hockey,"MANSOOR, Ahmed",PAK,Men,hockey,M,Bronze
Barcelona,1992,Hockey,Hockey,"MUHAMMAD, Asif Bajwa",PAK,Men,hockey,M,Bronze
Barcelona,1992,Hockey,Hockey,"MUHAMMAD, Ikhlaq",PAK,Men,hockey,M,Bronze
Barcelona,1992,Hockey,Hockey,"MUHAMMAD, Khalid",PAK,Men,hockey,M,Bronze
Barcelona,1992,Hockey,Hockey,"MUHAMMAD, Qamar Ibrahim",PAK,Men,hockey,M,Bronze
Barcelona,1992,Hockey,Hockey,"MUSADDAQ, Hussain",PAK,Men,hockey,M,Bronze
Barcelona,1992,Hockey,Hockey,"RANA, Mujahid Ali",PAK,Men,hockey,M,Bronze
Barcelona,1992,Hockey,Hockey,"SHAHBAZ, Ahmed",PAK,Men,hockey,M,Bronze
Barcelona,1992,Hockey,Hockey,"SHAHBAZ, Muhammad",PAK,Men,hockey,M,Bronze
Barcelona,1992,Hockey,Hockey,"SHAHID, Ali Khan",PAK,Men,hockey,M,Bronze
Barcelona,1992,Hockey,Hockey,"TAHIR, Zaman",PAK,Men,hockey,M,Bronze
Barcelona,1992,Hockey,Hockey,"WASIM, Feroz",PAK,Men,hockey,M,Bronze
Barcelona,1992,Hockey,Hockey,"BECKER, Andreas",GER,Men,hockey,M,Gold
Barcelona,1992,Hockey,Hockey,"BLUNCK, Christian",GER,Men,hockey,M,Gold
Barcelona,1992,Hockey,Hockey,"FISCHER, Carsten",GER,Men,hockey,M,Gold
Barcelona,1992,Hockey,Hockey,"FRIED, Volker",GER,Men,hockey,M,Gold
Barcelona,1992,Hockey,Hockey,"HILGERS, Michael",GER,Men,hockey,M,Gold
Barcelona,1992,Hockey,Hockey,"KELLER, Andreas",GER,Men,hockey,M,Gold
Barcelona,1992,Hockey,Hockey,"KNAUTH, Michael",GER,Men,hockey,M,Gold
Barcelona,1992,Hockey,Hockey,"KURTZ, Oliver Michael",GER,Men,hockey,M,Gold
Barcelona,1992,Hockey,Hockey,"MAYERHÖFER, Christian",GER,Men,hockey,M,Gold
Barcelona,1992,Hockey,Hockey,"MEINHARDT, Sven",GER,Men,hockey,M,Gold
Barcelona,1992,Hockey,Hockey,"METZ, Michael",GER,Men,hockey,M,Gold
Barcelona,1992,Hockey,Hockey,"MICHLER, Klaus",GER,Men,hockey,M,Gold
Barcelona,1992,Hockey,Hockey,"REITZ, Christopher",GER,Men,hockey,M,Gold
Barcelona,1992,Hockey,Hockey,"SALIGER, Stefan",GER,Men,hockey,M,Gold
Barcelona,1992,Hockey,Hockey,"TEWES, Jan-Peter",GER,Men,hockey,M,Gold
Barcelona,1992,Hockey,Hockey,"TEWES, Stefan",GER,Men,hockey,M,Gold
Barcelona,1992,Hockey,Hockey,"BESTALL, John Roderick",AUS,Men,hockey,M,Silver
Barcelona,1992,Hockey,Hockey,"BIRMINGHAM, Warren",AUS,Men,hockey,M,Silver
Barcelona,1992,Hockey,Hockey,"BODIMEADE, Lee",AUS,Men,hockey,M,Silver
Barcelona,1992,Hockey,Hockey,"CAREY, Ashley",AUS,Men,hockey,M,Silver
Barcelona,1992,Hockey,Hockey,"CORBITT, Gregory",AUS,Men,hockey,M,Silver
Barcelona,1992,Hockey,Hockey,"DAVIES, Stephen",AUS,Men,hockey,M,Silver
Barcelona,1992,Hockey,Hockey,"DILETTI, Damon",AUS,Men,hockey,M,Silver
Barcelona,1992,Hockey,Hockey,"DREHER, Lachlan",AUS,Men,hockey,M,Silver
Barcelona,1992,Hockey,Hockey,"ELMER, Lachlan",AUS,Men,hockey,M,Silver
Barcelona,1992,Hockey,Hockey,"EVANS, Dean",AUS,Men,hockey,M,Silver
Barcelona,1992,Hockey,Hockey,"LEWIS, Paul Snowden",AUS,Men,hockey,M,Silver
Barcelona,1992,Hockey,Hockey,"REID, Graham",AUS,Men,hockey,M,Silver
Barcelona,1992,Hockey,Hockey,"STACEY, Jay Jason",AUS,Men,hockey,M,Silver
Barcelona,1992,Hockey,Hockey,"WANSBROUGH, David",AUS,Men,hockey,M,Silver
Barcelona,1992,Hockey,Hockey,"WARK, Kenneth",AUS,Men,hockey,M,Silver
Barcelona,1992,Hockey,Hockey,"YORK, Michael",AUS,Men,hockey,M,Silver
Barcelona,1992,Hockey,Hockey,"ATKINS, Gillian",GBR,Women,hockey,W,Bronze
Barcelona,1992,Hockey,Hockey,"BAYLISS, Lisa Jayne",GBR,Women,hockey,W,Bronze
Barcelona,1992,Hockey,Hockey,"BROWN, Karen",GBR,Women,hockey,W,Bronze
Barcelona,1992,Hockey,Hockey,"DIXON, Victoria Jane",GBR,Women,hockey,W,Bronze
Barcelona,1992,Hockey,Hockey,"FRASER, Susan Barbara",GBR,Women,hockey,W,Bronze
Barcelona,1992,Hockey,Hockey,"FRASER, Wendy Katrina",GBR,Women,hockey,W,Bronze
Barcelona,1992,Hockey,Hockey,"JOHNSON, Kathryn Louise",GBR,Women,hockey,W,Bronze
Barcelona,1992,Hockey,Hockey,"LISTER, Sandie",GBR,Women,hockey,W,Bronze
Barcelona,1992,Hockey,Hockey,"MCWILLIAMS, Jackie Amanda",GBR,Women,hockey,W,Bronze
Barcelona,1992,Hockey,Hockey,"MILLER, Tammy Kelly",GBR,Women,hockey,W,Bronze
Barcelona,1992,Hockey,Hockey,"MORGAN, Helen Jane",GBR,Women,hockey,W,Bronze
Barcelona,1992,Hockey,Hockey,"NEVILL, Mary Elizabeth",GBR,Women,hockey,W,Bronze
Barcelona,1992,Hockey,Hockey,"NICHOLLS, Mandy",GBR,Women,hockey,W,Bronze
Barcelona,1992,Hockey,Hockey,"RAMSAY, Alison Gail",GBR,Women,hockey,W,Bronze
Barcelona,1992,Hockey,Hockey,"SIXSMITH, Jane Theresa",GBR,Women,hockey,W,Bronze
Barcelona,1992,Hockey,Hockey,"THOMPSON, Joanne Sarah",GBR,Women,hockey,W,Bronze
Barcelona,1992,Hockey,Hockey,"BAREA, Maria Del Carme N",ESP,Women,hockey,W,Gold
Barcelona,1992,Hockey,Hockey,"BARRIO, Sonia",ESP,Women,hockey,W,Gold
Barcelona,1992,Hockey,Hockey,"COGHEN ALBERDINGO, Mercedes",ESP,Women,hockey,W,Gold
Barcelona,1992,Hockey,Hockey,"CORRES GINER, Celia",ESP,Women,hockey,W,Gold
Barcelona,1992,Hockey,Hockey,"DORADO, Natalia",ESP,Women,hockey,W,Gold
Barcelona,1992,Hockey,Hockey,"GABELLANES, Nagore",ESP,Women,hockey,W,Gold
Barcelona,1992,Hockey,Hockey,"GONZALEZ, Maria",ESP,Women,hockey,W,Gold
Barcelona,1992,Hockey,Hockey,"MAIQUES DERN, Ana",ESP,Women,hockey,W,Gold
Barcelona,1992,Hockey,Hockey,"MANRIQUE, Silvia",ESP,Women,hockey,W,Gold
Barcelona,1992,Hockey,Hockey,"MARAGALL VERGE, Elisabeth",ESP,Women,hockey,W,Gold
Barcelona,1992,Hockey,Hockey,"MARTINEZ DE MURGUIA, Maria",ESP,Women,hockey,W,Gold
Barcelona,1992,Hockey,Hockey,"MOTOS, Teresa",ESP,Women,hockey,W,Gold
Barcelona,1992,Hockey,Hockey,"OLIVE VANCELLS, Nuria",ESP,Women,hockey,W,Gold
Barcelona,1992,Hockey,Hockey,"RAMIREZ MERINO, Virginia",ESP,Women,hockey,W,Gold
Barcelona,1992,Hockey,Hockey,"RODRIGUEZ SUAREZ, Maria",ESP,Women,hockey,W,Gold
Barcelona,1992,Hockey,Hockey,"TELLERIA, Maider",ESP,Women,hockey,W,Gold
Barcelona,1992,Hockey,Hockey,"BECKER, Britta",GER,Women,hockey,W,Silver
Barcelona,1992,Hockey,Hockey,"DICKENSCHEID, Tanja Roswitha",GER,Women,hockey,W,Silver
Barcelona,1992,Hockey,Hockey,"ERNSTING-KRIENKE, Nadine",GER,Women,hockey,W,Silver
Barcelona,1992,Hockey,Hockey,"FERNECK, Christina Stephanie",GER,Women,hockey,W,Silver
Barcelona,1992,Hockey,Hockey,"HAGENBÄUMER, Eva",GER,Women,hockey,W,Silver
Barcelona,1992,Hockey,Hockey,"HENTSCHEL, Franziska",GER,Women,hockey,W,Silver
Barcelona,1992,Hockey,Hockey,"JUNGJOHANN, Caren",GER,Women,hockey,W,Silver
Barcelona,1992,Hockey,Hockey,"KAUSCHKE, Katrin",GER,Women,hockey,W,Silver
Barcelona,1992,Hockey,Hockey,"KUHNT, Irina",GER,Women,hockey,W,Silver
Barcelona,1992,Hockey,Hockey,"LAETZSCH, Heike",GER,Women,hockey,W,Silver
Barcelona,1992,Hockey,Hockey,"MÜLLER, Susanne",GER,Women,hockey,W,Silver
Barcelona,1992,Hockey,Hockey,"PETERS, Kristina",GER,Women,hockey,W,Silver
Barcelona,1992,Hockey,Hockey,"THOMASCHINSKI, Simone Heike",GER,Women,hockey,W,Silver
Barcelona,1992,Hockey,Hockey,"WEISS, Bianca Margot",GER,Women,hockey,W,Silver
Barcelona,1992,Hockey,Hockey,"WILD, Anke",GER,Women,hockey,W,Silver
Barcelona,1992,Hockey,Hockey,"WOLLSCHLAGER, Susanne",GER,Women,hockey,W,Silver
Barcelona,1992,Judo,Judo,"SAVON, Amarilys",CUB,Women,- 48kg (extra-lightweight),W,Bronze
Barcelona,1992,Judo,Judo,"SENYURT, Hulya",TUR,Women,- 48kg (extra-lightweight),W,Bronze
Barcelona,1992,Judo,Judo,"NOWAK, Cecile",FRA,Women,- 48kg (extra-lightweight),W,Gold
Barcelona,1992,Judo,Judo,"TANI, Ryoko",JPN,Women,- 48kg (extra-lightweight),W,Silver
Barcelona,1992,Judo,Judo,"KOSHINO, Tadanori",JPN,Men,- 60 kg,M,Bronze
Barcelona,1992,Judo,Judo,"TRAUTMANN, Richard",GER,Men,- 60 kg,M,Bronze
Barcelona,1992,Judo,Judo,"GUSEYNOV, Nazim",EUN,Men,- 60 kg,M,Gold
Barcelona,1992,Judo,Judo,"YOON, Hyun",KOR,Men,- 60 kg,M,Silver
Barcelona,1992,Judo,Judo,"LUPINO, Natalia",FRA,Women,+ 72kg (heavyweight),W,Bronze
Barcelona,1992,Judo,Judo,"SAKAUE, Yoko",JPN,Women,+ 72kg (heavyweight),W,Bronze
Barcelona,1992,Judo,Judo,"ZHUANG, Xiaoyan",CHN,Women,+ 72kg (heavyweight),W,Gold
Barcelona,1992,Judo,Judo,"RODRIGUEZ VILLANUEVA, Estela",CUB,Women,+ 72kg (heavyweight),W,Silver
Barcelona,1992,Judo,Judo,"CSOSZ, Imre",HUN,Men,+ 95kg (heavyweight),M,Bronze
Barcelona,1992,Judo,Judo,"DOUILLET, David",FRA,Men,+ 95kg (heavyweight),M,Bronze
Barcelona,1992,Judo,Judo,"KHAKHALEICHVILI, David",EUN,Men,+ 95kg (heavyweight),M,Gold
Barcelona,1992,Judo,Judo,"OGAWA, Naoya",JPN,Men,+ 95kg (heavyweight),M,Silver
Barcelona,1992,Judo,Judo,"LI, Zhongyun",CHN,Women,48 - 52kg (half-lightweight),W,Bronze
Barcelona,1992,Judo,Judo,"RENDLE, Sharon Susan",GBR,Women,48 - 52kg (half-lightweight),W,Bronze
Barcelona,1992,Judo,Judo,"MUNOZ MARTINEZ, Almudena",ESP,Women,48 - 52kg (half-lightweight),W,Gold
Barcelona,1992,Judo,Judo,"MIZOGUCHI, Noriko",JPN,Women,48 - 52kg (half-lightweight),W,Silver
Barcelona,1992,Judo,Judo,"GONZALEZ, Driulys",CUB,Women,52 - 56kg (lightweight),W,Bronze
Barcelona,1992,Judo,Judo,"TATENO, Chiyori",JPN,Women,52 - 56kg (lightweight),W,Bronze
Barcelona,1992,Judo,Judo,"BLASCO SOTO, Miriam",ESP,Women,52 - 56kg (lightweight),W,Gold
Barcelona,1992,Judo,Judo,"FAIRBROTHER, Nicola Kim",GBR,Women,52 - 56kg (lightweight),W,Silver
Barcelona,1992,Judo,Judo,"PETROVA, Elena",EUN,Women,56 - 61kg (half-middleweight),W,Bronze
Barcelona,1992,Judo,Judo,"ZHANG, Di",CHN,Women,56 - 61kg (half-middleweight),W,Bronze
Barcelona,1992,Judo,Judo,"FLEURY-VACHON, Catherine",FRA,Women,56 - 61kg (half-middleweight),W,Gold
Barcelona,1992,Judo,Judo,"ARAD, Yael",ISR,Women,56 - 61kg (half-middleweight),W,Silver
Barcelona,1992,Judo,Judo,"HERNANDEZ PLANA, Israel",CUB,Men,60 - 65kg (half-lightweight),M,Bronze
Barcelona,1992,Judo,Judo,"QUELLMALZ, Udo",GER,Men,60 - 65kg (half-lightweight),M,Bronze
Barcelona,1992,Judo,Judo,"SAMPAIO CARDOSO, Rogerio",BRA,Men,60 - 65kg (half-lightweight),M,Gold
Barcelona,1992,Judo,Judo,"CSAK, Jozsef",HUN,Men,60 - 65kg (half-lightweight),M,Silver
Barcelona,1992,Judo,Judo,"HOWEY, Kate",GBR,Women,61 - 66kg (middleweight),W,Bronze
Barcelona,1992,Judo,Judo,"RAKELS, Heidi",BEL,Women,61 - 66kg (middleweight),W,Bronze
Barcelona,1992,Judo,Judo,"REVE JIMENEZ, Odalis",CUB,Women,61 - 66kg (middleweight),W,Gold
Barcelona,1992,Judo,Judo,"PIERANTOZZI, Emanuela",ITA,Women,61 - 66kg (middleweight),W,Silver
Barcelona,1992,Judo,Judo,"CHUNG, Hoon",KOR,Men,65 - 71kg (lightweight),M,Bronze
Barcelona,1992,Judo,Judo,"SMADJA, Shay Oren",ISR,Men,65 - 71kg (lightweight),M,Bronze
Barcelona,1992,Judo,Judo,"KOGA, Toshihiko",JPN,Men,65 - 71kg (lightweight),M,Gold
Barcelona,1992,Judo,Judo,"HAJTOS, Bertalan",HUN,Men,65 - 71kg (lightweight),M,Silver
Barcelona,1992,Judo,Judo,"DE KOK, Irene",NED,Women,66 - 72kg (half-heavyweight),W,Bronze
Barcelona,1992,Judo,Judo,"MEIGNAN, Laetitia",FRA,Women,66 - 72kg (half-heavyweight),W,Bronze
Barcelona,1992,Judo,Judo,"KIM, Mi-Jung",KOR,Women,66 - 72kg (half-heavyweight),W,Gold
Barcelona,1992,Judo,Judo,"TANABE, Yoko",JPN,Women,66 - 72kg (half-heavyweight),W,Silver
Barcelona,1992,Judo,Judo,"DAMAISIN, Bertrand",FRA,Men,71 - 78kg (half-middleweight),M,Bronze
Barcelona,1992,Judo,Judo,"KIM, Byung Joo",KOR,Men,71 - 78kg (half-middleweight),M,Bronze
Barcelona,1992,Judo,Judo,"YOSHIDA, Hidehiko",JPN,Men,71 - 78kg (half-middleweight),M,Gold
Barcelona,1992,Judo,Judo,"MORRIS, Jason Newth",USA,Men,71 - 78kg (half-middleweight),M,Silver
Barcelona,1992,Judo,Judo,"GILL, Nicolas",CAN,Men,78 - 86kg (middleweight),M,Bronze
Barcelona,1992,Judo,Judo,"OKADA, Hirotaka",JPN,Men,78 - 86kg (middleweight),M,Bronze
Barcelona,1992,Judo,Judo,"LEGIEN, Waldemar",POL,Men,78 - 86kg (middleweight),M,Gold
Barcelona,1992,Judo,Judo,"TAYOT, Pascal",FRA,Men,78 - 86kg (middleweight),M,Silver
Barcelona,1992,Judo,Judo,"MEIJER, Theo",NED,Men,86 - 95kg (half-heavyweight),M,Bronze
Barcelona,1992,Judo,Judo,"SERGUEEV, Dmitri",EUN,Men,86 - 95kg (half-heavyweight),M,Bronze
Barcelona,1992,Judo,Judo,"KOVACS, Antal",HUN,Men,86 - 95kg (half-heavyweight),M,Gold
Barcelona,1992,Judo,Judo,"STEVENS, Raymond",GBR,Men,86 - 95kg (half-heavyweight),M,Silver
Barcelona,1992,Modern Pentathlon,Modern Pentath.,"ZENOVKA, Edouard",EUN,Men,Individual competition,M,Bronze
Barcelona,1992,Modern Pentathlon,Modern Pentath.,"SKRZYPASZEK, Arkadiusz",POL,Men,Individual competition,M,Gold
Barcelona,1992,Modern Pentathlon,Modern Pentath.,"MIZSER, Attila",HUN,Men,Individual competition,M,Silver
Barcelona,1992,Modern Pentathlon,Modern Pentath.,"BOMPREZZI, Roberto",ITA,Men,Team competition,M,Bronze
Barcelona,1992,Modern Pentathlon,Modern Pentath.,"MASSULLO, Carlo",ITA,Men,Team competition,M,Bronze
Barcelona,1992,Modern Pentathlon,Modern Pentath.,"TIBERTI, Gianluca",ITA,Men,Team competition,M,Bronze
Barcelona,1992,Modern Pentathlon,Modern Pentath.,"CZYZOWICZ, Maciej",POL,Men,Team competition,M,Gold
Barcelona,1992,Modern Pentathlon,Modern Pentath.,"GOZDZIAK, Dariusz",POL,Men,Team competition,M,Gold
Barcelona,1992,Modern Pentathlon,Modern Pentath.,"SKRZYPASZEK, Arkadiusz",POL,Men,Team competition,M,Gold
Barcelona,1992,Modern Pentathlon,Modern Pentath.,"STAROSTIN, Anatoli",EUN,Men,Team competition,M,Silver
Barcelona,1992,Modern Pentathlon,Modern Pentath.,"SVATKOVSKIY, Dmitri",EUN,Men,Team competition,M,Silver
Barcelona,1992,Modern Pentathlon,Modern Pentath.,"ZENOVKA, Edouard",EUN,Men,Team competition,M,Silver
Barcelona,1992,Rowing,Rowing,"FRANK, Antje",GER,Women,coxless four (4-),W,Bronze
Barcelona,1992,Rowing,Rowing,"HOHN, Annette",GER,Women,coxless four (4-),W,Bronze
Barcelona,1992,Rowing,Rowing,"MEHL, Gabriele",GER,Women,coxless four (4-),W,Bronze
Barcelona,1992,Rowing,Rowing,"SIECH, Birte",GER,Women,coxless four (4-),W,Bronze
Barcelona,1992,Rowing,Rowing,"BARNES, Jennifer Kirsten",CAN,Women,coxless four (4-),W,Gold
Barcelona,1992,Rowing,Rowing,"MONROE, Jessica",CAN,Women,coxless four (4-),W,Gold
Barcelona,1992,Rowing,Rowing,"TAYLOR, Brenda Susan",CAN,Women,coxless four (4-),W,Gold
Barcelona,1992,Rowing,Rowing,"WORTHINGTON, Kay Frances",CAN,Women,coxless four (4-),W,Gold
Barcelona,1992,Rowing,Rowing,"DONOHOE, Shelagh",USA,Women,coxless four (4-),W,Silver
Barcelona,1992,Rowing,Rowing,"ECKERT, Cynthia L.",USA,Women,coxless four (4-),W,Silver
Barcelona,1992,Rowing,Rowing,"FEENEY, Carol",USA,Women,coxless four (4-),W,Silver
Barcelona,1992,Rowing,Rowing,"FULLER, Amy",USA,Women,coxless four (4-),W,Silver
Barcelona,1992,Rowing,Rowing,"COP, Iztok",SLO,Men,coxless pair (2-),M,Bronze
Barcelona,1992,Rowing,Rowing,"ZVEGELJ, Denis",SLO,Men,coxless pair (2-),M,Bronze
Barcelona,1992,Rowing,Rowing,"PINSENT, Matthew",GBR,Men,coxless pair (2-),M,Gold
Barcelona,1992,Rowing,Rowing,"REDGRAVE, Steven",GBR,Men,coxless pair (2-),M,Gold
Barcelona,1992,Rowing,Rowing,"ETTINGSHAUSEN, Colin",GER,Men,coxless pair (2-),M,Silver
Barcelona,1992,Rowing,Rowing,"HÖLTZENBEIN, Peter",GER,Men,coxless pair (2-),M,Silver
Barcelona,1992,Rowing,Rowing,"RIENKS, Nico",NED,Men,double sculls (2x),M,Bronze
Barcelona,1992,Rowing,Rowing,"ZWOLLE, Hendrik Jan",NED,Men,double sculls (2x),M,Bronze
Barcelona,1992,Rowing,Rowing,"ANTONIE, Peter",AUS,Men,double sculls (2x),M,Gold
Barcelona,1992,Rowing,Rowing,"HAWKINS, Stephen Mark",AUS,Men,double sculls (2x),M,Gold
Barcelona,1992,Rowing,Rowing,"JONKE, Arnold",AUT,Men,double sculls (2x),M,Silver
Barcelona,1992,Rowing,Rowing,"ZERBST, Christoph",AUT,Men,double sculls (2x),M,Silver
Barcelona,1992,Rowing,Rowing,"GU, Xiaoli",CHN,Women,double sculls (2x),W,Bronze
Barcelona,1992,Rowing,Rowing,"LU, Huali",CHN,Women,double sculls (2x),W,Bronze
Barcelona,1992,Rowing,Rowing,"BORON, Kathrin",GER,Women,double sculls (2x),W,Gold
Barcelona,1992,Rowing,Rowing,"KÖPPEN, Kerstin",GER,Women,double sculls (2x),W,Gold
Barcelona,1992,Rowing,Rowing,"COCHELEA, Veronica",ROU,Women,double sculls (2x),W,Silver
Barcelona,1992,Rowing,Rowing,"LIPA, Elisabeta",ROU,Women,double sculls (2x),W,Silver
Barcelona,1992,Rowing,Rowing,"BAAR, Roland",GER,Men,eight with coxswain (8+),M,Bronze
Barcelona,1992,Rowing,Rowing,"EICHHOLZ, Armin",GER,Men,eight with coxswain (8+),M,Bronze
Barcelona,1992,Rowing,Rowing,"KIRCHHOFF, Detlef",GER,Men,eight with coxswain (8+),M,Bronze
Barcelona,1992,Rowing,Rowing,"KLEIN, Manfred Willi",GER,Men,eight with coxswain (8+),M,Bronze
Barcelona,1992,Rowing,Rowing,"RABE, Bahne",GER,Men,eight with coxswain (8+),M,Bronze
Barcelona,1992,Rowing,Rowing,"RICHTER, Frank Joerg",GER,Men,eight with coxswain (8+),M,Bronze
Barcelona,1992,Rowing,Rowing,"SENNEWALD, Hans",GER,Men,eight with coxswain (8+),M,Bronze
Barcelona,1992,Rowing,Rowing,"STREPPELHOFF, Thorsten",GER,Men,eight with coxswain (8+),M,Bronze
Barcelona,1992,Rowing,Rowing,"WESSLING, Ansgar",GER,Men,eight with coxswain (8+),M,Bronze
Barcelona,1992,Rowing,Rowing,"BARBER, Darren",CAN,Men,eight with coxswain (8+),M,Gold
Barcelona,1992,Rowing,Rowing,"CROSBY, Andrew",CAN,Men,eight with coxswain (8+),M,Gold
Barcelona,1992,Rowing,Rowing,"FORGERON, Michael Joseph",CAN,Men,eight with coxswain (8+),M,Gold
Barcelona,1992,Rowing,Rowing,"MARLAND, Robert Davies",CAN,Men,eight with coxswain (8+),M,Gold
Barcelona,1992,Rowing,Rowing,"PAUL, Terence Michael",CAN,Men,eight with coxswain (8+),M,Gold
Barcelona,1992,Rowing,Rowing,"PORTER, Derek",CAN,Men,eight with coxswain (8+),M,Gold
Barcelona,1992,Rowing,Rowing,"RASCHER, Michael G.",CAN,Men,eight with coxswain (8+),M,Gold
Barcelona,1992,Rowing,Rowing,"ROBERTSON, Bruce",CAN,Men,eight with coxswain (8+),M,Gold
Barcelona,1992,Rowing,Rowing,"WALLACE, John William",CAN,Men,eight with coxswain (8+),M,Gold
Barcelona,1992,Rowing,Rowing,"DOBRE, Danut",ROU,Men,eight with coxswain (8+),M,Silver
Barcelona,1992,Rowing,Rowing,"GHEORGHE, Marin",ROU,Men,eight with coxswain (8+),M,Silver
Barcelona,1992,Rowing,Rowing,"MARIN, Claudiu Gabriel",ROU,Men,eight with coxswain (8+),M,Silver
Barcelona,1992,Rowing,Rowing,"MASTACAN, Vasile Ionel",ROU,Men,eight with coxswain (8+),M,Silver
Barcelona,1992,Rowing,Rowing,"NASTASE, Vasile Dorel",ROU,Men,eight with coxswain (8+),M,Silver
Barcelona,1992,Rowing,Rowing,"ROBU, Valentin",ROU,Men,eight with coxswain (8+),M,Silver
Barcelona,1992,Rowing,Rowing,"RUICAN, Iulica",ROU,Men,eight with coxswain (8+),M,Silver
Barcelona,1992,Rowing,Rowing,"TALAPAN, Viorel",ROU,Men,eight with coxswain (8+),M,Silver
Barcelona,1992,Rowing,Rowing,"VIZITIU, Ioan Iulian",ROU,Men,eight with coxswain (8+),M,Silver
Barcelona,1992,Rowing,Rowing,"DÖRDELMANN, Sylvia",GER,Women,eight with coxswain (8+),W,Bronze
Barcelona,1992,Rowing,Rowing,"HAACKER, Kathrin",GER,Women,eight with coxswain (8+),W,Bronze
Barcelona,1992,Rowing,Rowing,"HARZENDORF, Christiane",GER,Women,eight with coxswain (8+),W,Bronze
Barcelona,1992,Rowing,Rowing,"NEUNAST, Daniela",GER,Women,eight with coxswain (8+),W,Bronze
Barcelona,1992,Rowing,Rowing,"PETERSMANN, Cerstin",GER,Women,eight with coxswain (8+),W,Bronze
Barcelona,1992,Rowing,Rowing,"PYRITZ, Dana",GER,Women,eight with coxswain (8+),W,Bronze
Barcelona,1992,Rowing,Rowing,"SCHELL, Ute",GER,Women,eight with coxswain (8+),W,Bronze
Barcelona,1992,Rowing,Rowing,"STRAUCH, Annegret",GER,Women,eight with coxswain (8+),W,Bronze
Barcelona,1992,Rowing,Rowing,"ZEIDLER, Judith",GER,Women,eight with coxswain (8+),W,Bronze
Barcelona,1992,Rowing,Rowing,"BARNES, Jennifer Kirsten",CAN,Women,eight with coxswain (8+),W,Gold
Barcelona,1992,Rowing,Rowing,"CRAWFORD, Shannon",CAN,Women,eight with coxswain (8+),W,Gold
Barcelona,1992,Rowing,Rowing,"DELEHANTY, Megan Catherine",CAN,Women,eight with coxswain (8+),W,Gold
Barcelona,1992,Rowing,Rowing,"HEDDLE, Kathleen",CAN,Women,eight with coxswain (8+),W,Gold
Barcelona,1992,Rowing,Rowing,"MCBEAN, Marnie Elizabeth",CAN,Women,eight with coxswain (8+),W,Gold
Barcelona,1992,Rowing,Rowing,"MONROE, Jessica",CAN,Women,eight with coxswain (8+),W,Gold
Barcelona,1992,Rowing,Rowing,"TAYLOR, Brenda Susan",CAN,Women,eight with coxswain (8+),W,Gold
Barcelona,1992,Rowing,Rowing,"THOMPSON, Lesley Allison",CAN,Women,eight with coxswain (8+),W,Gold
Barcelona,1992,Rowing,Rowing,"WORTHINGTON, Kay Frances",CAN,Women,eight with coxswain (8+),W,Gold
Barcelona,1992,Rowing,Rowing,"BAZON, Adriana",ROU,Women,eight with coxswain (8+),W,Silver
Barcelona,1992,Rowing,Rowing,"BULIE, Iulia",ROU,Women,eight with coxswain (8+),W,Silver
Barcelona,1992,Rowing,Rowing,"GEORGESCU, Elena",ROU,Women,eight with coxswain (8+),W,Silver
Barcelona,1992,Rowing,Rowing,"LEPADATU, Victoria",ROU,Women,eight with coxswain (8+),W,Silver
Barcelona,1992,Rowing,Rowing,"NECULAI, Viorica",ROU,Women,eight with coxswain (8+),W,Silver
Barcelona,1992,Rowing,Rowing,"OLTEANU, Ioana",ROU,Women,eight with coxswain (8+),W,Silver
Barcelona,1992,Rowing,Rowing,"PADURARIU, Maria",ROU,Women,eight with coxswain (8+),W,Silver
Barcelona,1992,Rowing,Rowing,"ROBU, Doina",ROU,Women,eight with coxswain (8+),W,Silver
Barcelona,1992,Rowing,Rowing,"SNEP, Doina Liliana",ROU,Women,eight with coxswain (8+),W,Silver
Barcelona,1992,Rowing,Rowing,"JANSA, Milan",SLO,Men,four without coxswain (4-),M,Bronze
Barcelona,1992,Rowing,Rowing,"KLEMENCIC, Janez",SLO,Men,four without coxswain (4-),M,Bronze
Barcelona,1992,Rowing,Rowing,"MIRJANIC, Saso",SLO,Men,four without coxswain (4-),M,Bronze
Barcelona,1992,Rowing,Rowing,"MUJKIC, Sadik",SLO,Men,four without coxswain (4-),M,Bronze
Barcelona,1992,Rowing,Rowing,"COOPER, Andrew",AUS,Men,four without coxswain (4-),M,Gold
Barcelona,1992,Rowing,Rowing,"GREEN, Nicholas",AUS,Men,four without coxswain (4-),M,Gold
Barcelona,1992,Rowing,Rowing,"MCKAY, Mike",AUS,Men,four without coxswain (4-),M,Gold
Barcelona,1992,Rowing,Rowing,"TOMKINS, James",AUS,Men,four without coxswain (4-),M,Gold
Barcelona,1992,Rowing,Rowing,"BOHRER, Thomas Robert",USA,Men,four without coxswain (4-),M,Silver
Barcelona,1992,Rowing,Rowing,"BURDEN, William Douglas",USA,Men,four without coxswain (4-),M,Silver
Barcelona,1992,Rowing,Rowing,"MANNING, Patrick Francis Jr.",USA,Men,four without coxswain (4-),M,Silver
Barcelona,1992,Rowing,Rowing,"MCLAUGHLIN, Jeffrey Dean",USA,Men,four without coxswain (4-),M,Silver
Barcelona,1992,Rowing,Rowing,"CIESLAK, Michal",POL,Men,four-oared shell with coxswain (4-),M,Bronze
Barcelona,1992,Rowing,Rowing,"JANKOWSKI, Wojciech",POL,Men,four-oared shell with coxswain (4-),M,Bronze
Barcelona,1992,Rowing,Rowing,"LASICKI, Maciej",POL,Men,four-oared shell with coxswain (4-),M,Bronze
Barcelona,1992,Rowing,Rowing,"STREICH, Jacek",POL,Men,four-oared shell with coxswain (4-),M,Bronze
Barcelona,1992,Rowing,Rowing,"TOMIAK, Tomasz",POL,Men,four-oared shell with coxswain (4-),M,Bronze
Barcelona,1992,Rowing,Rowing,"POPESCU, Dimitrie",ROU,Men,four-oared shell with coxswain (4-),M,Gold
Barcelona,1992,Rowing,Rowing,"RADUCANU, Dumitru",ROU,Men,four-oared shell with coxswain (4-),M,Gold
Barcelona,1992,Rowing,Rowing,"RUICAN, Iulica",ROU,Men,four-oared shell with coxswain (4-),M,Gold
Barcelona,1992,Rowing,Rowing,"TAGA, Nicolaie",ROU,Men,four-oared shell with coxswain (4-),M,Gold
Barcelona,1992,Rowing,Rowing,"TALAPAN, Viorel",ROU,Men,four-oared shell with coxswain (4-),M,Gold
Barcelona,1992,Rowing,Rowing,"BRUDEL, Ralf",GER,Men,four-oared shell with coxswain (4-),M,Silver
Barcelona,1992,Rowing,Rowing,"FINGER, Karsten",GER,Men,four-oared shell with coxswain (4-),M,Silver
Barcelona,1992,Rowing,Rowing,"KELLNER, Uwe Jörg",GER,Men,four-oared shell with coxswain (4-),M,Silver
Barcelona,1992,Rowing,Rowing,"PETERS, Thoralf",GER,Men,four-oared shell with coxswain (4-),M,Silver
Barcelona,1992,Rowing,Rowing,"REIHER, Hendrik",GER,Men,four-oared shell with coxswain (4-),M,Silver
Barcelona,1992,Rowing,Rowing,"MAXWELL PIERSON, Stephanie",USA,Women,pair without coxswain (2-),W,Bronze
Barcelona,1992,Rowing,Rowing,"SEATON, Anna B.",USA,Women,pair without coxswain (2-),W,Bronze
Barcelona,1992,Rowing,Rowing,"HEDDLE, Kathleen",CAN,Women,pair without coxswain (2-),W,Gold
Barcelona,1992,Rowing,Rowing,"MCBEAN, Marnie Elizabeth",CAN,Women,pair without coxswain (2-),W,Gold
Barcelona,1992,Rowing,Rowing,"SCHWERZMANN, Ingeburg",GER,Women,pair without coxswain (2-),W,Silver
Barcelona,1992,Rowing,Rowing,"WERREMEIER, Stefani",GER,Women,pair without coxswain (2-),W,Silver
Barcelona,1992,Rowing,Rowing,"POPESCU, Dimitrie",ROU,Men,pair-oared shell with coxswain (2+),M,Bronze
Barcelona,1992,Rowing,Rowing,"RADUCANU, Dumitru",ROU,Men,pair-oared shell with coxswain (2+),M,Bronze
Barcelona,1992,Rowing,Rowing,"TAGA, Nicolaie",ROU,Men,pair-oared shell with coxswain (2+),M,Bronze
Barcelona,1992,Rowing,Rowing,"HERBERT, Garry Gerard Paul",GBR,Men,pair-oared shell with coxswain (2+),M,Gold
Barcelona,1992,Rowing,Rowing,"SEARLE, Gregory Mark Pascol",GBR,Men,pair-oared shell with coxswain (2+),M,Gold
Barcelona,1992,Rowing,Rowing,"SEARLE, Jonathan William",GBR,Men,pair-oared shell with coxswain (2+),M,Gold
Barcelona,1992,Rowing,Rowing,"ABBAGNALE, Carmine",ITA,Men,pair-oared shell with coxswain (2+),M,Silver
Barcelona,1992,Rowing,Rowing,"ABBAGNALE, Giuseppe",ITA,Men,pair-oared shell with coxswain (2+),M,Silver
Barcelona,1992,Rowing,Rowing,"DI CAPUA, Giuseppe",ITA,Men,pair-oared shell with coxswain (2+),M,Silver
Barcelona,1992,Rowing,Rowing,"CORONA, Alessandro",ITA,Men,quadruple sculls without coxswain (4x),M,Bronze
Barcelona,1992,Rowing,Rowing,"FARINA, Gianluca",ITA,Men,quadruple sculls without coxswain (4x),M,Bronze
Barcelona,1992,Rowing,Rowing,"GALTAROSSA, Rossano",ITA,Men,quadruple sculls without coxswain (4x),M,Bronze
Barcelona,1992,Rowing,Rowing,"SOFFICI, Filippo",ITA,Men,quadruple sculls without coxswain (4x),M,Bronze
Barcelona,1992,Rowing,Rowing,"HAJEK, Andreas",GER,Men,quadruple sculls without coxswain (4x),M,Gold
Barcelona,1992,Rowing,Rowing,"STEINBACH, Michael",GER,Men,quadruple sculls without coxswain (4x),M,Gold
Barcelona,1992,Rowing,Rowing,"VOLKERT, Stephan",GER,Men,quadruple sculls without coxswain (4x),M,Gold
Barcelona,1992,Rowing,Rowing,"WILLMS, Andre",GER,Men,quadruple sculls without coxswain (4x),M,Gold
Barcelona,1992,Rowing,Rowing,"BJÖNNESS, Lars",NOR,Men,quadruple sculls without coxswain (4x),M,Silver
Barcelona,1992,Rowing,Rowing,"SÄTERSDAL, Per Albert",NOR,Men,quadruple sculls without coxswain (4x),M,Silver
Barcelona,1992,Rowing,Rowing,"THORSEN, Rolf Bernt",NOR,Men,quadruple sculls without coxswain (4x),M,Silver
Barcelona,1992,Rowing,Rowing,"UNDSET, Kjetil",NOR,Men,quadruple sculls without coxswain (4x),M,Silver
Barcelona,1992,Rowing,Rowing,"KARSTEN, Ekaterina",EUN,Women,quadruple sculls without coxswain (4x),W,Bronze
Barcelona,1992,Rowing,Rowing,"KHLOPTSEVA, Elena",EUN,Women,quadruple sculls without coxswain (4x),W,Bronze
Barcelona,1992,Rowing,Rowing,"USTYUZHANINA, Tatiana",EUN,Women,quadruple sculls without coxswain (4x),W,Bronze
Barcelona,1992,Rowing,Rowing,"ZELIKOVITCH, Antonina",EUN,Women,quadruple sculls without coxswain (4x),W,Bronze
Barcelona,1992,Rowing,Rowing,"MÜLLER, Kerstin",GER,Women,quadruple sculls without coxswain (4x),W,Gold
Barcelona,1992,Rowing,Rowing,"MUNDT, Kristina",GER,Women,quadruple sculls without coxswain (4x),W,Gold
Barcelona,1992,Rowing,Rowing,"PETER, Birgit",GER,Women,quadruple sculls without coxswain (4x),W,Gold
Barcelona,1992,Rowing,Rowing,"SCHMIDT, Sybille",GER,Women,quadruple sculls without coxswain (4x),W,Gold
Barcelona,1992,Rowing,Rowing,"BURCICA, Constanta",ROU,Women,quadruple sculls without coxswain (4x),W,Silver
Barcelona,1992,Rowing,Rowing,"COCHELEA, Veronica",ROU,Women,quadruple sculls without coxswain (4x),W,Silver
Barcelona,1992,Rowing,Rowing,"DOBRE, Anisoara",ROU,Women,quadruple sculls without coxswain (4x),W,Silver
Barcelona,1992,Rowing,Rowing,"IGNAT, Doina",ROU,Women,quadruple sculls without coxswain (4x),W,Silver
Barcelona,1992,Rowing,Rowing,"BRONIEWSKI, Kajetan",POL,Men,single sculls (1x),M,Bronze
Barcelona,1992,Rowing,Rowing,"LANGE, Thomas",GER,Men,single sculls (1x),M,Gold
Barcelona,1992,Rowing,Rowing,"CHALUPA, Vaclav",TCH,Men,single sculls (1x),M,Silver
