Seoul,1988,Volleyball,Volleyball,"HEREDIA, Isabel",PER,Women,volleyball,W,Silver
Seoul,1988,Volleyball,Volleyball,"HORNY, Katherine",PER,Women,volleyball,W,Silver
Seoul,1988,Volleyball,Volleyball,"MALAGA, Natalia",PER,Women,volleyball,W,Silver
Seoul,1988,Volleyball,Volleyball,"PEREZ DEL SOLAR, Gabriela",PER,Women,volleyball,W,Silver
Seoul,1988,Volleyball,Volleyball,"TAIT, Cecilia",PER,Women,volleyball,W,Silver
Seoul,1988,Volleyball,Volleyball,"TORREALVA, Gina",PER,Women,volleyball,W,Silver
Seoul,1988,Volleyball,Volleyball,"URIBE, Cenaida",PER,Women,volleyball,W,Silver
Seoul,1988,Weightlifting,Weightlifting,"HE, Zhuo-Qiang",CHN,Men,"- 52kg, total (flyweight)",M,Bronze
Seoul,1988,Weightlifting,Weightlifting,"MARINOV, Sevdalin",BUL,Men,"- 52kg, total (flyweight)",M,Gold
Seoul,1988,Weightlifting,Weightlifting,"CHUN, Byung-Kwan",KOR,Men,"- 52kg, total (flyweight)",M,Silver
Seoul,1988,Weightlifting,Weightlifting,"LIU, Shoubin",CHN,Men,"- 56kg, total (bantamweight)",M,Bronze
Seoul,1988,Weightlifting,Weightlifting,"MIRZOYAN, Oksen",URS,Men,"- 56kg, total (bantamweight)",M,Gold
Seoul,1988,Weightlifting,Weightlifting,"HE, Ying-Qiang",CHN,Men,"- 56kg, total (bantamweight)",M,Silver
Seoul,1988,Weightlifting,Weightlifting,"ZAWIEJA, Martin",FRG,Men,"+ 110kg, total (super heavyweight)",M,Bronze
Seoul,1988,Weightlifting,Weightlifting,"KURLOVICH, Alexandre",URS,Men,"+ 110kg, total (super heavyweight)",M,Gold
Seoul,1988,Weightlifting,Weightlifting,"NERLINGER, Manfred",FRG,Men,"+ 110kg, total (super heavyweight)",M,Silver
Seoul,1988,Weightlifting,Weightlifting,"WELLER, Ronny",GDR,Men,"100 - 110kg, total (heavyweight)",M,Bronze
Seoul,1988,Weightlifting,Weightlifting,"ZAKHAREVICH, Yuri",URS,Men,"100 - 110kg, total (heavyweight)",M,Gold
Seoul,1988,Weightlifting,Weightlifting,"JACSO, Jozsef",HUN,Men,"100 - 110kg, total (heavyweight)",M,Silver
Seoul,1988,Weightlifting,Weightlifting,"YE, Huan-Ming",CHN,Men,"56 - 60kg, total (featherweight)",M,Bronze
Seoul,1988,Weightlifting,Weightlifting,"SULEYMANOGLU, Naim",TUR,Men,"56 - 60kg, total (featherweight)",M,Gold
Seoul,1988,Weightlifting,Weightlifting,"TOPUROV, Stefan",BUL,Men,"56 - 60kg, total (featherweight)",M,Silver
Seoul,1988,Weightlifting,Weightlifting,"LI, Jin-He",CHN,Men,"60 - 67.5kg, total (lightweight)",M,Bronze
Seoul,1988,Weightlifting,Weightlifting,"KUNZ, Joachim",GDR,Men,"60 - 67.5kg, total (lightweight)",M,Gold
Seoul,1988,Weightlifting,Weightlifting,"MILITOSIAN, Israel",URS,Men,"60 - 67.5kg, total (lightweight)",M,Silver
Seoul,1988,Weightlifting,Weightlifting,"VARBANOV, Aleksander",BUL,Men,"67.5 - 75kg, total (middleweight)",M,Bronze
Seoul,1988,Weightlifting,Weightlifting,"GIDIKOV, Borislav",BUL,Men,"67.5 - 75kg, total (middleweight)",M,Gold
Seoul,1988,Weightlifting,Weightlifting,"STEINHOEFEL, Ingo",GDR,Men,"67.5 - 75kg, total (middleweight)",M,Silver
Seoul,1988,Weightlifting,Weightlifting,"LEE, Kyung-Kun",KOR,Men,"75 - 82.5kg, total (light-heavyweight)",M,Bronze
Seoul,1988,Weightlifting,Weightlifting,"ARSAMAKOV, Israil",URS,Men,"75 - 82.5kg, total (light-heavyweight)",M,Gold
Seoul,1988,Weightlifting,Weightlifting,"MESSZI, Istvan",HUN,Men,"75 - 82.5kg, total (light-heavyweight)",M,Silver
Seoul,1988,Weightlifting,Weightlifting,"ZAWADA, Slawomir",POL,Men,"82.5 - 90kg, total (middle-heavyweight)",M,Bronze
Seoul,1988,Weightlifting,Weightlifting,"KHRAPATY, Anatoli",URS,Men,"82.5 - 90kg, total (middle-heavyweight)",M,Gold
Seoul,1988,Weightlifting,Weightlifting,"MUKHAMEDYAROV, Nail",URS,Men,"82.5 - 90kg, total (middle-heavyweight)",M,Silver
Seoul,1988,Weightlifting,Weightlifting,"IMMESBERGER, Peter",FRG,Men,"90 - 100kg, total (first-heavyweight)",M,Bronze
Seoul,1988,Weightlifting,Weightlifting,"KUZNETSOV, Pavel",URS,Men,"90 - 100kg, total (first-heavyweight)",M,Gold
Seoul,1988,Weightlifting,Weightlifting,"VLAD, Nicu",ROU,Men,"90 - 100kg, total (first-heavyweight)",M,Silver
Seoul,1988,Wrestling,Wrestling Free.,"KARAMCHAKOV, Sergei",URS,Men,- 48kg (light-flyweight),M,Bronze
Seoul,1988,Wrestling,Wrestling Free.,"KOBAYASHI, Takashi",JPN,Men,- 48kg (light-flyweight),M,Gold
Seoul,1988,Wrestling,Wrestling Free.,"TZONOV, Ivan",BUL,Men,- 48kg (light-flyweight),M,Silver
Seoul,1988,Wrestling,Wrestling Free.,"SCHRÖDER, Andreas",GDR,Men,100 - 130kg (super heavyweight),M,Bronze
Seoul,1988,Wrestling,Wrestling Free.,"GOBEDJICHVILI, David",URS,Men,100 - 130kg (super heavyweight),M,Gold
Seoul,1988,Wrestling,Wrestling Free.,"BAUMGARTNER, Bruce Robert",USA,Men,100 - 130kg (super heavyweight),M,Silver
Seoul,1988,Wrestling,Wrestling Free.,"TOHUZOV, Vladimir",URS,Men,48 - 52kg (flyweight),M,Bronze
Seoul,1988,Wrestling,Wrestling Free.,"SATO, Mitsuru",JPN,Men,48 - 52kg (flyweight),M,Gold
Seoul,1988,Wrestling,Wrestling Free.,"TRSTENA, Saban",YUG,Men,48 - 52kg (flyweight),M,Silver
Seoul,1988,Wrestling,Wrestling Free.,"NOH, Kyung-Sun",KOR,Men,52 - 57kg (bantamweight),M,Bronze
Seoul,1988,Wrestling,Wrestling Free.,"BELOGLAZOV, Sergei",URS,Men,52 - 57kg (bantamweight),M,Gold
Seoul,1988,Wrestling,Wrestling Free.,"MOHAMMADIAN, Asgari",IRI,Men,52 - 57kg (bantamweight),M,Silver
Seoul,1988,Wrestling,Wrestling Free.,"CHTEREV, Simeon",BUL,Men,57 - 62kg (featherweight),M,Bronze
Seoul,1988,Wrestling,Wrestling Free.,"SMITH, John",USA,Men,57 - 62kg (featherweight),M,Gold
Seoul,1988,Wrestling,Wrestling Free.,"SARKISYAN, Stepan",URS,Men,57 - 62kg (featherweight),M,Silver
Seoul,1988,Wrestling,Wrestling Free.,"CARR, Nathaniel",USA,Men,62 - 68kg (lightweight),M,Bronze
Seoul,1988,Wrestling,Wrestling Free.,"FADZAEV, Arsen",URS,Men,62 - 68kg (lightweight),M,Gold
Seoul,1988,Wrestling,Wrestling Free.,"PARK, Jang-Soon",KOR,Men,62 - 68kg (lightweight),M,Silver
Seoul,1988,Wrestling,Wrestling Free.,"SOFIADI-RAKHMAT, Sukra",BUL,Men,68 - 74kg (welterweight),M,Bronze
Seoul,1988,Wrestling,Wrestling Free.,"MONDAY, Kenneth",USA,Men,68 - 74kg (welterweight),M,Gold
Seoul,1988,Wrestling,Wrestling Free.,"VARAEV, Adlan",URS,Men,68 - 74kg (welterweight),M,Silver
Seoul,1988,Wrestling,Wrestling Free.,"LOHYNA, Jozef",TCH,Men,74 - 82kg (middleweight),M,Bronze
Seoul,1988,Wrestling,Wrestling Free.,"HAN, Myung-Woo",KOR,Men,74 - 82kg (middleweight),M,Gold
Seoul,1988,Wrestling,Wrestling Free.,"GENCALP, Necmi",TUR,Men,74 - 82kg (middleweight),M,Silver
Seoul,1988,Wrestling,Wrestling Free.,"KIM, Tae-Woo",KOR,Men,82 - 90kg (light-heavyweight),M,Bronze
Seoul,1988,Wrestling,Wrestling Free.,"KHADARTSEV, Makharbek",URS,Men,82 - 90kg (light-heavyweight),M,Gold
Seoul,1988,Wrestling,Wrestling Free.,"OTA, Akira",JPN,Men,82 - 90kg (light-heavyweight),M,Silver
Seoul,1988,Wrestling,Wrestling Free.,"SCHERR, William Edwin",USA,Men,90 - 100kg (heavyweight),M,Bronze
Seoul,1988,Wrestling,Wrestling Free.,"PUSCASU, Vasile",ROU,Men,90 - 100kg (heavyweight),M,Gold
Seoul,1988,Wrestling,Wrestling Free.,"KHABELOV, Yuri",URS,Men,90 - 100kg (heavyweight),M,Silver
Seoul,1988,Wrestling,Wrestling Gre-R,"TSENOV, Bratan Tzenov",BUL,Men,- 48kg (light-flyweight),M,Bronze
Seoul,1988,Wrestling,Wrestling Gre-R,"MAENZA, Vincenzo",ITA,Men,- 48kg (light-flyweight),M,Gold
Seoul,1988,Wrestling,Wrestling Gre-R,"GLAB, Andrzej",POL,Men,- 48kg (light-flyweight),M,Silver
Seoul,1988,Wrestling,Wrestling Gre-R,"JOHANSSON, Tomas",SWE,Men,100 - 130kg (super heavyweight),M,Bronze
Seoul,1988,Wrestling,Wrestling Gre-R,"KARELIN, Aleksandr",URS,Men,100 - 130kg (super heavyweight),M,Gold
Seoul,1988,Wrestling,Wrestling Gre-R,"GEROVSKI, Rangel Ivanov",BUL,Men,100 - 130kg (super heavyweight),M,Silver
Seoul,1988,Wrestling,Wrestling Gre-R,"LEE, Jae-Suk",KOR,Men,48 - 52kg (flyweight),M,Bronze
Seoul,1988,Wrestling,Wrestling Gre-R,"RÖNNINGEN, Jon",NOR,Men,48 - 52kg (flyweight),M,Gold
Seoul,1988,Wrestling,Wrestling Gre-R,"MIYAHARA, Atsuji",JPN,Men,48 - 52kg (flyweight),M,Silver
Seoul,1988,Wrestling,Wrestling Gre-R,"HOLIDIS, Charalambos",GRE,Men,52 - 57kg (bantamweight),M,Bronze
Seoul,1988,Wrestling,Wrestling Gre-R,"SIKE, Andras",HUN,Men,52 - 57kg (bantamweight),M,Gold
Seoul,1988,Wrestling,Wrestling Gre-R,"BALOV, Stoyan",BUL,Men,52 - 57kg (bantamweight),M,Silver
Seoul,1988,Wrestling,Wrestling Gre-R,"AN, Dae-Hyun",KOR,Men,57 - 62kg (featherweight),M,Bronze
Seoul,1988,Wrestling,Wrestling Gre-R,"MADZHIDOV, Kamandar",URS,Men,57 - 62kg (featherweight),M,Gold
Seoul,1988,Wrestling,Wrestling Gre-R,"VANGELOV, Jivko",BUL,Men,57 - 62kg (featherweight),M,Silver
Seoul,1988,Wrestling,Wrestling Gre-R,"SIPILA, Tapio",FIN,Men,62 - 68kg (lightweight),M,Bronze
Seoul,1988,Wrestling,Wrestling Gre-R,"DJULFALAKIAN, Levon",URS,Men,62 - 68kg (lightweight),M,Gold
Seoul,1988,Wrestling,Wrestling Gre-R,"KIM, Sung-Moon",KOR,Men,62 - 68kg (lightweight),M,Silver
Seoul,1988,Wrestling,Wrestling Gre-R,"TRACZ, Jozef",POL,Men,68 - 74kg (welterweight),M,Bronze
Seoul,1988,Wrestling,Wrestling Gre-R,"KIM, Young-Nam",KOR,Men,68 - 74kg (welterweight),M,Gold
Seoul,1988,Wrestling,Wrestling Gre-R,"TURLYKHANOV, Daulet",URS,Men,68 - 74kg (welterweight),M,Silver
Seoul,1988,Wrestling,Wrestling Gre-R,"KIM, Sang-Kyu",KOR,Men,74 - 82kg (middleweight),M,Bronze
Seoul,1988,Wrestling,Wrestling Gre-R,"MAMIASHVILI, Mikhail",URS,Men,74 - 82kg (middleweight),M,Gold
Seoul,1988,Wrestling,Wrestling Gre-R,"KOMAROMI, Tibor",HUN,Men,74 - 82kg (middleweight),M,Silver
Seoul,1988,Wrestling,Wrestling Gre-R,"POPOV, Vladimir",URS,Men,82 - 90kg (light-heavyweight),M,Bronze
Seoul,1988,Wrestling,Wrestling Gre-R,"KOMCHEV, Atanas Slavov",BUL,Men,82 - 90kg (light-heavyweight),M,Gold
Seoul,1988,Wrestling,Wrestling Gre-R,"KOSKELA, Harri Matias",FIN,Men,82 - 90kg (light-heavyweight),M,Silver
Seoul,1988,Wrestling,Wrestling Gre-R,"KOSLOWSKI, Dennis Marvin",USA,Men,90 - 100kg (heavyweight),M,Bronze
Seoul,1988,Wrestling,Wrestling Gre-R,"WRONSKI, Andrzej",POL,Men,90 - 100kg (heavyweight),M,Gold
Seoul,1988,Wrestling,Wrestling Gre-R,"HIMMEL, Gerhard",FRG,Men,90 - 100kg (heavyweight),M,Silver
Barcelona,1992,Aquatics,Diving,"XIONG, Ni",CHN,Men,10m platform,M,Bronze
Barcelona,1992,Aquatics,Diving,"SUN, Shuwei",CHN,Men,10m platform,M,Gold
Barcelona,1992,Aquatics,Diving,"DONIE, Scott R.",USA,Men,10m platform,M,Silver
Barcelona,1992,Aquatics,Diving,"CLARK, Mary Ellen",USA,Women,10m platform,W,Bronze
Barcelona,1992,Aquatics,Diving,"FU, Mingxia",CHN,Women,10m platform,W,Gold
Barcelona,1992,Aquatics,Diving,"MIROCHINA, Elena",EUN,Women,10m platform,W,Silver
Barcelona,1992,Aquatics,Diving,"SAUTIN, Dmitry",EUN,Men,3m springboard,M,Bronze
Barcelona,1992,Aquatics,Diving,"LENZI, Mark Edward",USA,Men,3m springboard,M,Gold
Barcelona,1992,Aquatics,Diving,"TAN, Liang-De",CHN,Men,3m springboard,M,Silver
Barcelona,1992,Aquatics,Diving,"BALDUS, Brita Pia",GER,Women,3m springboard,W,Bronze
Barcelona,1992,Aquatics,Diving,"GAO, Min",CHN,Women,3m springboard,W,Gold
Barcelona,1992,Aquatics,Diving,"LACHKO, Irina",EUN,Women,3m springboard,W,Silver
Barcelona,1992,Aquatics,Swimming,"BERKOFF, David Charles",USA,Men,100m backstroke,M,Bronze
Barcelona,1992,Aquatics,Swimming,"TEWKSBURY, Mark",CAN,Men,100m backstroke,M,Gold
Barcelona,1992,Aquatics,Swimming,"ROUSE, Jeff Norman",USA,Men,100m backstroke,M,Silver
Barcelona,1992,Aquatics,Swimming,"LOVELESS, Lea",USA,Women,100m backstroke,W,Bronze
Barcelona,1992,Aquatics,Swimming,"EGERSZEGI, Krisztina",HUN,Women,100m backstroke,W,Gold
Barcelona,1992,Aquatics,Swimming,"SZABO, Tunde",HUN,Women,100m backstroke,W,Silver
Barcelona,1992,Aquatics,Swimming,"ROGERS, Philip John",AUS,Men,100m breaststroke,M,Bronze
Barcelona,1992,Aquatics,Swimming,"DIEBEL, Nelson",USA,Men,100m breaststroke,M,Gold
Barcelona,1992,Aquatics,Swimming,"ROZSA, Norbert",HUN,Men,100m breaststroke,M,Silver
Barcelona,1992,Aquatics,Swimming,"RILEY, Samantha Linette",AUS,Women,100m breaststroke,W,Bronze
Barcelona,1992,Aquatics,Swimming,"RUDKOVSKAYA, Elena",EUN,Women,100m breaststroke,W,Gold
Barcelona,1992,Aquatics,Swimming,"NALL, Anita",USA,Women,100m breaststroke,W,Silver
Barcelona,1992,Aquatics,Swimming,"NESTY, Anthony Conrad",SUR,Men,100m butterfly,M,Bronze
Barcelona,1992,Aquatics,Swimming,"MORALES, Pablo",USA,Men,100m butterfly,M,Gold
Barcelona,1992,Aquatics,Swimming,"SZUKALA, Rafal",POL,Men,100m butterfly,M,Silver
Barcelona,1992,Aquatics,Swimming,"PLEWINSKI, Catherine",FRA,Women,100m butterfly,W,Bronze
Barcelona,1992,Aquatics,Swimming,"QIAN, Hong",CHN,Women,100m butterfly,W,Gold
Barcelona,1992,Aquatics,Swimming,"AHMANN-LEIGHTON, Christine",USA,Women,100m butterfly,W,Silver
Barcelona,1992,Aquatics,Swimming,"CARON, Stephan",FRA,Men,100m freestyle,M,Bronze
Barcelona,1992,Aquatics,Swimming,"POPOV, Alexander",EUN,Men,100m freestyle,M,Gold
Barcelona,1992,Aquatics,Swimming,"BORGES, Gustavo",BRA,Men,100m freestyle,M,Silver
Barcelona,1992,Aquatics,Swimming,"VAN ALMSICK, Franziska",GER,Women,100m freestyle,W,Bronze
Barcelona,1992,Aquatics,Swimming,"ZHUANG, Yong",CHN,Women,100m freestyle,W,Gold
Barcelona,1992,Aquatics,Swimming,"THOMPSON, Jenny",USA,Women,100m freestyle,W,Silver
Barcelona,1992,Aquatics,Swimming,"HOFFMANN, Jörg",GER,Men,1500m freestyle,M,Bronze
Barcelona,1992,Aquatics,Swimming,"PERKINS, Kieren John",AUS,Men,1500m freestyle,M,Gold
Barcelona,1992,Aquatics,Swimming,"HOUSMAN, Glen Clifford",AUS,Men,1500m freestyle,M,Silver
Barcelona,1992,Aquatics,Swimming,"BATTISTELLI, Stefano",ITA,Men,200m backstroke,M,Bronze
Barcelona,1992,Aquatics,Swimming,"LOPEZ-ZUBERO, Martin",ESP,Men,200m backstroke,M,Gold
Barcelona,1992,Aquatics,Swimming,"SELKOV, Vladimir",EUN,Men,200m backstroke,M,Silver
Barcelona,1992,Aquatics,Swimming,"STEVENSON, Nicole Dawn",AUS,Women,200m backstroke,W,Bronze
Barcelona,1992,Aquatics,Swimming,"EGERSZEGI, Krisztina",HUN,Women,200m backstroke,W,Gold
Barcelona,1992,Aquatics,Swimming,"HASE, Dagmar",GER,Women,200m backstroke,W,Silver
Barcelona,1992,Aquatics,Swimming,"GILLINGHAM, Nick",GBR,Men,200m breaststroke,M,Bronze
Barcelona,1992,Aquatics,Swimming,"BARROWMAN, Mike",USA,Men,200m breaststroke,M,Gold
Barcelona,1992,Aquatics,Swimming,"ROZSA, Norbert",HUN,Men,200m breaststroke,M,Silver
Barcelona,1992,Aquatics,Swimming,"NALL, Anita",USA,Women,200m breaststroke,W,Bronze
Barcelona,1992,Aquatics,Swimming,"IWASAKI, Kyoko",JPN,Women,200m breaststroke,W,Gold
Barcelona,1992,Aquatics,Swimming,"LIN, Li",CHN,Women,200m breaststroke,W,Silver
Barcelona,1992,Aquatics,Swimming,"ESPOSITO, Franck",FRA,Men,200m butterfly,M,Bronze
Barcelona,1992,Aquatics,Swimming,"STEWART, Melvin",USA,Men,200m butterfly,M,Gold
Barcelona,1992,Aquatics,Swimming,"LOADER, Danyon Joseph",NZL,Men,200m butterfly,M,Silver
Barcelona,1992,Aquatics,Swimming,"O'NEILL, Susan",AUS,Women,200m butterfly,W,Bronze
Barcelona,1992,Aquatics,Swimming,"SANDERS, Summer",USA,Women,200m butterfly,W,Gold
Barcelona,1992,Aquatics,Swimming,"WANG, Xiaohong",CHN,Women,200m butterfly,W,Silver
Barcelona,1992,Aquatics,Swimming,"KASVIO, Antti Alexander",FIN,Men,200m freestyle,M,Bronze
Barcelona,1992,Aquatics,Swimming,"SADOVYI, Evgueni",EUN,Men,200m freestyle,M,Gold
Barcelona,1992,Aquatics,Swimming,"HOLMERTZ, Anders",SWE,Men,200m freestyle,M,Silver
Barcelona,1992,Aquatics,Swimming,"KIELGASS, Kerstin",GER,Women,200m freestyle,W,Bronze
Barcelona,1992,Aquatics,Swimming,"HAISLETT, Nicole Lee",USA,Women,200m freestyle,W,Gold
Barcelona,1992,Aquatics,Swimming,"VAN ALMSICK, Franziska",GER,Women,200m freestyle,W,Silver
Barcelona,1992,Aquatics,Swimming,"CZENE, Attila",HUN,Men,200m individual medley,M,Bronze
Barcelona,1992,Aquatics,Swimming,"DARNYI, Tamas",HUN,Men,200m individual medley,M,Gold
Barcelona,1992,Aquatics,Swimming,"BURGESS, Gregory",USA,Men,200m individual medley,M,Silver
Barcelona,1992,Aquatics,Swimming,"HUNGER, Daniela",GER,Women,200m individual medley,W,Bronze
Barcelona,1992,Aquatics,Swimming,"LIN, Li",CHN,Women,200m individual medley,W,Gold
Barcelona,1992,Aquatics,Swimming,"SANDERS, Summer",USA,Women,200m individual medley,W,Silver
Barcelona,1992,Aquatics,Swimming,"HOLMERTZ, Anders",SWE,Men,400m freestyle,M,Bronze
Barcelona,1992,Aquatics,Swimming,"SADOVYI, Evgueni",EUN,Men,400m freestyle,M,Gold
Barcelona,1992,Aquatics,Swimming,"PERKINS, Kieren John",AUS,Men,400m freestyle,M,Silver
Barcelona,1992,Aquatics,Swimming,"LEWIS, Hayley Jane",AUS,Women,400m freestyle,W,Bronze
Barcelona,1992,Aquatics,Swimming,"HASE, Dagmar",GER,Women,400m freestyle,W,Gold
Barcelona,1992,Aquatics,Swimming,"EVANS, Janet",USA,Women,400m freestyle,W,Silver
Barcelona,1992,Aquatics,Swimming,"SACCHI, Luca",ITA,Men,400m individual medley,M,Bronze
Barcelona,1992,Aquatics,Swimming,"DARNYI, Tamas",HUN,Men,400m individual medley,M,Gold
Barcelona,1992,Aquatics,Swimming,"NAMESNIK, Eric",USA,Men,400m individual medley,M,Silver
Barcelona,1992,Aquatics,Swimming,"SANDERS, Summer",USA,Women,400m individual medley,W,Bronze
Barcelona,1992,Aquatics,Swimming,"EGERSZEGI, Krisztina",HUN,Women,400m individual medley,W,Gold
Barcelona,1992,Aquatics,Swimming,"LIN, Li",CHN,Women,400m individual medley,W,Silver
Barcelona,1992,Aquatics,Swimming,"PINGER, Mark",GER,Men,4x100m freestyle relay,M,Bronze
Barcelona,1992,Aquatics,Swimming,"RICHTER, Dirk",GER,Men,4x100m freestyle relay,M,Bronze
Barcelona,1992,Aquatics,Swimming,"SZIGAT, Andreas",GER,Men,4x100m freestyle relay,M,Bronze
Barcelona,1992,Aquatics,Swimming,"TRÖGER, Christian",GER,Men,4x100m freestyle relay,M,Bronze
Barcelona,1992,Aquatics,Swimming,"ZESNER, Steffen",GER,Men,4x100m freestyle relay,M,Bronze
Barcelona,1992,Aquatics,Swimming,"ZIKARSKY, Bengt",GER,Men,4x100m freestyle relay,M,Bronze
Barcelona,1992,Aquatics,Swimming,"BIONDI, Matthew",USA,Men,4x100m freestyle relay,M,Gold
Barcelona,1992,Aquatics,Swimming,"HUDEPOHL, Joseph",USA,Men,4x100m freestyle relay,M,Gold
Barcelona,1992,Aquatics,Swimming,"JAGER, Thomas Michael",USA,Men,4x100m freestyle relay,M,Gold
Barcelona,1992,Aquatics,Swimming,"JORDAN, Shaun",USA,Men,4x100m freestyle relay,M,Gold
Barcelona,1992,Aquatics,Swimming,"OLSEN, Jon",USA,Men,4x100m freestyle relay,M,Gold
Barcelona,1992,Aquatics,Swimming,"THOMAS, Joel",USA,Men,4x100m freestyle relay,M,Gold
Barcelona,1992,Aquatics,Swimming,"BASHKATOV, Juri",EUN,Men,4x100m freestyle relay,M,Silver
Barcelona,1992,Aquatics,Swimming,"KHNYKIN, Pavlo",EUN,Men,4x100m freestyle relay,M,Silver
Barcelona,1992,Aquatics,Swimming,"POPOV, Alexander",EUN,Men,4x100m freestyle relay,M,Silver
Barcelona,1992,Aquatics,Swimming,"PRIGODA, Guennadi",EUN,Men,4x100m freestyle relay,M,Silver
Barcelona,1992,Aquatics,Swimming,"PYSHNENKO, Vladimir",EUN,Men,4x100m freestyle relay,M,Silver
Barcelona,1992,Aquatics,Swimming,"TAIANOVITCH, Veniamin",EUN,Men,4x100m freestyle relay,M,Silver
Barcelona,1992,Aquatics,Swimming,"HADDING, Annette",GER,Women,4x100m freestyle relay,W,Bronze
Barcelona,1992,Aquatics,Swimming,"HUNGER, Daniela",GER,Women,4x100m freestyle relay,W,Bronze
Barcelona,1992,Aquatics,Swimming,"KIELGASS, Kerstin",GER,Women,4x100m freestyle relay,W,Bronze
Barcelona,1992,Aquatics,Swimming,"OSYGUS, Simone",GER,Women,4x100m freestyle relay,W,Bronze
Barcelona,1992,Aquatics,Swimming,"STELLMACH, Manuela",GER,Women,4x100m freestyle relay,W,Bronze
Barcelona,1992,Aquatics,Swimming,"VAN ALMSICK, Franziska",GER,Women,4x100m freestyle relay,W,Bronze
Barcelona,1992,Aquatics,Swimming,"AHMANN-LEIGHTON, Christine",USA,Women,4x100m freestyle relay,W,Gold
Barcelona,1992,Aquatics,Swimming,"HAISLETT, Nicole Lee",USA,Women,4x100m freestyle relay,W,Gold
Barcelona,1992,Aquatics,Swimming,"MARTINO, Angel",USA,Women,4x100m freestyle relay,W,Gold
Barcelona,1992,Aquatics,Swimming,"TAPPIN, Ashley T",USA,Women,4x100m freestyle relay,W,Gold
Barcelona,1992,Aquatics,Swimming,"THOMPSON, Jenny",USA,Women,4x100m freestyle relay,W,Gold
Barcelona,1992,Aquatics,Swimming,"TORRES, Dara",USA,Women,4x100m freestyle relay,W,Gold
Barcelona,1992,Aquatics,Swimming,"LE, Jingyi",CHN,Women,4x100m freestyle relay,W,Silver
Barcelona,1992,Aquatics,Swimming,"LU, Bin",CHN,Women,4x100m freestyle relay,W,Silver
Barcelona,1992,Aquatics,Swimming,"YANG, Wenyi",CHN,Women,4x100m freestyle relay,W,Silver
Barcelona,1992,Aquatics,Swimming,"ZHAO, Kun",CHN,Women,4x100m freestyle relay,W,Silver
Barcelona,1992,Aquatics,Swimming,"ZHUANG, Yong",CHN,Women,4x100m freestyle relay,W,Silver
Barcelona,1992,Aquatics,Swimming,"CLARKE, Stephen",CAN,Men,4x100m medley relay,M,Bronze
Barcelona,1992,Aquatics,Swimming,"CLEVELAND, Jonathan Thomas",CAN,Men,4x100m medley relay,M,Bronze
Barcelona,1992,Aquatics,Swimming,"GERY, Marcel",CAN,Men,4x100m medley relay,M,Bronze
Barcelona,1992,Aquatics,Swimming,"PONTING, Thomas",CAN,Men,4x100m medley relay,M,Bronze
Barcelona,1992,Aquatics,Swimming,"TEWKSBURY, Mark",CAN,Men,4x100m medley relay,M,Bronze
Barcelona,1992,Aquatics,Swimming,"BERKOFF, David Charles",USA,Men,4x100m medley relay,M,Gold
Barcelona,1992,Aquatics,Swimming,"BIONDI, Matthew",USA,Men,4x100m medley relay,M,Gold
Barcelona,1992,Aquatics,Swimming,"DERSCH, Hans",USA,Men,4x100m medley relay,M,Gold
Barcelona,1992,Aquatics,Swimming,"DIEBEL, Nelson",USA,Men,4x100m medley relay,M,Gold
Barcelona,1992,Aquatics,Swimming,"MORALES, Pablo",USA,Men,4x100m medley relay,M,Gold
Barcelona,1992,Aquatics,Swimming,"OLSEN, Jon",USA,Men,4x100m medley relay,M,Gold
Barcelona,1992,Aquatics,Swimming,"ROUSE, Jeff Norman",USA,Men,4x100m medley relay,M,Gold
Barcelona,1992,Aquatics,Swimming,"STEWART, Melvin",USA,Men,4x100m medley relay,M,Gold
Barcelona,1992,Aquatics,Swimming,"IVANOV, Vassili",EUN,Men,4x100m medley relay,M,Silver
Barcelona,1992,Aquatics,Swimming,"KHNYKIN, Pavlo",EUN,Men,4x100m medley relay,M,Silver
Barcelona,1992,Aquatics,Swimming,"KULIKOV, Vladislav",EUN,Men,4x100m medley relay,M,Silver
Barcelona,1992,Aquatics,Swimming,"POPOV, Alexander",EUN,Men,4x100m medley relay,M,Silver
Barcelona,1992,Aquatics,Swimming,"PYSHNENKO, Vladimir",EUN,Men,4x100m medley relay,M,Silver
Barcelona,1992,Aquatics,Swimming,"SELKOV, Vladimir",EUN,Men,4x100m medley relay,M,Silver
Barcelona,1992,Aquatics,Swimming,"VOLKOV, Dmitri",EUN,Men,4x100m medley relay,M,Silver
Barcelona,1992,Aquatics,Swimming,"CHOUBINA, Elena",EUN,Women,4x100m medley relay,W,Bronze
Barcelona,1992,Aquatics,Swimming,"KIRITCHENKO, Olga",EUN,Women,4x100m medley relay,W,Bronze
Barcelona,1992,Aquatics,Swimming,"MESHCHERYAKOVA, Natalia",EUN,Women,4x100m medley relay,W,Bronze
Barcelona,1992,Aquatics,Swimming,"RUDKOVSKAYA, Elena",EUN,Women,4x100m medley relay,W,Bronze
Barcelona,1992,Aquatics,Swimming,"ZHIVANEVSKAYA, Nina Alexandrovna",EUN,Women,4x100m medley relay,W,Bronze
Barcelona,1992,Aquatics,Swimming,"AHMANN-LEIGHTON, Christine",USA,Women,4x100m medley relay,W,Gold
Barcelona,1992,Aquatics,Swimming,"HAISLETT, Nicole Lee",USA,Women,4x100m medley relay,W,Gold
Barcelona,1992,Aquatics,Swimming,"KLEINE, Megan A.",USA,Women,4x100m medley relay,W,Gold
Barcelona,1992,Aquatics,Swimming,"LOVELESS, Lea",USA,Women,4x100m medley relay,W,Gold
Barcelona,1992,Aquatics,Swimming,"NALL, Anita",USA,Women,4x100m medley relay,W,Gold
Barcelona,1992,Aquatics,Swimming,"SANDERS, Summer",USA,Women,4x100m medley relay,W,Gold
Barcelona,1992,Aquatics,Swimming,"THOMPSON, Jenny",USA,Women,4x100m medley relay,W,Gold
Barcelona,1992,Aquatics,Swimming,"WAGSTAFF, Elizabeth",USA,Women,4x100m medley relay,W,Gold
Barcelona,1992,Aquatics,Swimming,"BRENDEL, Daniela",GER,Women,4x100m medley relay,W,Silver
Barcelona,1992,Aquatics,Swimming,"DÖRRIS, Jana",GER,Women,4x100m medley relay,W,Silver
Barcelona,1992,Aquatics,Swimming,"HASE, Dagmar",GER,Women,4x100m medley relay,W,Silver
Barcelona,1992,Aquatics,Swimming,"HUNGER, Daniela",GER,Women,4x100m medley relay,W,Silver
Barcelona,1992,Aquatics,Swimming,"OSYGUS, Simone",GER,Women,4x100m medley relay,W,Silver
Barcelona,1992,Aquatics,Swimming,"USTROWSKI, Bettina",GER,Women,4x100m medley relay,W,Silver
Barcelona,1992,Aquatics,Swimming,"VAN ALMSICK, Franziska",GER,Women,4x100m medley relay,W,Silver
Barcelona,1992,Aquatics,Swimming,"GJERTSEN, Douglas S.",USA,Men,4x200m freestyle relay,M,Bronze
Barcelona,1992,Aquatics,Swimming,"HUDEPOHL, Joseph",USA,Men,4x200m freestyle relay,M,Bronze
Barcelona,1992,Aquatics,Swimming,"JAFFE, Scott",USA,Men,4x200m freestyle relay,M,Bronze
Barcelona,1992,Aquatics,Swimming,"JORGENSEN, Daniel Plong",USA,Men,4x200m freestyle relay,M,Bronze
Barcelona,1992,Aquatics,Swimming,"OLSEN, Jon",USA,Men,4x200m freestyle relay,M,Bronze
Barcelona,1992,Aquatics,Swimming,"STEWART, Melvin",USA,Men,4x200m freestyle relay,M,Bronze
Barcelona,1992,Aquatics,Swimming,"KOUDRIAVTSEV, Alexei",EUN,Men,4x200m freestyle relay,M,Gold
Barcelona,1992,Aquatics,Swimming,"LEPIKOV, Dmitri",EUN,Men,4x200m freestyle relay,M,Gold
Barcelona,1992,Aquatics,Swimming,"MOUKHINE, Jouri",EUN,Men,4x200m freestyle relay,M,Gold
Barcelona,1992,Aquatics,Swimming,"PYSHNENKO, Vladimir",EUN,Men,4x200m freestyle relay,M,Gold
Barcelona,1992,Aquatics,Swimming,"SADOVYI, Evgueni",EUN,Men,4x200m freestyle relay,M,Gold
Barcelona,1992,Aquatics,Swimming,"TAIANOVITCH, Veniamin",EUN,Men,4x200m freestyle relay,M,Gold
Barcelona,1992,Aquatics,Swimming,"FROLANDER, Lars",SWE,Men,4x200m freestyle relay,M,Silver
Barcelona,1992,Aquatics,Swimming,"HOLMERTZ, Anders",SWE,Men,4x200m freestyle relay,M,Silver
Barcelona,1992,Aquatics,Swimming,"WALLIN, Christer",SWE,Men,4x200m freestyle relay,M,Silver
Barcelona,1992,Aquatics,Swimming,"WERNER, Tommy",SWE,Men,4x200m freestyle relay,M,Silver
Barcelona,1992,Aquatics,Swimming,"JAGER, Thomas Michael",USA,Men,50m freestyle,M,Bronze
Barcelona,1992,Aquatics,Swimming,"POPOV, Alexander",EUN,Men,50m freestyle,M,Gold
Barcelona,1992,Aquatics,Swimming,"BIONDI, Matthew",USA,Men,50m freestyle,M,Silver
Barcelona,1992,Aquatics,Swimming,"MARTINO, Angel",USA,Women,50m freestyle,W,Bronze
Barcelona,1992,Aquatics,Swimming,"YANG, Wenyi",CHN,Women,50m freestyle,W,Gold
Barcelona,1992,Aquatics,Swimming,"ZHUANG, Yong",CHN,Women,50m freestyle,W,Silver
Barcelona,1992,Aquatics,Swimming,"HENKE, Jana",GER,Women,800m freestyle,W,Bronze
Barcelona,1992,Aquatics,Swimming,"EVANS, Janet",USA,Women,800m freestyle,W,Gold
Barcelona,1992,Aquatics,Swimming,"LEWIS, Hayley Jane",AUS,Women,800m freestyle,W,Silver
Barcelona,1992,Aquatics,Synchronized S.,"OKUNO, Fumiko",JPN,Women,duet,W,Bronze
Barcelona,1992,Aquatics,Synchronized S.,"TAKAYAMA, Aki",JPN,Women,duet,W,Bronze
Barcelona,1992,Aquatics,Synchronized S.,"JOSEPHSON, Karen",USA,Women,duet,W,Gold
Barcelona,1992,Aquatics,Synchronized S.,"JOSEPHSON, Sarah",USA,Women,duet,W,Gold
Barcelona,1992,Aquatics,Synchronized S.,"VILAGOS, Penny",CAN,Women,duet,W,Silver
Barcelona,1992,Aquatics,Synchronized S.,"VILAGOS, Vicky",CAN,Women,duet,W,Silver
Barcelona,1992,Aquatics,Synchronized S.,"OKUNO, Fumiko",JPN,Women,solo,W,Bronze
Barcelona,1992,Aquatics,Synchronized S.,"BABB-SPRAGUE, Kristen",USA,Women,solo,W,Gold
Barcelona,1992,Aquatics,Synchronized S.,"FRECHETTE, Sylvie",CAN,Women,solo,W,Gold
Barcelona,1992,Aquatics,Water polo,"APANASSENKO, Dmitri",EUN,Men,water polo,M,Bronze
Barcelona,1992,Aquatics,Water polo,"BELOFASTOV, Andrei",EUN,Men,water polo,M,Bronze
Barcelona,1992,Aquatics,Water polo,"CHARONOV, Evgueni",EUN,Men,water polo,M,Bronze
Barcelona,1992,Aquatics,Water polo,"GORSHKOV, Dmitry",EUN,Men,water polo,M,Bronze
Barcelona,1992,Aquatics,Water polo,"KARABOUTOV, Vladimir",EUN,Men,water polo,M,Bronze
Barcelona,1992,Aquatics,Water polo,"KOLOTOV, Aleksandr",EUN,Men,water polo,M,Bronze
Barcelona,1992,Aquatics,Water polo,"KOVALENKO, Alexandre",EUN,Men,water polo,M,Bronze
Barcelona,1992,Aquatics,Water polo,"KOZLOV, Nikolai",EUN,Men,water polo,M,Bronze
Barcelona,1992,Aquatics,Water polo,"MARKOTCH, Serguei",EUN,Men,water polo,M,Bronze
Barcelona,1992,Aquatics,Water polo,"NAUMOV, Sergey",EUN,Men,water polo,M,Bronze
Barcelona,1992,Aquatics,Water polo,"OGORODNIKOV, Alexandre",EUN,Men,water polo,M,Bronze
Barcelona,1992,Aquatics,Water polo,"TCHIGUIR, Alexandre",EUN,Men,water polo,M,Bronze
Barcelona,1992,Aquatics,Water polo,"ATTOLICO, Francesco",ITA,Men,water polo,M,Gold
Barcelona,1992,Aquatics,Water polo,"AVERAIMO, Gianni",ITA,Men,water polo,M,Gold
Barcelona,1992,Aquatics,Water polo,"BOVO, Alessandro",ITA,Men,water polo,M,Gold
Barcelona,1992,Aquatics,Water polo,"CALDARELLA, Paolo",ITA,Men,water polo,M,Gold
Barcelona,1992,Aquatics,Water polo,"CAMPAGNA, Alessandro",ITA,Men,water polo,M,Gold
Barcelona,1992,Aquatics,Water polo,"D'ALTRUI, Marco",ITA,Men,water polo,M,Gold
Barcelona,1992,Aquatics,Water polo,"FERRETTI, Massimiliano",ITA,Men,water polo,M,Gold
Barcelona,1992,Aquatics,Water polo,"FIORILLO, Mario",ITA,Men,water polo,M,Gold
Barcelona,1992,Aquatics,Water polo,"GANDOLFI, Ferdinando",ITA,Men,water polo,M,Gold
Barcelona,1992,Aquatics,Water polo,"POMILIO, Amedeo",ITA,Men,water polo,M,Gold
Barcelona,1992,Aquatics,Water polo,"PORZIO, Francesco",ITA,Men,water polo,M,Gold
Barcelona,1992,Aquatics,Water polo,"PORZIO, Giuseppe",ITA,Men,water polo,M,Gold
Barcelona,1992,Aquatics,Water polo,"SILIPO, Carlo",ITA,Men,water polo,M,Gold
Barcelona,1992,Aquatics,Water polo,"BALLART, Daniel",ESP,Men,water polo,M,Silver
Barcelona,1992,Aquatics,Water polo,"ESTIARTE, Manuel",ESP,Men,water polo,M,Silver
Barcelona,1992,Aquatics,Water polo,"GARCIA AGUADO, Pedro",ESP,Men,water polo,M,Silver
Barcelona,1992,Aquatics,Water polo,"GOMEZ, Salvador",ESP,Men,water polo,M,Silver
Barcelona,1992,Aquatics,Water polo,"GONZALEZ JUNQUERA, Marco Antonio",ESP,Men,water polo,M,Silver
Barcelona,1992,Aquatics,Water polo,"MICHAVILA JOVER, Ruben",ESP,Men,water polo,M,Silver
Barcelona,1992,Aquatics,Water polo,"OCA, Miguel Angel",ESP,Men,water polo,M,Silver
Barcelona,1992,Aquatics,Water polo,"PEDREROL, Sergi",ESP,Men,water polo,M,Silver
Barcelona,1992,Aquatics,Water polo,"PICO LLADO, Jose",ESP,Men,water polo,M,Silver
Barcelona,1992,Aquatics,Water polo,"ROLLAN, Jesus",ESP,Men,water polo,M,Silver
Barcelona,1992,Aquatics,Water polo,"SANCHEZ ALARCON, Ricardo",ESP,Men,water polo,M,Silver
Barcelona,1992,Aquatics,Water polo,"SANS, Jordi",ESP,Men,water polo,M,Silver
Barcelona,1992,Aquatics,Water polo,"SILVESTRE SANCHEZ, Manuel",ESP,Men,water polo,M,Silver
Barcelona,1992,Archery,Archery,"TERRY, Simon",GBR,Men,individual (FITA Olympic round - 70m),M,Bronze
Barcelona,1992,Archery,Archery,"FLUTE, Sebastien",FRA,Men,individual (FITA Olympic round - 70m),M,Gold
Barcelona,1992,Archery,Archery,"CHUNG, Jae-Hun",KOR,Men,individual (FITA Olympic round - 70m),M,Silver
Barcelona,1992,Archery,Archery,"VALEEVA, Natalia",EUN,Women,individual (FITA Olympic round - 70m),W,Bronze
Barcelona,1992,Archery,Archery,"CHO, Youn-Jeong",KOR,Women,individual (FITA Olympic round - 70m),W,Gold
Barcelona,1992,Archery,Archery,"KIM, Soo-Nyung",KOR,Women,individual (FITA Olympic round - 70m),W,Silver
Barcelona,1992,Archery,Archery,"HALLARD, Steven",GBR,Men,team (FITA Olympic round - 70m),M,Bronze
Barcelona,1992,Archery,Archery,"PRIESTMAN, Richard John",GBR,Men,team (FITA Olympic round - 70m),M,Bronze
Barcelona,1992,Archery,Archery,"TERRY, Simon",GBR,Men,team (FITA Olympic round - 70m),M,Bronze
Barcelona,1992,Archery,Archery,"HOLGADO ROMERO, Juan Carlos",ESP,Men,team (FITA Olympic round - 70m),M,Gold
Barcelona,1992,Archery,Archery,"MENENDEZ VALLIN, Alfonso",ESP,Men,team (FITA Olympic round - 70m),M,Gold
Barcelona,1992,Archery,Archery,"VAZQUEZ, Antonio",ESP,Men,team (FITA Olympic round - 70m),M,Gold
Barcelona,1992,Archery,Archery,"FALCK, Ismo Kalevi",FIN,Men,team (FITA Olympic round - 70m),M,Silver
Barcelona,1992,Archery,Archery,"LIPPONEN, Jari",FIN,Men,team (FITA Olympic round - 70m),M,Silver
Barcelona,1992,Archery,Archery,"POIKOLAINEN, Tomi",FIN,Men,team (FITA Olympic round - 70m),M,Silver
Barcelona,1992,Archery,Archery,"ARZHANNIKOVA, Lyudmila",EUN,Women,team (FITA Olympic round - 70m),W,Bronze
Barcelona,1992,Archery,Archery,"KVRIVICHVILI, Khatouna",EUN,Women,team (FITA Olympic round - 70m),W,Bronze
Barcelona,1992,Archery,Archery,"VALEEVA, Natalia",EUN,Women,team (FITA Olympic round - 70m),W,Bronze
Barcelona,1992,Archery,Archery,"CHO, Youn-Jeong",KOR,Women,team (FITA Olympic round - 70m),W,Gold
Barcelona,1992,Archery,Archery,"KIM, Soo-Nyung",KOR,Women,team (FITA Olympic round - 70m),W,Gold
Barcelona,1992,Archery,Archery,"LEE, Eun Kyung",KOR,Women,team (FITA Olympic round - 70m),W,Gold
Barcelona,1992,Archery,Archery,"MA, Xiangjun",CHN,Women,team (FITA Olympic round - 70m),W,Silver
Barcelona,1992,Archery,Archery,"WANG, Hong",CHN,Women,team (FITA Olympic round - 70m),W,Silver
Barcelona,1992,Archery,Archery,"WANG, Xiaozhu",CHN,Women,team (FITA Olympic round - 70m),W,Silver
Barcelona,1992,Athletics,Athletics,"ABEBE, Addis",ETH,Men,10000m,M,Bronze
Barcelona,1992,Athletics,Athletics,"SKAH, Khalid",MAR,Men,10000m,M,Gold
Barcelona,1992,Athletics,Athletics,"CHELIMO, Richard",KEN,Men,10000m,M,Silver
Barcelona,1992,Athletics,Athletics,"JENNINGS, Lynn A.",USA,Women,10000m,W,Bronze
Barcelona,1992,Athletics,Athletics,"TULU, Derartu",ETH,Women,10000m,W,Gold
Barcelona,1992,Athletics,Athletics,"MEYER, Elana",RSA,Women,10000m,W,Silver
Barcelona,1992,Athletics,Athletics,"LI, Chunxiu",CHN,Women,10000m walk,W,Bronze
Barcelona,1992,Athletics,Athletics,"CHEN, Yueling",CHN,Women,10000m walk,W,Gold
Barcelona,1992,Athletics,Athletics,"NIKOLAYEVA, Yelena",EUN,Women,10000m walk,W,Silver
Barcelona,1992,Athletics,Athletics,"MITCHELL, Dennis",USA,Men,100m,M,Bronze
Barcelona,1992,Athletics,Athletics,"CHRISTIE, Linford",GBR,Men,100m,M,Gold
Barcelona,1992,Athletics,Athletics,"FREDERICKS, Frank",NAM,Men,100m,M,Silver
Barcelona,1992,Athletics,Athletics,"PRIVALOVA, Irina",EUN,Women,100m,W,Bronze
Barcelona,1992,Athletics,Athletics,"DEVERS, Gail",USA,Women,100m,W,Gold
Barcelona,1992,Athletics,Athletics,"CUTHBERT, Juliet",JAM,Women,100m,W,Silver
Barcelona,1992,Athletics,Athletics,"DONKOVA, Yordanka",BUL,Women,100m hurdles,W,Bronze
Barcelona,1992,Athletics,Athletics,"PATOULIDOU, Paraskevi Voula",GRE,Women,100m hurdles,W,Gold
Barcelona,1992,Athletics,Athletics,"MARTIN, La Vona Ann",USA,Women,100m hurdles,W,Silver
Barcelona,1992,Athletics,Athletics,"PIERCE, Jack",USA,Men,110m hurdles,M,Bronze
Barcelona,1992,Athletics,Athletics,"MCKOY, Mark",CAN,Men,110m hurdles,M,Gold
Barcelona,1992,Athletics,Athletics,"DEES, Tony",USA,Men,110m hurdles,M,Silver
Barcelona,1992,Athletics,Athletics,"SULAIMAN, Mohamed Ahmed",QAT,Men,1500m,M,Bronze
Barcelona,1992,Athletics,Athletics,"CACHO RUIZ, Fermin",ESP,Men,1500m,M,Gold
Barcelona,1992,Athletics,Athletics,"EL BASIR, Rachid",MAR,Men,1500m,M,Silver
Barcelona,1992,Athletics,Athletics,"QU, Yunxia",CHN,Women,1500m,W,Bronze
Barcelona,1992,Athletics,Athletics,"BOULMERKA, Hassiba",ALG,Women,1500m,W,Gold
Barcelona,1992,Athletics,Athletics,"ROGACHEVA, Liudmila",EUN,Women,1500m,W,Silver
Barcelona,1992,Athletics,Athletics,"BATES, Michael D.",USA,Men,200m,M,Bronze
Barcelona,1992,Athletics,Athletics,"MARSH, Michael",USA,Men,200m,M,Gold
Barcelona,1992,Athletics,Athletics,"FREDERICKS, Frank",NAM,Men,200m,M,Silver
Barcelona,1992,Athletics,Athletics,"OTTEY-PAGE, Merlene",JAM,Women,200m,W,Bronze
Barcelona,1992,Athletics,Athletics,"TORRENCE, Gwen",USA,Women,200m,W,Gold
Barcelona,1992,Athletics,Athletics,"CUTHBERT, Juliet",JAM,Women,200m,W,Silver
Barcelona,1992,Athletics,Athletics,"DE BENEDICTIS, Giovanni",ITA,Men,20km walk,M,Bronze
Barcelona,1992,Athletics,Athletics,"PLAZA MONTERO, Daniel",ESP,Men,20km walk,M,Gold
Barcelona,1992,Athletics,Athletics,"LEBLANC, Guillaume",CAN,Men,20km walk,M,Silver
Barcelona,1992,Athletics,Athletics,"CHALMERS, Angela Frances",CAN,Women,3000m,W,Bronze
Barcelona,1992,Athletics,Athletics,"ROMANOVA, Elena",EUN,Women,3000m,W,Gold
Barcelona,1992,Athletics,Athletics,"DOROVSKIH, Tatiana",EUN,Women,3000m,W,Silver
Barcelona,1992,Athletics,Athletics,"MUTWOL, William",KEN,Men,3000m steeplechase,M,Bronze
Barcelona,1992,Athletics,Athletics,"BIRIR, Mathew",KEN,Men,3000m steeplechase,M,Gold
Barcelona,1992,Athletics,Athletics,"SANG, Patrick",KEN,Men,3000m steeplechase,M,Silver
Barcelona,1992,Athletics,Athletics,"KITUR, Samson",KEN,Men,400m,M,Bronze
Barcelona,1992,Athletics,Athletics,"WATTS, Quincy",USA,Men,400m,M,Gold
Barcelona,1992,Athletics,Athletics,"LEWIS, Steve",USA,Men,400m,M,Silver
Barcelona,1992,Athletics,Athletics,"RESTREPO GAVIRIA, Ximena",COL,Women,400m,W,Bronze
Barcelona,1992,Athletics,Athletics,"PEREC, Marie-Jose",FRA,Women,400m,W,Gold
Barcelona,1992,Athletics,Athletics,"BRYZGINA, Olga",EUN,Women,400m,W,Silver
Barcelona,1992,Athletics,Athletics,"AKABUSI, Kriss Kezie Uche",GBR,Men,400m hurdles,M,Bronze
Barcelona,1992,Athletics,Athletics,"YOUNG, Kevin Curtis",USA,Men,400m hurdles,M,Gold
Barcelona,1992,Athletics,Athletics,"GRAHAM, Winthrop",JAM,Men,400m hurdles,M,Silver
Barcelona,1992,Athletics,Athletics,"VICKERS, Janeene",USA,Women,400m hurdles,W,Bronze
Barcelona,1992,Athletics,Athletics,"GUNNELL, Sally Janet Jane",GBR,Women,400m hurdles,W,Gold
Barcelona,1992,Athletics,Athletics,"FARMER-PATRICK, Sandra",USA,Women,400m hurdles,W,Silver
Barcelona,1992,Athletics,Athletics,"AGUILERA RUIZ, Jorge Luis",CUB,Men,4x100m relay,M,Bronze
Barcelona,1992,Athletics,Athletics,"ISASI, Joel",CUB,Men,4x100m relay,M,Bronze
Barcelona,1992,Athletics,Athletics,"LAMELA, Joel",CUB,Men,4x100m relay,M,Bronze
Barcelona,1992,Athletics,Athletics,"SIMON, Andres",CUB,Men,4x100m relay,M,Bronze
Barcelona,1992,Athletics,Athletics,"BURRELL, Leroy",USA,Men,4x100m relay,M,Gold
Barcelona,1992,Athletics,Athletics,"JETT, James",USA,Men,4x100m relay,M,Gold
Barcelona,1992,Athletics,Athletics,"LEWIS, Carl",USA,Men,4x100m relay,M,Gold
Barcelona,1992,Athletics,Athletics,"MARSH, Michael",USA,Men,4x100m relay,M,Gold
Barcelona,1992,Athletics,Athletics,"MITCHELL, Dennis",USA,Men,4x100m relay,M,Gold
Barcelona,1992,Athletics,Athletics,"ADENIKEN, Olapade",NGR,Men,4x100m relay,M,Silver
Barcelona,1992,Athletics,Athletics,"EZINWA, Davidson",NGR,Men,4x100m relay,M,Silver
Barcelona,1992,Athletics,Athletics,"EZINWA, Osmond",NGR,Men,4x100m relay,M,Silver
Barcelona,1992,Athletics,Athletics,"IMOH, Chidi",NGR,Men,4x100m relay,M,Silver
Barcelona,1992,Athletics,Athletics,"KAYODE, Oluyemi",NGR,Men,4x100m relay,M,Silver
Barcelona,1992,Athletics,Athletics,"IDEHEN, Faith",NGR,Women,4x100m relay,W,Bronze
Barcelona,1992,Athletics,Athletics,"ONYALI, Mary",NGR,Women,4x100m relay,W,Bronze
Barcelona,1992,Athletics,Athletics,"OPARA-THOMPSON, Christy Thompson",NGR,Women,4x100m relay,W,Bronze
Barcelona,1992,Athletics,Athletics,"UTONDU, Beatrice",NGR,Women,4x100m relay,W,Bronze
Barcelona,1992,Athletics,Athletics,"ASHFORD, Evelyn",USA,Women,4x100m relay,W,Gold
Barcelona,1992,Athletics,Athletics,"FINN, Michelle",USA,Women,4x100m relay,W,Gold
Barcelona,1992,Athletics,Athletics,"GUIDRY-WHITE, Carlette D.",USA,Women,4x100m relay,W,Gold
Barcelona,1992,Athletics,Athletics,"JONES, Esther",USA,Women,4x100m relay,W,Gold
Barcelona,1992,Athletics,Athletics,"TORRENCE, Gwen",USA,Women,4x100m relay,W,Gold
Barcelona,1992,Athletics,Athletics,"BOGOSLOVSKAYA, Olga",EUN,Women,4x100m relay,W,Silver
Barcelona,1992,Athletics,Athletics,"MALTCHOUGUINA, Galina",EUN,Women,4x100m relay,W,Silver
Barcelona,1992,Athletics,Athletics,"PRIVALOVA, Irina",EUN,Women,4x100m relay,W,Silver
Barcelona,1992,Athletics,Athletics,"TRANDENKOVA, Marina",EUN,Women,4x100m relay,W,Silver
Barcelona,1992,Athletics,Athletics,"AKABUSI, Kriss Kezie Uche",GBR,Men,4x400m relay,M,Bronze
Barcelona,1992,Athletics,Athletics,"BLACK, Roger",GBR,Men,4x400m relay,M,Bronze
Barcelona,1992,Athletics,Athletics,"GRINDLEY, David Allan",GBR,Men,4x400m relay,M,Bronze
Barcelona,1992,Athletics,Athletics,"LADEJO, Duaine",GBR,Men,4x400m relay,M,Bronze
Barcelona,1992,Athletics,Athletics,"REGIS, John Paul Lyndon",GBR,Men,4x400m relay,M,Bronze
Barcelona,1992,Athletics,Athletics,"RICHARDSON, Mark Ashton",GBR,Men,4x400m relay,M,Bronze
Barcelona,1992,Athletics,Athletics,"HALL, Darnell",USA,Men,4x400m relay,M,Gold
Barcelona,1992,Athletics,Athletics,"JENKINS, Charles L.",USA,Men,4x400m relay,M,Gold
Barcelona,1992,Athletics,Athletics,"JOHNSON, Michael",USA,Men,4x400m relay,M,Gold
Barcelona,1992,Athletics,Athletics,"LEWIS, Steve",USA,Men,4x400m relay,M,Gold
Barcelona,1992,Athletics,Athletics,"VALMON, Andrew",USA,Men,4x400m relay,M,Gold
Barcelona,1992,Athletics,Athletics,"WATTS, Quincy",USA,Men,4x400m relay,M,Gold
Barcelona,1992,Athletics,Athletics,"HERNANDEZ PRENDES, Roberto",CUB,Men,4x400m relay,M,Silver
Barcelona,1992,Athletics,Athletics,"HERRERA ORTIZ, Hector",CUB,Men,4x400m relay,M,Silver
Barcelona,1992,Athletics,Athletics,"MARTINEZ DESPAIGNE, Lazaro",CUB,Men,4x400m relay,M,Silver
Barcelona,1992,Athletics,Athletics,"TELLEZ, Norberto",CUB,Men,4x400m relay,M,Silver
Barcelona,1992,Athletics,Athletics,"DOUGLAS, Sandra Marie",GBR,Women,4x400m relay,W,Bronze
Barcelona,1992,Athletics,Athletics,"GUNNELL, Sally Janet Jane",GBR,Women,4x400m relay,W,Bronze
Barcelona,1992,Athletics,Athletics,"SMITH, Phylis",GBR,Women,4x400m relay,W,Bronze
Barcelona,1992,Athletics,Athletics,"STOUTE, Jennifer",GBR,Women,4x400m relay,W,Bronze
Barcelona,1992,Athletics,Athletics,"BRYZGINA, Olga",EUN,Women,4x400m relay,W,Gold
Barcelona,1992,Athletics,Athletics,"CHMONINA, Marina",EUN,Women,4x400m relay,W,Gold
Barcelona,1992,Athletics,Athletics,"DJIGALOVA, Lioudmila",EUN,Women,4x400m relay,W,Gold
Barcelona,1992,Athletics,Athletics,"NAZAROVA, Olga",EUN,Women,4x400m relay,W,Gold
Barcelona,1992,Athletics,Athletics,"NURUTDINOVA, Lilia",EUN,Women,4x400m relay,W,Gold
Barcelona,1992,Athletics,Athletics,"ROUZINA, Yelena",EUN,Women,4x400m relay,W,Gold
Barcelona,1992,Athletics,Athletics,"HILL, Denean",USA,Women,4x400m relay,W,Silver
Barcelona,1992,Athletics,Athletics,"KAISER, Natasha",USA,Women,4x400m relay,W,Silver
Barcelona,1992,Athletics,Athletics,"MILES, Jearl",USA,Women,4x400m relay,W,Silver
Barcelona,1992,Athletics,Athletics,"STEVENS, Rochelle",USA,Women,4x400m relay,W,Silver
Barcelona,1992,Athletics,Athletics,"TORRENCE, Gwen",USA,Women,4x400m relay,W,Silver
Barcelona,1992,Athletics,Athletics,"YOUNG, Dannette",USA,Women,4x400m relay,W,Silver
Barcelona,1992,Athletics,Athletics,"BAYISA, Fita",ETH,Men,5000m,M,Bronze
Barcelona,1992,Athletics,Athletics,"BAUMANN, Dieter",GER,Men,5000m,M,Gold
Barcelona,1992,Athletics,Athletics,"BITOK, Paul",KEN,Men,5000m,M,Silver
Barcelona,1992,Athletics,Athletics,"WEIGEL, Ronald",GER,Men,50km walk,M,Bronze
Barcelona,1992,Athletics,Athletics,"PERLOV, Andrey",EUN,Men,50km walk,M,Gold
Barcelona,1992,Athletics,Athletics,"MERCENARIO CARBAJAL, Carlos",MEX,Men,50km walk,M,Silver
Barcelona,1992,Athletics,Athletics,"GRAY, Johnny Lee Jr",USA,Men,800m,M,Bronze
Barcelona,1992,Athletics,Athletics,"TANUI, William",KEN,Men,800m,M,Gold
Barcelona,1992,Athletics,Athletics,"KIPROTICH, Nixon",KEN,Men,800m,M,Silver
Barcelona,1992,Athletics,Athletics,"QUIROT, Ana Fidelia",CUB,Women,800m,W,Bronze
Barcelona,1992,Athletics,Athletics,"VAN LANGEN, Ellen",NED,Women,800m,W,Gold
Barcelona,1992,Athletics,Athletics,"NURUTDINOVA, Lilia",EUN,Women,800m,W,Silver
Barcelona,1992,Athletics,Athletics,"JOHNSON, David Allan",USA,Men,decathlon,M,Bronze
Barcelona,1992,Athletics,Athletics,"ZMELIK, Robert",TCH,Men,decathlon,M,Gold
Barcelona,1992,Athletics,Athletics,"PENALVER ASENSIO, Antonio",ESP,Men,decathlon,M,Silver
Barcelona,1992,Athletics,Athletics,"MOYA, Roberto S.",CUB,Men,discus throw,M,Bronze
Barcelona,1992,Athletics,Athletics,"UBARTAS, Romas",LTU,Men,discus throw,M,Gold
Barcelona,1992,Athletics,Athletics,"SCHULT, Jürgen",GER,Men,discus throw,M,Silver
Barcelona,1992,Athletics,Athletics,"COSTIAN, Daniela",AUS,Women,discus throw,W,Bronze
Barcelona,1992,Athletics,Athletics,"MARTEN, Maritza",CUB,Women,discus throw,W,Gold
Barcelona,1992,Athletics,Athletics,"KHRISTOVA, Tzvetanka Pavlova",BUL,Women,discus throw,W,Silver
Barcelona,1992,Athletics,Athletics,"NIKOULINE, Igor",EUN,Men,hammer throw,M,Bronze
Barcelona,1992,Athletics,Athletics,"ABDUVALIEV, Andrey",EUN,Men,hammer throw,M,Gold
Barcelona,1992,Athletics,Athletics,"ASTAPKOVICH, Igor",EUN,Men,hammer throw,M,Silver
Barcelona,1992,Athletics,Athletics,"BRAUN, Sabine",GER,Women,heptathlon,W,Bronze
Barcelona,1992,Athletics,Athletics,"JOYNER-KERSEE, Jackie",USA,Women,heptathlon,W,Gold
Barcelona,1992,Athletics,Athletics,"BELOVA, Irina",EUN,Women,heptathlon,W,Silver
Barcelona,1992,Athletics,Athletics,"CONWAY, Hollis",USA,Men,high jump,M,Bronze
Barcelona,1992,Athletics,Athletics,"FORSYTH, Timothy",AUS,Men,high jump,M,Bronze
Barcelona,1992,Athletics,Athletics,"PARTYKA, Artur",POL,Men,high jump,M,Bronze
Barcelona,1992,Athletics,Athletics,"SOTOMAYOR, Javier",CUB,Men,high jump,M,Gold
Barcelona,1992,Athletics,Athletics,"SJÖBERG, Patrick",SWE,Men,high jump,M,Silver
Barcelona,1992,Athletics,Athletics,"QUINTERO, Joanet",CUB,Women,high jump,W,Bronze
Barcelona,1992,Athletics,Athletics,"HENKEL, Heike",GER,Women,high jump,W,Gold
Barcelona,1992,Athletics,Athletics,"ASTAFEI, Galina",ROU,Women,high jump,W,Silver
Barcelona,1992,Athletics,Athletics,"BACKLEY, Steve",GBR,Men,javelin throw,M,Bronze
Barcelona,1992,Athletics,Athletics,"ZELEZNY, Jan",TCH,Men,javelin throw,M,Gold
Barcelona,1992,Athletics,Athletics,"RATY, Seppo Henrik",FIN,Men,javelin throw,M,Silver
