Beijing,2008,Aquatics,Water polo,"KLEIN, Noeki",NED,Women,water polo,W,Gold
Beijing,2008,Aquatics,Water polo,"KOOT, Simone",NED,Women,water polo,W,Gold
Beijing,2008,Aquatics,Water polo,"SIJBRING, Alette",NED,Women,water polo,W,Gold
Beijing,2008,Aquatics,Water polo,"SMIT, Yasemin",NED,Women,water polo,W,Gold
Beijing,2008,Aquatics,Water polo,"VAN BELKUM, Iefke",NED,Women,water polo,W,Gold
Beijing,2008,Aquatics,Water polo,"VAN DEN BERG, Gillian",NED,Women,water polo,W,Gold
Beijing,2008,Aquatics,Water polo,"VAN DEN HAM, Marieke",NED,Women,water polo,W,Gold
Beijing,2008,Aquatics,Water polo,"VAN DER MEIJDEN, Ilse",NED,Women,water polo,W,Gold
Beijing,2008,Aquatics,Water polo,"ARMSTRONG, Elizabeth",USA,Women,water polo,W,Silver
Beijing,2008,Aquatics,Water polo,"CARDENAS, Patty",USA,Women,water polo,W,Silver
Beijing,2008,Aquatics,Water polo,"CRAIG, Kami",USA,Women,water polo,W,Silver
Beijing,2008,Aquatics,Water polo,"GOLDA, Natalie",USA,Women,water polo,W,Silver
Beijing,2008,Aquatics,Water polo,"GREGORKA, Alison",USA,Women,water polo,W,Silver
Beijing,2008,Aquatics,Water polo,"HAYES, Brittany",USA,Women,water polo,W,Silver
Beijing,2008,Aquatics,Water polo,"HIPP, Jaime",USA,Women,water polo,W,Silver
Beijing,2008,Aquatics,Water polo,"PETRI, Heather",USA,Women,water polo,W,Silver
Beijing,2008,Aquatics,Water polo,"STEFFENS, Jessica",USA,Women,water polo,W,Silver
Beijing,2008,Aquatics,Water polo,"VAN NORMAN, Moriah",USA,Women,water polo,W,Silver
Beijing,2008,Aquatics,Water polo,"VILLA, Brenda",USA,Women,water polo,W,Silver
Beijing,2008,Aquatics,Water polo,"WENGER, Lauren",USA,Women,water polo,W,Silver
Beijing,2008,Aquatics,Water polo,"WINDES, Elsie",USA,Women,water polo,W,Silver
Beijing,2008,Archery,Archery,"BADENOV, Bair",RUS,Men,individual (FITA Olympic round - 70m),M,Bronze
Beijing,2008,Archery,Archery,"RUBAN, Viktor",UKR,Men,individual (FITA Olympic round - 70m),M,Gold
Beijing,2008,Archery,Archery,"PARK, Kyung-Mo",KOR,Men,individual (FITA Olympic round - 70m),M,Silver
Beijing,2008,Archery,Archery,"YUN, Ok-Hee",KOR,Women,individual (FITA Olympic round - 70m),W,Bronze
Beijing,2008,Archery,Archery,"ZHANG, Juan Juan",CHN,Women,individual (FITA Olympic round - 70m),W,Gold
Beijing,2008,Archery,Archery,"PARK, Sung-Hyun",KOR,Women,individual (FITA Olympic round - 70m),W,Silver
Beijing,2008,Archery,Archery,"JIANG, Lin",CHN,Men,team (FITA Olympic round - 70m),M,Bronze
Beijing,2008,Archery,Archery,"LI, Wenquan",CHN,Men,team (FITA Olympic round - 70m),M,Bronze
Beijing,2008,Archery,Archery,"XUE, Hai Feng",CHN,Men,team (FITA Olympic round - 70m),M,Bronze
Beijing,2008,Archery,Archery,"IM, Dong-Hyun",KOR,Men,team (FITA Olympic round - 70m),M,Gold
Beijing,2008,Archery,Archery,"LEE, Chang-Hwan",KOR,Men,team (FITA Olympic round - 70m),M,Gold
Beijing,2008,Archery,Archery,"PARK, Kyung-Mo",KOR,Men,team (FITA Olympic round - 70m),M,Gold
Beijing,2008,Archery,Archery,"DI BUO', Ilario",ITA,Men,team (FITA Olympic round - 70m),M,Silver
Beijing,2008,Archery,Archery,"GALIAZZO, Marco",ITA,Men,team (FITA Olympic round - 70m),M,Silver
Beijing,2008,Archery,Archery,"NESPOLI, Mauro",ITA,Men,team (FITA Olympic round - 70m),M,Silver
Beijing,2008,Archery,Archery,"ARNOLD, Virginie",FRA,Women,team (FITA Olympic round - 70m),W,Bronze
Beijing,2008,Archery,Archery,"DODEMONT, Sophie",FRA,Women,team (FITA Olympic round - 70m),W,Bronze
Beijing,2008,Archery,Archery,"SCHUH, Berengere",FRA,Women,team (FITA Olympic round - 70m),W,Bronze
Beijing,2008,Archery,Archery,"JOO, Hyun-Jung",KOR,Women,team (FITA Olympic round - 70m),W,Gold
Beijing,2008,Archery,Archery,"PARK, Sung-Hyun",KOR,Women,team (FITA Olympic round - 70m),W,Gold
Beijing,2008,Archery,Archery,"YUN, Ok-Hee",KOR,Women,team (FITA Olympic round - 70m),W,Gold
Beijing,2008,Archery,Archery,"CHEN, Ling",CHN,Women,team (FITA Olympic round - 70m),W,Silver
Beijing,2008,Archery,Archery,"GUO, Dan",CHN,Women,team (FITA Olympic round - 70m),W,Silver
Beijing,2008,Archery,Archery,"ZHANG, Juan Juan",CHN,Women,team (FITA Olympic round - 70m),W,Silver
Beijing,2008,Athletics,Athletics,"KOGO, Micah",KEN,Men,10000m,M,Bronze
Beijing,2008,Athletics,Athletics,"BEKELE, Kenenisa",ETH,Men,10000m,M,Gold
Beijing,2008,Athletics,Athletics,"SIHINE, Sileshi",ETH,Men,10000m,M,Silver
Beijing,2008,Athletics,Athletics,"FLANAGAN, Shalane",USA,Women,10000m,W,Bronze
Beijing,2008,Athletics,Athletics,"DIBABA, Tirunesh",ETH,Women,10000m,W,Gold
Beijing,2008,Athletics,Athletics,"ABEYLEGESSE, Elvan",TUR,Women,10000m,W,Silver
Beijing,2008,Athletics,Athletics,"DIX, Walter",USA,Men,100m,M,Bronze
Beijing,2008,Athletics,Athletics,"BOLT, Usain",JAM,Men,100m,M,Gold
Beijing,2008,Athletics,Athletics,"THOMPSON, Richard",TRI,Men,100m,M,Silver
Beijing,2008,Athletics,Athletics,"FRASER, Shelly-ann",JAM,Women,100m,W,Gold
Beijing,2008,Athletics,Athletics,"SIMPSON, Sherone",JAM,Women,100m,W,Silver
Beijing,2008,Athletics,Athletics,"STEWART, Kerron",JAM,Women,100m,W,Silver
Beijing,2008,Athletics,Athletics,"LOPES-SCHLIEP, Priscilla",CAN,Women,100m hurdles,W,Bronze
Beijing,2008,Athletics,Athletics,"HARPER, Dawn",USA,Women,100m hurdles,W,Gold
Beijing,2008,Athletics,Athletics,"MCLELLAN, Sally",AUS,Women,100m hurdles,W,Silver
Beijing,2008,Athletics,Athletics,"OLIVER, David",USA,Men,110m hurdles,M,Bronze
Beijing,2008,Athletics,Athletics,"ROBLES, Dayron",CUB,Men,110m hurdles,M,Gold
Beijing,2008,Athletics,Athletics,"PAYNE, David",USA,Men,110m hurdles,M,Silver
Beijing,2008,Athletics,Athletics,"BAALA, Mehdi",FRA,Men,1500m,M,Bronze
Beijing,2008,Athletics,Athletics,"KIPROP, Asbel Kipruto",KEN,Men,1500m,M,Gold
Beijing,2008,Athletics,Athletics,"WILLIS, Nicholas",NZL,Men,1500m,M,Silver
Beijing,2008,Athletics,Athletics,"TOBIAS, Nataliya",UKR,Women,1500m,W,Bronze
Beijing,2008,Athletics,Athletics,"LANGAT, Nancy jebet",KEN,Women,1500m,W,Gold
Beijing,2008,Athletics,Athletics,"LISHCHYNSKA, Iryna",UKR,Women,1500m,W,Silver
Beijing,2008,Athletics,Athletics,"DIX, Walter",USA,Men,200m,M,Bronze
Beijing,2008,Athletics,Athletics,"BOLT, Usain",JAM,Men,200m,M,Gold
Beijing,2008,Athletics,Athletics,"CRAWFORD, Shawn",USA,Men,200m,M,Silver
Beijing,2008,Athletics,Athletics,"STEWART, Kerron",JAM,Women,200m,W,Bronze
Beijing,2008,Athletics,Athletics,"CAMPBELL-BROWN, Veronica",JAM,Women,200m,W,Gold
Beijing,2008,Athletics,Athletics,"FELIX, Allyson",USA,Women,200m,W,Silver
Beijing,2008,Athletics,Athletics,"RIGAUDO, Elisa",ITA,Women,20km race walk,W,Bronze
Beijing,2008,Athletics,Athletics,"KANISKINA, Olga",RUS,Women,20km race walk,W,Gold
Beijing,2008,Athletics,Athletics,"PLATZER, Kjersti Tysse",NOR,Women,20km race walk,W,Silver
Beijing,2008,Athletics,Athletics,"TALLENT, Jared",AUS,Men,20km walk,M,Bronze
Beijing,2008,Athletics,Athletics,"BORCHIN, Valeriy",RUS,Men,20km walk,M,Gold
Beijing,2008,Athletics,Athletics,"PEREZ, Jefferson",ECU,Men,20km walk,M,Silver
Beijing,2008,Athletics,Athletics,"MATEELONG, Richard Kipkemboi",KEN,Men,3000m steeplechase,M,Bronze
Beijing,2008,Athletics,Athletics,"KIPRUTO, Brimin Kiprop",KEN,Men,3000m steeplechase,M,Gold
Beijing,2008,Athletics,Athletics,"MEKHISSI-B., Mahiedine",FRA,Men,3000m steeplechase,M,Silver
Beijing,2008,Athletics,Athletics,"VOLKOVA, Ekaterina",RUS,Women,3000m steeplechase,W,Bronze
Beijing,2008,Athletics,Athletics,"GALKINA-SAMITOVA, Gulnara",RUS,Women,3000m steeplechase,W,Gold
Beijing,2008,Athletics,Athletics,"JEPKORIR, Eunice",KEN,Women,3000m steeplechase,W,Silver
Beijing,2008,Athletics,Athletics,"NEVILLE, David",USA,Men,400m,M,Bronze
Beijing,2008,Athletics,Athletics,"MERRITT, LaShawn",USA,Men,400m,M,Gold
Beijing,2008,Athletics,Athletics,"WARINER, Jeremy",USA,Men,400m,M,Silver
Beijing,2008,Athletics,Athletics,"RICHARDS, Sanya",USA,Women,400m,W,Bronze
Beijing,2008,Athletics,Athletics,"OHURUOGU, Christine",GBR,Women,400m,W,Gold
Beijing,2008,Athletics,Athletics,"WILLIAMS, Shericka",JAM,Women,400m,W,Silver
Beijing,2008,Athletics,Athletics,"JACKSON, Bershawn",USA,Men,400m hurdles,M,Bronze
Beijing,2008,Athletics,Athletics,"TAYLOR, Angelo",USA,Men,400m hurdles,M,Gold
Beijing,2008,Athletics,Athletics,"CLEMENT, Kerron",USA,Men,400m hurdles,M,Silver
Beijing,2008,Athletics,Athletics,"DANVERS, Tasha",GBR,Women,400m hurdles,W,Bronze
Beijing,2008,Athletics,Athletics,"WALKER, Melaine",JAM,Women,400m hurdles,W,Gold
Beijing,2008,Athletics,Athletics,"TOSTA, Sheena",USA,Women,400m hurdles,W,Silver
Beijing,2008,Athletics,Athletics,"ASAHARA, Nobuharu",JPN,Men,4x100m relay,M,Bronze
Beijing,2008,Athletics,Athletics,"SUETSUGU, Shingo",JPN,Men,4x100m relay,M,Bronze
Beijing,2008,Athletics,Athletics,"TAKAHIRA, Shinji",JPN,Men,4x100m relay,M,Bronze
Beijing,2008,Athletics,Athletics,"TSUKAHARA, Naoki",JPN,Men,4x100m relay,M,Bronze
Beijing,2008,Athletics,Athletics,"BOLT, Usain",JAM,Men,4x100m relay,M,Gold
Beijing,2008,Athletics,Athletics,"CARTER, Nesta",JAM,Men,4x100m relay,M,Gold
Beijing,2008,Athletics,Athletics,"FRATER, Michael",JAM,Men,4x100m relay,M,Gold
Beijing,2008,Athletics,Athletics,"POWELL, Asafa",JAM,Men,4x100m relay,M,Gold
Beijing,2008,Athletics,Athletics,"BLEDMAN, Keston",TRI,Men,4x100m relay,M,Silver
Beijing,2008,Athletics,Athletics,"BURNS, Marc",TRI,Men,4x100m relay,M,Silver
Beijing,2008,Athletics,Athletics,"CALLENDER, Emmanuel",TRI,Men,4x100m relay,M,Silver
Beijing,2008,Athletics,Athletics,"THOMPSON, Richard",TRI,Men,4x100m relay,M,Silver
Beijing,2008,Athletics,Athletics,"IDOKO, Franca",NGR,Women,4x100m relay,W,Bronze
Beijing,2008,Athletics,Athletics,"ISMAILA, Halimat",NGR,Women,4x100m relay,W,Bronze
Beijing,2008,Athletics,Athletics,"KEMASUODE, Gloria",NGR,Women,4x100m relay,W,Bronze
Beijing,2008,Athletics,Athletics,"OSAYOMI, Oludamola",NGR,Women,4x100m relay,W,Bronze
Beijing,2008,Athletics,Athletics,"CHERMOSHANSKAYA, Yuliya",RUS,Women,4x100m relay,W,Gold
Beijing,2008,Athletics,Athletics,"FEDORIVA, Aleksandra",RUS,Women,4x100m relay,W,Gold
Beijing,2008,Athletics,Athletics,"GUSHCHINA, Yulia",RUS,Women,4x100m relay,W,Gold
Beijing,2008,Athletics,Athletics,"POLYAKOVA, Evgeniya",RUS,Women,4x100m relay,W,Gold
Beijing,2008,Athletics,Athletics,"BORLEE, Olivia",BEL,Women,4x100m relay,W,Silver
Beijing,2008,Athletics,Athletics,"GEVAERT, Kim",BEL,Women,4x100m relay,W,Silver
Beijing,2008,Athletics,Athletics,"MARIEN, Hanna",BEL,Women,4x100m relay,W,Silver
Beijing,2008,Athletics,Athletics,"OUEDRAOGO, Elodie",BEL,Women,4x100m relay,W,Silver
Beijing,2008,Athletics,Athletics,"ALEXEEV, Denis",RUS,Men,4x400m relay,M,Bronze
Beijing,2008,Athletics,Athletics,"DYLDIN, Maksim",RUS,Men,4x400m relay,M,Bronze
Beijing,2008,Athletics,Athletics,"FROLOV, Vladislav",RUS,Men,4x400m relay,M,Bronze
Beijing,2008,Athletics,Athletics,"KOKORIN, Anton",RUS,Men,4x400m relay,M,Bronze
Beijing,2008,Athletics,Athletics,"MERRITT, LaShawn",USA,Men,4x400m relay,M,Gold
Beijing,2008,Athletics,Athletics,"NEVILLE, David",USA,Men,4x400m relay,M,Gold
Beijing,2008,Athletics,Athletics,"TAYLOR, Angelo",USA,Men,4x400m relay,M,Gold
Beijing,2008,Athletics,Athletics,"WARINER, Jeremy",USA,Men,4x400m relay,M,Gold
Beijing,2008,Athletics,Athletics,"BAIN, Andretti",BAH,Men,4x400m relay,M,Silver
Beijing,2008,Athletics,Athletics,"BROWN, Christopher",BAH,Men,4x400m relay,M,Silver
Beijing,2008,Athletics,Athletics,"MATHIEU, Michael",BAH,Men,4x400m relay,M,Silver
Beijing,2008,Athletics,Athletics,"WILLIAMS, Andrae",BAH,Men,4x400m relay,M,Silver
Beijing,2008,Athletics,Athletics,"LLOYD, Shereefa",JAM,Women,4x400m relay,W,Bronze
Beijing,2008,Athletics,Athletics,"WHYTE, Rosemarie",JAM,Women,4x400m relay,W,Bronze
Beijing,2008,Athletics,Athletics,"WILLIAMS, Novelene",JAM,Women,4x400m relay,W,Bronze
Beijing,2008,Athletics,Athletics,"WILLIAMS, Shericka",JAM,Women,4x400m relay,W,Bronze
Beijing,2008,Athletics,Athletics,"FELIX, Allyson",USA,Women,4x400m relay,W,Gold
Beijing,2008,Athletics,Athletics,"HENDERSON, Monique",USA,Women,4x400m relay,W,Gold
Beijing,2008,Athletics,Athletics,"RICHARDS, Sanya",USA,Women,4x400m relay,W,Gold
Beijing,2008,Athletics,Athletics,"WINEBERG, Mary",USA,Women,4x400m relay,W,Gold
Beijing,2008,Athletics,Athletics,"FIROVA, Tatiana",RUS,Women,4x400m relay,W,Silver
Beijing,2008,Athletics,Athletics,"GUSHCHINA, Yulia",RUS,Women,4x400m relay,W,Silver
Beijing,2008,Athletics,Athletics,"KAPACHINSKAYA, Anastasia",RUS,Women,4x400m relay,W,Silver
Beijing,2008,Athletics,Athletics,"LITVINOVA, Liudmila",RUS,Women,4x400m relay,W,Silver
Beijing,2008,Athletics,Athletics,"SOI, Edwin Cheruiyot",KEN,Men,5000m,M,Bronze
Beijing,2008,Athletics,Athletics,"BEKELE, Kenenisa",ETH,Men,5000m,M,Gold
Beijing,2008,Athletics,Athletics,"KIPCHOGE, Eliud",KEN,Men,5000m,M,Silver
Beijing,2008,Athletics,Athletics,"DEFAR, Meseret",ETH,Women,5000m,W,Bronze
Beijing,2008,Athletics,Athletics,"DIBABA, Tirunesh",ETH,Women,5000m,W,Gold
Beijing,2008,Athletics,Athletics,"ABEYLEGESSE, Elvan",TUR,Women,5000m,W,Silver
Beijing,2008,Athletics,Athletics,"NIZHEGORODOV, Denis",RUS,Men,50km walk,M,Bronze
Beijing,2008,Athletics,Athletics,"SCHWAZER, Alex",ITA,Men,50km walk,M,Gold
Beijing,2008,Athletics,Athletics,"TALLENT, Jared",AUS,Men,50km walk,M,Silver
Beijing,2008,Athletics,Athletics,"YEGO, Alfred Kirwa",KEN,Men,800m,M,Bronze
Beijing,2008,Athletics,Athletics,"BUNGEI, Wilfred",KEN,Men,800m,M,Gold
Beijing,2008,Athletics,Athletics,"ISMAIL, Ismail Ahmed",SUD,Men,800m,M,Silver
Beijing,2008,Athletics,Athletics,"BENHASSI, Hasna",MAR,Women,800m,W,Bronze
Beijing,2008,Athletics,Athletics,"JELIMO, Pamela",KEN,Women,800m,W,Gold
Beijing,2008,Athletics,Athletics,"BUSIENEI, Janeth Jepkosgei",KEN,Women,800m,W,Silver
Beijing,2008,Athletics,Athletics,"SUAREZ, Leonel",CUB,Men,decathlon,M,Bronze
Beijing,2008,Athletics,Athletics,"CLAY, Bryan",USA,Men,decathlon,M,Gold
Beijing,2008,Athletics,Athletics,"KRAUCHANKA, Andrei",BLR,Men,decathlon,M,Silver
Beijing,2008,Athletics,Athletics,"ALEKNA, Virgilijus",LTU,Men,discus throw,M,Bronze
Beijing,2008,Athletics,Athletics,"KANTER, Gerd",EST,Men,discus throw,M,Gold
Beijing,2008,Athletics,Athletics,"MALACHOWSKI, Piotr",POL,Men,discus throw,M,Silver
Beijing,2008,Athletics,Athletics,"ANTONOVA, Olena",UKR,Women,discus throw,W,Bronze
Beijing,2008,Athletics,Athletics,"BROWN TRAFTON, Stephanie",USA,Women,discus throw,W,Gold
Beijing,2008,Athletics,Athletics,"BARRIOS, Yarelys",CUB,Women,discus throw,W,Silver
Beijing,2008,Athletics,Athletics,"TSIKHAN, Ivan",BLR,Men,hammer throw,M,Bronze
Beijing,2008,Athletics,Athletics,"KOZMUS, Primoz",SLO,Men,hammer throw,M,Gold
Beijing,2008,Athletics,Athletics,"DEVYATOVSKIY, Vadim",BLR,Men,hammer throw,M,Silver
Beijing,2008,Athletics,Athletics,"ZHANG, Wenxiu",CHN,Women,hammer throw,W,Bronze
Beijing,2008,Athletics,Athletics,"MIANKOVA, Aksana",BLR,Women,hammer throw,W,Gold
Beijing,2008,Athletics,Athletics,"MORENO, Yipsi",CUB,Women,hammer throw,W,Silver
Beijing,2008,Athletics,Athletics,"CHERNOVA, Tatiana",RUS,Women,heptathlon,W,Bronze
Beijing,2008,Athletics,Athletics,"DOBRYNSKA, Nataliia",UKR,Women,heptathlon,W,Gold
Beijing,2008,Athletics,Athletics,"FOUNTAIN, Hyleas",USA,Women,heptathlon,W,Silver
Beijing,2008,Athletics,Athletics,"RYBAKOV, Yaroslav",RUS,Men,high jump,M,Bronze
Beijing,2008,Athletics,Athletics,"SILNOV, Andrey",RUS,Men,high jump,M,Gold
Beijing,2008,Athletics,Athletics,"MASON, Germaine",GBR,Men,high jump,M,Silver
Beijing,2008,Athletics,Athletics,"CHICHEROVA, Anna",RUS,Women,high jump,W,Bronze
Beijing,2008,Athletics,Athletics,"HELLEBAUT, Tia",BEL,Women,high jump,W,Gold
Beijing,2008,Athletics,Athletics,"VLASIC, Blanka",CRO,Women,high jump,W,Silver
Beijing,2008,Athletics,Athletics,"PITKAMAKI, Tero",FIN,Men,javelin throw,M,Bronze
Beijing,2008,Athletics,Athletics,"THORKILDSEN, Andreas",NOR,Men,javelin throw,M,Gold
Beijing,2008,Athletics,Athletics,"KOVALS, Ainars",LAT,Men,javelin throw,M,Silver
Beijing,2008,Athletics,Athletics,"OBERGFOLL, Christina",GER,Women,javelin throw,W,Bronze
Beijing,2008,Athletics,Athletics,"SPOTAKOVA, Barbora",CZE,Women,javelin throw,W,Gold
Beijing,2008,Athletics,Athletics,"ABAKUMOVA, Maria",RUS,Women,javelin throw,W,Silver
Beijing,2008,Athletics,Athletics,"CAMEJO, Ibrahim",CUB,Men,long jump,M,Bronze
Beijing,2008,Athletics,Athletics,"SALADINO ARANDA, Irving Jahir",PAN,Men,long jump,M,Gold
Beijing,2008,Athletics,Athletics,"MOKOENA, Khotso",RSA,Men,long jump,M,Silver
Beijing,2008,Athletics,Athletics,"OKAGBARE, Blessing",NGR,Women,long jump,W,Bronze
Beijing,2008,Athletics,Athletics,"MAGGI, Maurren Higa",BRA,Women,long jump,W,Gold
Beijing,2008,Athletics,Athletics,"LEBEDEVA, Tatyana",RUS,Women,long jump,W,Silver
Beijing,2008,Athletics,Athletics,"KEBEDE, Tsegay",ETH,Men,marathon,M,Bronze
Beijing,2008,Athletics,Athletics,"WANSIRU, Samuel Kamau",KEN,Men,marathon,M,Gold
Beijing,2008,Athletics,Athletics,"GHARIB, Jaouad",MAR,Men,marathon,M,Silver
Beijing,2008,Athletics,Athletics,"ZHOU, Chunxiu",CHN,Women,marathon,W,Bronze
Beijing,2008,Athletics,Athletics,"TOMESCU, Constantina",ROU,Women,marathon,W,Gold
Beijing,2008,Athletics,Athletics,"NDEREBA, Catherine",KEN,Women,marathon,W,Silver
Beijing,2008,Athletics,Athletics,"YURCHENKO, Denys",UKR,Men,pole vault,M,Bronze
Beijing,2008,Athletics,Athletics,"HOOKER, Steve",AUS,Men,pole vault,M,Gold
Beijing,2008,Athletics,Athletics,"LUKYANENKO, Evgeny",RUS,Men,pole vault,M,Silver
Beijing,2008,Athletics,Athletics,"FEOFANOVA, Svetlana",RUS,Women,pole vault,W,Bronze
Beijing,2008,Athletics,Athletics,"ISINBAEVA, Elena",RUS,Women,pole vault,W,Gold
Beijing,2008,Athletics,Athletics,"STUCZYNSKI, Jennifer",USA,Women,pole vault,W,Silver
Beijing,2008,Athletics,Athletics,"MIKHNEVICH, Andrei",BLR,Men,shot put,M,Bronze
Beijing,2008,Athletics,Athletics,"MAJEWSKI, Tomasz",POL,Men,shot put,M,Gold
Beijing,2008,Athletics,Athletics,"CANTWELL, Christian",USA,Men,shot put,M,Silver
Beijing,2008,Athletics,Athletics,"OSTAPCHUK, Nadzeya",BLR,Women,shot put,W,Bronze
Beijing,2008,Athletics,Athletics,"VILI, Valerie",NZL,Women,shot put,W,Gold
Beijing,2008,Athletics,Athletics,"MIKHNEVICH, Natallia",BLR,Women,shot put,W,Silver
Beijing,2008,Athletics,Athletics,"SANDS, Leevan",BAH,Men,triple jump,M,Bronze
Beijing,2008,Athletics,Athletics,"EVORA, Nelson",POR,Men,triple jump,M,Gold
Beijing,2008,Athletics,Athletics,"IDOWU, Phillips",GBR,Men,triple jump,M,Silver
Beijing,2008,Athletics,Athletics,"DEVETZI, Hrysopiyi",GRE,Women,triple jump,W,Bronze
Beijing,2008,Athletics,Athletics,"MBANGO ETONE, Francoise",CMR,Women,triple jump,W,Gold
Beijing,2008,Athletics,Athletics,"LEBEDEVA, Tatyana",RUS,Women,triple jump,W,Silver
Beijing,2008,Badminton,Badminton,"HWANG, Jiman",KOR,Men,doubles,M,Bronze
Beijing,2008,Badminton,Badminton,"LEE, Jaejin",KOR,Men,doubles,M,Bronze
Beijing,2008,Badminton,Badminton,"HE, Hanbin",CHN,Men,doubles,X,Bronze
Beijing,2008,Badminton,Badminton,"KIDO, Markis",INA,Men,doubles,M,Gold
Beijing,2008,Badminton,Badminton,"SETIAWAN, Hendra",INA,Men,doubles,M,Gold
Beijing,2008,Badminton,Badminton,"LEE, Yongdae",KOR,Men,doubles,X,Gold
Beijing,2008,Badminton,Badminton,"CAI, Yun",CHN,Men,doubles,M,Silver
Beijing,2008,Badminton,Badminton,"FU, Haifeng",CHN,Men,doubles,M,Silver
Beijing,2008,Badminton,Badminton,"WIDIANTO, Nova",INA,Men,doubles,X,Silver
Beijing,2008,Badminton,Badminton,"WEI, Yili",CHN,Women,doubles,W,Bronze
Beijing,2008,Badminton,Badminton,"ZHANG, Yawen",CHN,Women,doubles,W,Bronze
Beijing,2008,Badminton,Badminton,"YU, Yang",CHN,Women,doubles,X,Bronze
Beijing,2008,Badminton,Badminton,"DU, Jing",CHN,Women,doubles,W,Gold
Beijing,2008,Badminton,Badminton,"YU, Yang",CHN,Women,doubles,W,Gold
Beijing,2008,Badminton,Badminton,"LEE, Hyojung",KOR,Women,doubles,X,Gold
Beijing,2008,Badminton,Badminton,"LEE, Hyojung",KOR,Women,doubles,W,Silver
Beijing,2008,Badminton,Badminton,"LEE, Kyungwon",KOR,Women,doubles,W,Silver
Beijing,2008,Badminton,Badminton,LILIYANA,INA,Women,doubles,X,Silver
Beijing,2008,Badminton,Badminton,"CHEN, Jin",CHN,Men,singles,M,Bronze
Beijing,2008,Badminton,Badminton,"LIN, Dan",CHN,Men,singles,M,Gold
Beijing,2008,Badminton,Badminton,"LEE, Chong Wei",MAS,Men,singles,M,Silver
Beijing,2008,Badminton,Badminton,"YULIANTI, Maria Kristin",INA,Women,singles,W,Bronze
Beijing,2008,Badminton,Badminton,"ZHANG, Ning",CHN,Women,singles,W,Gold
Beijing,2008,Badminton,Badminton,"XIE, Xingfang",CHN,Women,singles,W,Silver
Beijing,2008,Baseball,Baseball,"ANDERSON, Brett",USA,Men,baseball,M,Bronze
Beijing,2008,Baseball,Baseball,"ARRIETA, Jake",USA,Men,baseball,M,Bronze
Beijing,2008,Baseball,Baseball,"BARDEN, Brian",USA,Men,baseball,M,Bronze
Beijing,2008,Baseball,Baseball,"BROWN, Matt",USA,Men,baseball,M,Bronze
Beijing,2008,Baseball,Baseball,"CAHILL, Trevor",USA,Men,baseball,M,Bronze
Beijing,2008,Baseball,Baseball,"CUMMINGS, Jeremy",USA,Men,baseball,M,Bronze
Beijing,2008,Baseball,Baseball,"DONALD, Jason",USA,Men,baseball,M,Bronze
Beijing,2008,Baseball,Baseball,"DUENSING, Brian",USA,Men,baseball,M,Bronze
Beijing,2008,Baseball,Baseball,"FOWLER, Dexter",USA,Men,baseball,M,Bronze
Beijing,2008,Baseball,Baseball,"GALL, John",USA,Men,baseball,M,Bronze
Beijing,2008,Baseball,Baseball,"HESSMAN, Mike",USA,Men,baseball,M,Bronze
Beijing,2008,Baseball,Baseball,"JEPSEN, Kevin",USA,Men,baseball,M,Bronze
Beijing,2008,Baseball,Baseball,"KNIGHT, Brandon",USA,Men,baseball,M,Bronze
Beijing,2008,Baseball,Baseball,"KOPLOVE, Michael",USA,Men,baseball,M,Bronze
Beijing,2008,Baseball,Baseball,"LAPORTA, Matt",USA,Men,baseball,M,Bronze
Beijing,2008,Baseball,Baseball,"MARSON, Lou",USA,Men,baseball,M,Bronze
Beijing,2008,Baseball,Baseball,"NEAL, Blaine",USA,Men,baseball,M,Bronze
Beijing,2008,Baseball,Baseball,"NIX, Jayson",USA,Men,baseball,M,Bronze
Beijing,2008,Baseball,Baseball,"SCHIERHOLTZ, Nate",USA,Men,baseball,M,Bronze
Beijing,2008,Baseball,Baseball,"STEVENS, Jeff",USA,Men,baseball,M,Bronze
Beijing,2008,Baseball,Baseball,"STRASBURG, Stephen",USA,Men,baseball,M,Bronze
Beijing,2008,Baseball,Baseball,"TEAGARDEN, Taylor",USA,Men,baseball,M,Bronze
Beijing,2008,Baseball,Baseball,"TIFFEE, Terry",USA,Men,baseball,M,Bronze
Beijing,2008,Baseball,Baseball,"WEATHERS, Casey",USA,Men,baseball,M,Bronze
Beijing,2008,Baseball,Baseball,"BONG, Jungkeun",KOR,Men,baseball,M,Gold
Beijing,2008,Baseball,Baseball,"CHONG, Taehyon",KOR,Men,baseball,M,Gold
Beijing,2008,Baseball,Baseball,"HAN, Kijoo",KOR,Men,baseball,M,Gold
Beijing,2008,Baseball,Baseball,"JANG, Wonsam",KOR,Men,baseball,M,Gold
Beijing,2008,Baseball,Baseball,"JEONG, Keunwoo",KOR,Men,baseball,M,Gold
Beijing,2008,Baseball,Baseball,"JIN, Kabyong",KOR,Men,baseball,M,Gold
Beijing,2008,Baseball,Baseball,"KANG, Minho",KOR,Men,baseball,M,Gold
Beijing,2008,Baseball,Baseball,"KIM, Dongjoo",KOR,Men,baseball,M,Gold
Beijing,2008,Baseball,Baseball,"KIM, Hyunsoo",KOR,Men,baseball,M,Gold
Beijing,2008,Baseball,Baseball,"KIM, Kwanghyun",KOR,Men,baseball,M,Gold
Beijing,2008,Baseball,Baseball,"KIM, Minjae",KOR,Men,baseball,M,Gold
Beijing,2008,Baseball,Baseball,"KO, Youngmin",KOR,Men,baseball,M,Gold
Beijing,2008,Baseball,Baseball,"KWON, Hyuk",KOR,Men,baseball,M,Gold
Beijing,2008,Baseball,Baseball,"LEE, Daeho",KOR,Men,baseball,M,Gold
Beijing,2008,Baseball,Baseball,"LEE, Jinyoung",KOR,Men,baseball,M,Gold
Beijing,2008,Baseball,Baseball,"LEE, Jongwook",KOR,Men,baseball,M,Gold
Beijing,2008,Baseball,Baseball,"LEE, Seungyuop",KOR,Men,baseball,M,Gold
Beijing,2008,Baseball,Baseball,"LEE, Taekkeun",KOR,Men,baseball,M,Gold
Beijing,2008,Baseball,Baseball,"LEE, Yongkyu",KOR,Men,baseball,M,Gold
Beijing,2008,Baseball,Baseball,"OH, Seunghwan",KOR,Men,baseball,M,Gold
Beijing,2008,Baseball,Baseball,"PARK, Jinman",KOR,Men,baseball,M,Gold
Beijing,2008,Baseball,Baseball,"RYU, Hyunjin",KOR,Men,baseball,M,Gold
Beijing,2008,Baseball,Baseball,"SONG, Seungjun",KOR,Men,baseball,M,Gold
Beijing,2008,Baseball,Baseball,"YOON, Suk Min",KOR,Men,baseball,M,Gold
Beijing,2008,Baseball,Baseball,"BELL, Alexei",CUB,Men,baseball,M,Silver
Beijing,2008,Baseball,Baseball,"CEPEDA, Frederich",CUB,Men,baseball,M,Silver
Beijing,2008,Baseball,Baseball,"DESPAIGNE, Alfredo",CUB,Men,baseball,M,Silver
Beijing,2008,Baseball,Baseball,"DUVERGEL, Giorbis",CUB,Men,baseball,M,Silver
Beijing,2008,Baseball,Baseball,"ENRIQUEZ, Michel",CUB,Men,baseball,M,Silver
Beijing,2008,Baseball,Baseball,"GONZALEZ, Norberto",CUB,Men,baseball,M,Silver
Beijing,2008,Baseball,Baseball,"GOURRIEL, Yuliesky",CUB,Men,baseball,M,Silver
Beijing,2008,Baseball,Baseball,"LA HERA, Miguel",CUB,Men,baseball,M,Silver
Beijing,2008,Baseball,Baseball,"LAZO, Pedro Luis",CUB,Men,baseball,M,Silver
Beijing,2008,Baseball,Baseball,"MARTINEZ, Jonder",CUB,Men,baseball,M,Silver
Beijing,2008,Baseball,Baseball,"MAYETA, Alexander",CUB,Men,baseball,M,Silver
Beijing,2008,Baseball,Baseball,"MERINO, Rolando",CUB,Men,baseball,M,Silver
Beijing,2008,Baseball,Baseball,"NAVAS, Luis",CUB,Men,baseball,M,Silver
Beijing,2008,Baseball,Baseball,"ODELIN SANAME, Vicyohandri",CUB,Men,baseball,M,Silver
Beijing,2008,Baseball,Baseball,"OLIVERA, Hector",CUB,Men,baseball,M,Silver
Beijing,2008,Baseball,Baseball,"PALMA, Adiel",CUB,Men,baseball,M,Silver
Beijing,2008,Baseball,Baseball,"PARET, Eduardo",CUB,Men,baseball,M,Silver
Beijing,2008,Baseball,Baseball,"PEDROSO, Yadier",CUB,Men,baseball,M,Silver
Beijing,2008,Baseball,Baseball,"PESTANO, Ariel",CUB,Men,baseball,M,Silver
Beijing,2008,Baseball,Baseball,"RODRIGUEZ, Luis",CUB,Men,baseball,M,Silver
Beijing,2008,Baseball,Baseball,"SANCHEZ, Elier",CUB,Men,baseball,M,Silver
Beijing,2008,Baseball,Baseball,"SANCHEZ, Eriel",CUB,Men,baseball,M,Silver
Beijing,2008,Baseball,Baseball,"URGELLES, Yoandry",CUB,Men,baseball,M,Silver
Beijing,2008,Baseball,Baseball,"VERA, Norge Luis",CUB,Men,baseball,M,Silver
Beijing,2008,Basketball,Basketball,"DELFINO, Carlos Francisco",ARG,Men,basketball,M,Bronze
Beijing,2008,Basketball,Basketball,"GINOBILI, Emanuel David",ARG,Men,basketball,M,Bronze
Beijing,2008,Basketball,Basketball,"GONZALEZ, Roman Javier",ARG,Men,basketball,M,Bronze
Beijing,2008,Basketball,Basketball,"GUTIERREZ LLANAS, Juan Pedro",ARG,Men,basketball,M,Bronze
Beijing,2008,Basketball,Basketball,"GUTIERREZ, Leonardo Martin",ARG,Men,basketball,M,Bronze
Beijing,2008,Basketball,Basketball,"KAMMERICHS, Guillermo Federico",ARG,Men,basketball,M,Bronze
Beijing,2008,Basketball,Basketball,"NOCIONI, Andres Marcelo",ARG,Men,basketball,M,Bronze
Beijing,2008,Basketball,Basketball,"OBERTO, Fabricio Raul Jesus",ARG,Men,basketball,M,Bronze
Beijing,2008,Basketball,Basketball,"PORTA PERNIGOTTI, Antonio Alejandro",ARG,Men,basketball,M,Bronze
Beijing,2008,Basketball,Basketball,"PRIGIONI, Pablo",ARG,Men,basketball,M,Bronze
Beijing,2008,Basketball,Basketball,"QUINTEROS, Alfredo Paolo",ARG,Men,basketball,M,Bronze
Beijing,2008,Basketball,Basketball,"SCOLA, Luis Alberto",ARG,Men,basketball,M,Bronze
Beijing,2008,Basketball,Basketball,"ANTHONY, Carmelo",USA,Men,basketball,M,Gold
Beijing,2008,Basketball,Basketball,"BOOZER, Carlos",USA,Men,basketball,M,Gold
Beijing,2008,Basketball,Basketball,"BOSH, Chris",USA,Men,basketball,M,Gold
Beijing,2008,Basketball,Basketball,"BRYANT, Kobe",USA,Men,basketball,M,Gold
Beijing,2008,Basketball,Basketball,"HOWARD, Dwight",USA,Men,basketball,M,Gold
Beijing,2008,Basketball,Basketball,"JAMES, Lebron",USA,Men,basketball,M,Gold
Beijing,2008,Basketball,Basketball,"KIDD, Jason",USA,Men,basketball,M,Gold
Beijing,2008,Basketball,Basketball,"PAUL, Chris",USA,Men,basketball,M,Gold
Beijing,2008,Basketball,Basketball,"PRINCE, Tayshaun",USA,Men,basketball,M,Gold
Beijing,2008,Basketball,Basketball,"REDD, Michael",USA,Men,basketball,M,Gold
Beijing,2008,Basketball,Basketball,"WADE, Dwyane",USA,Men,basketball,M,Gold
Beijing,2008,Basketball,Basketball,"WILLIAMS, Deron",USA,Men,basketball,M,Gold
Beijing,2008,Basketball,Basketball,"CALDERON, Jose Manuel",ESP,Men,basketball,M,Silver
Beijing,2008,Basketball,Basketball,"FERNANDEZ, Rudy",ESP,Men,basketball,M,Silver
Beijing,2008,Basketball,Basketball,"GARBAJOSA, Jorge",ESP,Men,basketball,M,Silver
Beijing,2008,Basketball,Basketball,"GASOL, Marc",ESP,Men,basketball,M,Silver
Beijing,2008,Basketball,Basketball,"GASOL, Pau",ESP,Men,basketball,M,Silver
Beijing,2008,Basketball,Basketball,"JIMENEZ, Carlos",ESP,Men,basketball,M,Silver
Beijing,2008,Basketball,Basketball,"LOPEZ, Raul",ESP,Men,basketball,M,Silver
Beijing,2008,Basketball,Basketball,"MUMBRU, Alex",ESP,Men,basketball,M,Silver
Beijing,2008,Basketball,Basketball,"NAVARRO, Juan Carlos",ESP,Men,basketball,M,Silver
Beijing,2008,Basketball,Basketball,"REYES, Felipe",ESP,Men,basketball,M,Silver
Beijing,2008,Basketball,Basketball,"RODRIGUEZ, Berni",ESP,Men,basketball,M,Silver
Beijing,2008,Basketball,Basketball,"RUBIO, Ricky",ESP,Men,basketball,M,Silver
Beijing,2008,Basketball,Basketball,"ABROSIMOVA, Svetlana",RUS,Women,basketball,W,Bronze
Beijing,2008,Basketball,Basketball,"HAMMON, Rebekka Linn",RUS,Women,basketball,W,Bronze
Beijing,2008,Basketball,Basketball,"KARPUNINA, Marina",RUS,Women,basketball,W,Bronze
Beijing,2008,Basketball,Basketball,"KORSTIN, Ilona",RUS,Women,basketball,W,Bronze
Beijing,2008,Basketball,Basketball,"KUZINA, Marina",RUS,Women,basketball,W,Bronze
Beijing,2008,Basketball,Basketball,"LISINA, Ekaterina",RUS,Women,basketball,W,Bronze
Beijing,2008,Basketball,Basketball,"OSIPOVA, Irina",RUS,Women,basketball,W,Bronze
Beijing,2008,Basketball,Basketball,"RAKHMATULINA, Oxana",RUS,Women,basketball,W,Bronze
Beijing,2008,Basketball,Basketball,"SHCHEGOLEVA, Tatiana",RUS,Women,basketball,W,Bronze
Beijing,2008,Basketball,Basketball,"SOKOLOVSKAYA, Irina",RUS,Women,basketball,W,Bronze
Beijing,2008,Basketball,Basketball,"STEPANOVA, Maria",RUS,Women,basketball,W,Bronze
Beijing,2008,Basketball,Basketball,"VODOPYANOVA, Natalia",RUS,Women,basketball,W,Bronze
Beijing,2008,Basketball,Basketball,"AUGUSTUS, Seimone",USA,Women,basketball,W,Gold
Beijing,2008,Basketball,Basketball,"BIRD, Sue",USA,Women,basketball,W,Gold
Beijing,2008,Basketball,Basketball,"CATCHINGS, Tamika",USA,Women,basketball,W,Gold
Beijing,2008,Basketball,Basketball,"FOWLES, Sylvia",USA,Women,basketball,W,Gold
Beijing,2008,Basketball,Basketball,"LAWSON, Kara",USA,Women,basketball,W,Gold
Beijing,2008,Basketball,Basketball,"LESLIE, Lisa",USA,Women,basketball,W,Gold
Beijing,2008,Basketball,Basketball,"MILTON-JONES, Delisha",USA,Women,basketball,W,Gold
Beijing,2008,Basketball,Basketball,"PARKER, Candace",USA,Women,basketball,W,Gold
Beijing,2008,Basketball,Basketball,"PONDEXTER, Cappie",USA,Women,basketball,W,Gold
Beijing,2008,Basketball,Basketball,"SMITH, Katie",USA,Women,basketball,W,Gold
Beijing,2008,Basketball,Basketball,"TAURASI, Diana",USA,Women,basketball,W,Gold
Beijing,2008,Basketball,Basketball,"THOMPSON, Tina",USA,Women,basketball,W,Gold
Beijing,2008,Basketball,Basketball,"BATKOVIC, Suzy",AUS,Women,basketball,W,Silver
Beijing,2008,Basketball,Basketball,"BEVILAQUA, Tully",AUS,Women,basketball,W,Silver
Beijing,2008,Basketball,Basketball,"COX, Rohanee",AUS,Women,basketball,W,Silver
Beijing,2008,Basketball,Basketball,"GRIMA, Hollie",AUS,Women,basketball,W,Silver
Beijing,2008,Basketball,Basketball,"HARROWER, Kristi",AUS,Women,basketball,W,Silver
Beijing,2008,Basketball,Basketball,"JACKSON, Lauren",AUS,Women,basketball,W,Silver
Beijing,2008,Basketball,Basketball,"PHILLIPS, Erin",AUS,Women,basketball,W,Silver
Beijing,2008,Basketball,Basketball,"RANDALL, Emma",AUS,Women,basketball,W,Silver
Beijing,2008,Basketball,Basketball,"SCREEN, Jenni",AUS,Women,basketball,W,Silver
Beijing,2008,Basketball,Basketball,"SNELL, Belinda",AUS,Women,basketball,W,Silver
Beijing,2008,Basketball,Basketball,"SUMMERTON, Laura",AUS,Women,basketball,W,Silver
Beijing,2008,Basketball,Basketball,"TAYLOR, Penny",AUS,Women,basketball,W,Silver
Beijing,2008,Boxing,Boxing,"GLAZKOV, Vyacheslav",UKR,Men,+ 91kg (super heavyweight),M,Bronze
Beijing,2008,Boxing,Boxing,"PRICE, David",GBR,Men,+ 91kg (super heavyweight),M,Bronze
Beijing,2008,Boxing,Boxing,"CAMMARELLE, Roberto",ITA,Men,+ 91kg (super heavyweight),M,Gold
Beijing,2008,Boxing,Boxing,"ZHANG, Zhilei",CHN,Men,+ 91kg (super heavyweight),M,Silver
Beijing,2008,Boxing,Boxing,"BALAKSHIN, Georgy",RUS,Men,48 - 51kg (flyweight),M,Bronze
Beijing,2008,Boxing,Boxing,"PICARDI, Vincenzo",ITA,Men,48 - 51kg (flyweight),M,Bronze
Beijing,2008,Boxing,Boxing,"JONGJOHOR, Somjit",THA,Men,48 - 51kg (flyweight),M,Gold
Beijing,2008,Boxing,Boxing,"LAFFITA HERNANDEZ, Andris",CUB,Men,48 - 51kg (flyweight),M,Silver
Beijing,2008,Boxing,Boxing,"BARNES, Paddy",IRL,Men,48kg (light flywieght),M,Bronze
Beijing,2008,Boxing,Boxing,"HERNANDEZ G, Yampier",CUB,Men,48kg (light flywieght),M,Bronze
Beijing,2008,Boxing,Boxing,"ZOU, Shiming",CHN,Men,48kg (light flywieght),M,Gold
Beijing,2008,Boxing,Boxing,"PUREVDORJ, Serdamba",MGL,Men,48kg (light flywieght),M,Silver
Beijing,2008,Boxing,Boxing,"GOJAN, Veaceslav",MDA,Men,51 - 54kg (bantamweight),M,Bronze
Beijing,2008,Boxing,Boxing,"JULIE, Bruno",MRI,Men,51 - 54kg (bantamweight),M,Bronze
Beijing,2008,Boxing,Boxing,"ENKHBAT, Badar-Uugan",MGL,Men,51 - 54kg (bantamweight),M,Gold
Beijing,2008,Boxing,Boxing,"LEON ALARCON, Yankiel",CUB,Men,51 - 54kg (bantamweight),M,Silver
Beijing,2008,Boxing,Boxing,"IMRANOV, Shahin",AZE,Men,54 - 57kg (featherweight),M,Bronze
Beijing,2008,Boxing,Boxing,"KILIC, Yakup",TUR,Men,54 - 57kg (featherweight),M,Bronze
Beijing,2008,Boxing,Boxing,"LOMACHENKO, Vasyl",UKR,Men,54 - 57kg (featherweight),M,Gold
Beijing,2008,Boxing,Boxing,"DJELKHIR, Khedafi",FRA,Men,54 - 57kg (featherweight),M,Silver
Beijing,2008,Boxing,Boxing,"JAVAKHYAN, Hrachik",ARM,Men,57 - 60kg (lightweight),M,Bronze
Beijing,2008,Boxing,Boxing,"UGAS, Yordenis",CUB,Men,57 - 60kg (lightweight),M,Bronze
Beijing,2008,Boxing,Boxing,"TISHCHENKO, Alexey",RUS,Men,57 - 60kg (lightweight),M,Gold
Beijing,2008,Boxing,Boxing,"SOW, Daouda",FRA,Men,57 - 60kg (lightweight),M,Silver
Beijing,2008,Boxing,Boxing,"IGLESIAS SOTOLONGO, Roniel",CUB,Men,60 - 64 kg,M,Bronze
Beijing,2008,Boxing,Boxing,"VASTINE, Alexis",FRA,Men,60 - 64 kg,M,Bronze
Beijing,2008,Boxing,Boxing,"DIAZ, Felix",DOM,Men,60 - 64 kg,M,Gold
Beijing,2008,Boxing,Boxing,"BOONJUMNONG, Manus",THA,Men,60 - 64 kg,M,Silver
Beijing,2008,Boxing,Boxing,"HANATI, Silamu",CHN,Men,64 - 69 kg,M,Bronze
Beijing,2008,Boxing,Boxing,"KIM, Jungjoo",KOR,Men,64 - 69 kg,M,Bronze
Beijing,2008,Boxing,Boxing,"SARSEKBAYEV, Bakhyt",KAZ,Men,64 - 69 kg,M,Gold
Beijing,2008,Boxing,Boxing,"BANTEAUX SUAREZ, Carlos",CUB,Men,64 - 69 kg,M,Silver
Beijing,2008,Boxing,Boxing,"KUMAR, Vijender",IND,Men,69 - 75 kg,M,Bronze
Beijing,2008,Boxing,Boxing,"SUTHERLAND, Darren John",IRL,Men,69 - 75 kg,M,Bronze
Beijing,2008,Boxing,Boxing,"DEGALE, James",GBR,Men,69 - 75 kg,M,Gold
Beijing,2008,Boxing,Boxing,"CORREA BAYEAUX, Emilio",CUB,Men,69 - 75 kg,M,Silver
Beijing,2008,Boxing,Boxing,"JEFFRIES, Tony",GBR,Men,75 - 81kg (light-heavyweight),M,Bronze
Beijing,2008,Boxing,Boxing,"SHYNALIYEV, Yerkebulan",KAZ,Men,75 - 81kg (light-heavyweight),M,Bronze
Beijing,2008,Boxing,Boxing,"ZHANG, Xiaoping",CHN,Men,75 - 81kg (light-heavyweight),M,Gold
Beijing,2008,Boxing,Boxing,"EGAN, Kenny",IRL,Men,75 - 81kg (light-heavyweight),M,Silver
Beijing,2008,Boxing,Boxing,"ACOSTA DUARTE, Osmai",CUB,Men,81 - 91kg (heavyweight),M,Bronze
Beijing,2008,Boxing,Boxing,"WILDER, Deontay",USA,Men,81 - 91kg (heavyweight),M,Bronze
Beijing,2008,Boxing,Boxing,"CHAKHKIEV, Rakhim",RUS,Men,81 - 91kg (heavyweight),M,Gold
Beijing,2008,Boxing,Boxing,"RUSSO, Clemente",ITA,Men,81 - 91kg (heavyweight),M,Silver
Beijing,2008,Canoe / Kayak,Canoe / Kayak F,"HALL, Thomas",CAN,Men,C-1 1000m (canoe single),M,Bronze
Beijing,2008,Canoe / Kayak,Canoe / Kayak F,"VAJDA, Attila Sandor",HUN,Men,C-1 1000m (canoe single),M,Gold
Beijing,2008,Canoe / Kayak,Canoe / Kayak F,"CAL, David",ESP,Men,C-1 1000m (canoe single),M,Silver
Beijing,2008,Canoe / Kayak,Canoe / Kayak F,"CHEBAN, Iurii",UKR,Men,C-1 500m (canoe single),M,Bronze
Beijing,2008,Canoe / Kayak,Canoe / Kayak F,"OPALEV, Maxim",RUS,Men,C-1 500m (canoe single),M,Gold
Beijing,2008,Canoe / Kayak,Canoe / Kayak F,"CAL, David",ESP,Men,C-1 500m (canoe single),M,Silver
Beijing,2008,Canoe / Kayak,Canoe / Kayak F,"KISS, Tamas",HUN,Men,C-2 1000m (canoe double),M,Bronze
Beijing,2008,Canoe / Kayak,Canoe / Kayak F,"KOZMANN, Gyorgy",HUN,Men,C-2 1000m (canoe double),M,Bronze
Beijing,2008,Canoe / Kayak,Canoe / Kayak F,"BAHDANOVICH, Aliaksandr",BLR,Men,C-2 1000m (canoe double),M,Gold
Beijing,2008,Canoe / Kayak,Canoe / Kayak F,"BAHDANOVICH, Andrei",BLR,Men,C-2 1000m (canoe double),M,Gold
Beijing,2008,Canoe / Kayak,Canoe / Kayak F,"GILLE, Christian",GER,Men,C-2 1000m (canoe double),M,Silver
Beijing,2008,Canoe / Kayak,Canoe / Kayak F,"WYLENZEK, Thomasz",GER,Men,C-2 1000m (canoe double),M,Silver
Beijing,2008,Canoe / Kayak,Canoe / Kayak F,"GILLE, Christian",GER,Men,C-2 500m (canoe double),M,Bronze
Beijing,2008,Canoe / Kayak,Canoe / Kayak F,"WYLENZEK, Thomasz",GER,Men,C-2 500m (canoe double),M,Bronze
Beijing,2008,Canoe / Kayak,Canoe / Kayak F,"MENG, Guanliang",CHN,Men,C-2 500m (canoe double),M,Gold
Beijing,2008,Canoe / Kayak,Canoe / Kayak F,"YANG, Wenjun",CHN,Men,C-2 500m (canoe double),M,Gold
Beijing,2008,Canoe / Kayak,Canoe / Kayak F,"KOSTOGLOD, Alexander",RUS,Men,C-2 500m (canoe double),M,Silver
Beijing,2008,Canoe / Kayak,Canoe / Kayak F,"ULEGIN, Sergey",RUS,Men,C-2 500m (canoe double),M,Silver
Beijing,2008,Canoe / Kayak,Canoe / Kayak F,"WALLACE, Ken",AUS,Men,K-1 1000m (kayak single),M,Bronze
Beijing,2008,Canoe / Kayak,Canoe / Kayak F,"BRABANTS, Tim",GBR,Men,K-1 1000m (kayak single),M,Gold
Beijing,2008,Canoe / Kayak,Canoe / Kayak F,"LARSEN, Eirik Veraas",NOR,Men,K-1 1000m (kayak single),M,Silver
Beijing,2008,Canoe / Kayak,Canoe / Kayak F,"BRABANTS, Tim",GBR,Men,K-1 500m (kayak single),M,Bronze
Beijing,2008,Canoe / Kayak,Canoe / Kayak F,"WALLACE, Ken",AUS,Men,K-1 500m (kayak single),M,Gold
Beijing,2008,Canoe / Kayak,Canoe / Kayak F,"VAN KOEVERDEN, Adam",CAN,Men,K-1 500m (kayak single),M,Silver
Beijing,2008,Canoe / Kayak,Canoe / Kayak F,"WAGNER-AUGUSTIN, Katrin",GER,Women,K-1 500m (kayak single),W,Bronze
Beijing,2008,Canoe / Kayak,Canoe / Kayak F,"OSYPENKO-RADOMSKA, Inna",UKR,Women,K-1 500m (kayak single),W,Gold
Beijing,2008,Canoe / Kayak,Canoe / Kayak F,"IDEM, Josefa",ITA,Women,K-1 500m (kayak single),W,Silver
Beijing,2008,Canoe / Kayak,Canoe / Kayak F,"FACCHIN, Andrea",ITA,Men,K-2 1000m (kayak double),M,Bronze
Beijing,2008,Canoe / Kayak,Canoe / Kayak F,"SCADUTO, Antonio Massimiliano",ITA,Men,K-2 1000m (kayak double),M,Bronze
Beijing,2008,Canoe / Kayak,Canoe / Kayak F,"HOLLSTEIN, Martin",GER,Men,K-2 1000m (kayak double),M,Gold
Beijing,2008,Canoe / Kayak,Canoe / Kayak F,"IHLE, Andreas",GER,Men,K-2 1000m (kayak double),M,Gold
Beijing,2008,Canoe / Kayak,Canoe / Kayak F,"KNUDSEN, Kim Wraae",DEN,Men,K-2 1000m (kayak double),M,Silver
Beijing,2008,Canoe / Kayak,Canoe / Kayak F,"POULSEN, Rene Holten",DEN,Men,K-2 1000m (kayak double),M,Silver
Beijing,2008,Canoe / Kayak,Canoe / Kayak F,"MAKHNEU, Vadzim",BLR,Men,K-2 500m (kayak double),M,Bronze
Beijing,2008,Canoe / Kayak,Canoe / Kayak F,"PIATRUSHENKA, Raman",BLR,Men,K-2 500m (kayak double),M,Bronze
Beijing,2008,Canoe / Kayak,Canoe / Kayak F,"CRAVIOTTO, Saul",ESP,Men,K-2 500m (kayak double),M,Gold
Beijing,2008,Canoe / Kayak,Canoe / Kayak F,"PEREZ, Carlos",ESP,Men,K-2 500m (kayak double),M,Gold
Beijing,2008,Canoe / Kayak,Canoe / Kayak F,"RAUHE, Ronald",GER,Men,K-2 500m (kayak double),M,Silver
Beijing,2008,Canoe / Kayak,Canoe / Kayak F,"WIESKOTTER, Tim",GER,Men,K-2 500m (kayak double),M,Silver
Beijing,2008,Canoe / Kayak,Canoe / Kayak F,"DELATTRE, Marie",FRA,Women,K-2 500m (kayak double),W,Bronze
Beijing,2008,Canoe / Kayak,Canoe / Kayak F,"VIARD, Anne-Laure",FRA,Women,K-2 500m (kayak double),W,Bronze
Beijing,2008,Canoe / Kayak,Canoe / Kayak F,"JANIC, Natasa",HUN,Women,K-2 500m (kayak double),W,Gold
Beijing,2008,Canoe / Kayak,Canoe / Kayak F,"KOVACS, Katalin",HUN,Women,K-2 500m (kayak double),W,Gold
Beijing,2008,Canoe / Kayak,Canoe / Kayak F,"KONIECZNA, Aneta",POL,Women,K-2 500m (kayak double),W,Silver
Beijing,2008,Canoe / Kayak,Canoe / Kayak F,"MIKOLAJCZYK, Beata",POL,Women,K-2 500m (kayak double),W,Silver
Beijing,2008,Canoe / Kayak,Canoe / Kayak F,"ALTEPOST, Lutz",GER,Men,K-4 1000m (kayak four),M,Bronze
Beijing,2008,Canoe / Kayak,Canoe / Kayak F,"BROCKL, Norman",GER,Men,K-4 1000m (kayak four),M,Bronze
Beijing,2008,Canoe / Kayak,Canoe / Kayak F,"ECKBRETT, Torsten",GER,Men,K-4 1000m (kayak four),M,Bronze
Beijing,2008,Canoe / Kayak,Canoe / Kayak F,"GOLDSCHMIDT, Bjorn",GER,Men,K-4 1000m (kayak four),M,Bronze
Beijing,2008,Canoe / Kayak,Canoe / Kayak F,"ABALMASAU, Aliaksei",BLR,Men,K-4 1000m (kayak four),M,Gold
Beijing,2008,Canoe / Kayak,Canoe / Kayak F,"LITVINCHUK, Artur",BLR,Men,K-4 1000m (kayak four),M,Gold
Beijing,2008,Canoe / Kayak,Canoe / Kayak F,"MAKHNEU, Vadzim",BLR,Men,K-4 1000m (kayak four),M,Gold
Beijing,2008,Canoe / Kayak,Canoe / Kayak F,"PIATRUSHENKA, Raman",BLR,Men,K-4 1000m (kayak four),M,Gold
Beijing,2008,Canoe / Kayak,Canoe / Kayak F,"RISZDORFER, Michal",SVK,Men,K-4 1000m (kayak four),M,Silver
Beijing,2008,Canoe / Kayak,Canoe / Kayak F,"RISZDORFER, Richard",SVK,Men,K-4 1000m (kayak four),M,Silver
Beijing,2008,Canoe / Kayak,Canoe / Kayak F,"TARR, Juraj",SVK,Men,K-4 1000m (kayak four),M,Silver
Beijing,2008,Canoe / Kayak,Canoe / Kayak F,"VLCEK, Erik",SVK,Men,K-4 1000m (kayak four),M,Silver
Beijing,2008,Canoe / Kayak,Canoe / Kayak F,"DAVIS, Hannah",AUS,Women,K-4 500m (kayak four),W,Bronze
Beijing,2008,Canoe / Kayak,Canoe / Kayak F,"FOGARTY, Lyndsie",AUS,Women,K-4 500m (kayak four),W,Bronze
Beijing,2008,Canoe / Kayak,Canoe / Kayak F,"MEEK, Chantal",AUS,Women,K-4 500m (kayak four),W,Bronze
Beijing,2008,Canoe / Kayak,Canoe / Kayak F,"OLDENHOF, Lisa",AUS,Women,K-4 500m (kayak four),W,Bronze
Beijing,2008,Canoe / Kayak,Canoe / Kayak F,"FISCHER, Fanny",GER,Women,K-4 500m (kayak four),W,Gold
Beijing,2008,Canoe / Kayak,Canoe / Kayak F,"REINHARDT, Nicole",GER,Women,K-4 500m (kayak four),W,Gold
Beijing,2008,Canoe / Kayak,Canoe / Kayak F,"WAGNER-AUGUSTIN, Katrin",GER,Women,K-4 500m (kayak four),W,Gold
Beijing,2008,Canoe / Kayak,Canoe / Kayak F,"WASSMUTH, Conny",GER,Women,K-4 500m (kayak four),W,Gold
Beijing,2008,Canoe / Kayak,Canoe / Kayak F,"JANIC, Natasa",HUN,Women,K-4 500m (kayak four),W,Silver
