Athens,2004,Hockey,Hockey,"GEORGE, Bevan",AUS,Men,hockey,M,Gold
Athens,2004,Hockey,Hockey,"HAMMOND, Robert",AUS,Men,hockey,M,Gold
Athens,2004,Hockey,Hockey,"HICKMAN, Mark",AUS,Men,hockey,M,Gold
Athens,2004,Hockey,Hockey,"KNOWLES, Mark",AUS,Men,hockey,M,Gold
Athens,2004,Hockey,Hockey,"LIVERMORE, Brent",AUS,Men,hockey,M,Gold
Athens,2004,Hockey,Hockey,"MCCANN, Michael",AUS,Men,hockey,M,Gold
Athens,2004,Hockey,Hockey,"MOWLAM, Stephen",AUS,Men,hockey,M,Gold
Athens,2004,Hockey,Hockey,"SCHUBERT, Grant",AUS,Men,hockey,M,Gold
Athens,2004,Hockey,Hockey,"WELLS, Matthew",AUS,Men,hockey,M,Gold
Athens,2004,Hockey,Hockey,"BROUWER, Matthijs",NED,Men,hockey,M,Silver
Athens,2004,Hockey,Hockey,"BROUWER, Ronald",NED,Men,hockey,M,Silver
Athens,2004,Hockey,Hockey,"DE NOOIJER, Teun",NED,Men,hockey,M,Silver
Athens,2004,Hockey,Hockey,"DELMEE, Jeroen",NED,Men,hockey,M,Silver
Athens,2004,Hockey,Hockey,"DERIKX, Geert-Jan",NED,Men,hockey,M,Silver
Athens,2004,Hockey,Hockey,"DERIKX, Rob",NED,Men,hockey,M,Silver
Athens,2004,Hockey,Hockey,"EIKELBOOM, Marten",NED,Men,hockey,M,Silver
Athens,2004,Hockey,Hockey,"EVERS, Floris",NED,Men,hockey,M,Silver
Athens,2004,Hockey,Hockey,"JAZET, Erik",NED,Men,hockey,M,Silver
Athens,2004,Hockey,Hockey,"KLAVER, Karel",NED,Men,hockey,M,Silver
Athens,2004,Hockey,Hockey,"MAHIEU, Jesse",NED,Men,hockey,M,Silver
Athens,2004,Hockey,Hockey,"RECKERS, Rob",NED,Men,hockey,M,Silver
Athens,2004,Hockey,Hockey,"TAEKEMA, Teake",NED,Men,hockey,M,Silver
Athens,2004,Hockey,Hockey,"VAN DER WEIDE, Sander",NED,Men,hockey,M,Silver
Athens,2004,Hockey,Hockey,"VEERING, Klaas",NED,Men,hockey,M,Silver
Athens,2004,Hockey,Hockey,"VOGELS, Guus",NED,Men,hockey,M,Silver
Athens,2004,Hockey,Hockey,"AICEGA, Magdalena",ARG,Women,hockey,W,Bronze
Athens,2004,Hockey,Hockey,"ANTONISKA, Mariela",ARG,Women,hockey,W,Bronze
Athens,2004,Hockey,Hockey,"ARRONDO, Ines",ARG,Women,hockey,W,Bronze
Athens,2004,Hockey,Hockey,"AYMAR, Luciana",ARG,Women,hockey,W,Bronze
Athens,2004,Hockey,Hockey,"BURKART, Claudia",ARG,Women,hockey,W,Bronze
Athens,2004,Hockey,Hockey,"DI GIACOMO, Marina Emilce",ARG,Women,hockey,W,Bronze
Athens,2004,Hockey,Hockey,"GARCIA, Agustina",ARG,Women,hockey,W,Bronze
Athens,2004,Hockey,Hockey,"GONZALEZ OLIVA, Mariana",ARG,Women,hockey,W,Bronze
Athens,2004,Hockey,Hockey,"GULLA, Alejandra",ARG,Women,hockey,W,Bronze
Athens,2004,Hockey,Hockey,"HERNANDEZ, Maria de la Paz",ARG,Women,hockey,W,Bronze
Athens,2004,Hockey,Hockey,"MARGALOT, Maria Mercedes",ARG,Women,hockey,W,Bronze
Athens,2004,Hockey,Hockey,"ONETO, Vanina Paula",ARG,Women,hockey,W,Bronze
Athens,2004,Hockey,Hockey,"ROGNONI, Maria Cecilia",ARG,Women,hockey,W,Bronze
Athens,2004,Hockey,Hockey,"RUSSO, Marine",ARG,Women,hockey,W,Bronze
Athens,2004,Hockey,Hockey,"STEPNIK, Ayelen Iara",ARG,Women,hockey,W,Bronze
Athens,2004,Hockey,Hockey,"VUKOJICIC, Paola",ARG,Women,hockey,W,Bronze
Athens,2004,Hockey,Hockey,"BACHMANN, Tina",GER,Women,hockey,W,Gold
Athens,2004,Hockey,Hockey,"CASARETTO, Caroline",GER,Women,hockey,W,Gold
Athens,2004,Hockey,Hockey,"ERNSTING KRIENKE, Nadine",GER,Women,hockey,W,Gold
Athens,2004,Hockey,Hockey,"GUDE, Franziska",GER,Women,hockey,W,Gold
Athens,2004,Hockey,Hockey,"HAASE, Mandy",GER,Women,hockey,W,Gold
Athens,2004,Hockey,Hockey,"KELLER, Natascha",GER,Women,hockey,W,Gold
Athens,2004,Hockey,Hockey,"KLECKER, Denise",GER,Women,hockey,W,Gold
Athens,2004,Hockey,Hockey,"KUEHN, Anke",GER,Women,hockey,W,Gold
Athens,2004,Hockey,Hockey,"LAETZSCH, Heike",GER,Women,hockey,W,Gold
Athens,2004,Hockey,Hockey,"LATIF, Badri",GER,Women,hockey,W,Gold
Athens,2004,Hockey,Hockey,"LEHMANN, Sonja",GER,Women,hockey,W,Gold
Athens,2004,Hockey,Hockey,"MUELLER, Silke",GER,Women,hockey,W,Gold
Athens,2004,Hockey,Hockey,"RINNE, Fanny",GER,Women,hockey,W,Gold
Athens,2004,Hockey,Hockey,"RODEWALD, Marion",GER,Women,hockey,W,Gold
Athens,2004,Hockey,Hockey,"WALTER, Louisa",GER,Women,hockey,W,Gold
Athens,2004,Hockey,Hockey,"ZWEHL, Julia",GER,Women,hockey,W,Gold
Athens,2004,Hockey,Hockey,"BOOIJ, Minke",NED,Women,hockey,W,Silver
Athens,2004,Hockey,Hockey,"DE BRUIJN, Chantal",NED,Women,hockey,W,Silver
Athens,2004,Hockey,Hockey,"DE ROEVER, Lisanne",NED,Women,hockey,W,Silver
Athens,2004,Hockey,Hockey,"DONNERS, Mijntje",NED,Women,hockey,W,Silver
Athens,2004,Hockey,Hockey,"KARRES, Sylvia",NED,Women,hockey,W,Silver
Athens,2004,Hockey,Hockey,"MOREIRA DE MELO, Fatima",NED,Women,hockey,W,Silver
Athens,2004,Hockey,Hockey,"MULDER, Eefke",NED,Women,hockey,W,Silver
Athens,2004,Hockey,Hockey,"SCHEEPSTRA, Maartje",NED,Women,hockey,W,Silver
Athens,2004,Hockey,Hockey,"SCHOPMAN, Janneke",NED,Women,hockey,W,Silver
Athens,2004,Hockey,Hockey,"SINNIGE, Clarinda",NED,Women,hockey,W,Silver
Athens,2004,Hockey,Hockey,"SMABERS, Minke",NED,Women,hockey,W,Silver
Athens,2004,Hockey,Hockey,"SNOEKS, Jiske",NED,Women,hockey,W,Silver
Athens,2004,Hockey,Hockey,"VAN DER VAART, Macha",NED,Women,hockey,W,Silver
Athens,2004,Hockey,Hockey,"VAN GEENHUIZEN, Miek",NED,Women,hockey,W,Silver
Athens,2004,Hockey,Hockey,"VAN KESSEL, Lieve",NED,Women,hockey,W,Silver
Athens,2004,Judo,Judo,"GAO, Feng",CHN,Women,- 48 kg,W,Bronze
Athens,2004,Judo,Judo,"MATIJASS, Julia",GER,Women,- 48 kg,W,Bronze
Athens,2004,Judo,Judo,"TANI, Ryoko",JPN,Women,- 48 kg,W,Gold
Athens,2004,Judo,Judo,"JOSSINET, Frederique",FRA,Women,- 48 kg,W,Silver
Athens,2004,Judo,Judo,"CHOI, Min Ho",KOR,Men,- 60 kg,M,Bronze
Athens,2004,Judo,Judo,"TSAGAANBAATAR, Khashbaatar",MGL,Men,- 60 kg,M,Bronze
Athens,2004,Judo,Judo,"NOMURA, Tadahiro",JPN,Men,- 60 kg,M,Gold
Athens,2004,Judo,Judo,"KHERGIANI, Nestor",GEO,Men,- 60 kg,M,Silver
Athens,2004,Judo,Judo,"PERTELSON, Indrek",EST,Men,+ 100kg (heavyweight),M,Bronze
Athens,2004,Judo,Judo,"VAN DER GEEST, Dennis",NED,Men,+ 100kg (heavyweight),M,Bronze
Athens,2004,Judo,Judo,"SUZUKI, Keiji",JPN,Men,+ 100kg (heavyweight),M,Gold
Athens,2004,Judo,Judo,"TMENOV, Tamerlan",RUS,Men,+ 100kg (heavyweight),M,Silver
Athens,2004,Judo,Judo,"DONGUZASHVILI, Tea",RUS,Women,+ 78kg (heavyweight),W,Bronze
Athens,2004,Judo,Judo,"SUN, Fuming",CHN,Women,+ 78kg (heavyweight),W,Bronze
Athens,2004,Judo,Judo,"TSUKADA, Maki",JPN,Women,+ 78kg (heavyweight),W,Gold
Athens,2004,Judo,Judo,"BELTRAN, Daima Mayelis",CUB,Women,+ 78kg (heavyweight),W,Silver
Athens,2004,Judo,Judo,"HEYLEN, Ilse",BEL,Women,48 - 52kg (half-lightweight),W,Bronze
Athens,2004,Judo,Judo,"SAVON, Amarilys",CUB,Women,48 - 52kg (half-lightweight),W,Bronze
Athens,2004,Judo,Judo,"XIAN, Dongmei",CHN,Women,48 - 52kg (half-lightweight),W,Gold
Athens,2004,Judo,Judo,"YOKOSAWA, Yuki",JPN,Women,48 - 52kg (half-lightweight),W,Silver
Athens,2004,Judo,Judo,"GRAVENSTIJN, Deborah",NED,Women,52 - 57kg (lightweight),W,Bronze
Athens,2004,Judo,Judo,"LUPETEY, Yurisleidy",CUB,Women,52 - 57kg (lightweight),W,Bronze
Athens,2004,Judo,Judo,"BOENISCH, Yvonne",GER,Women,52 - 57kg (lightweight),W,Gold
Athens,2004,Judo,Judo,"KYE, Sun Hui",PRK,Women,52 - 57kg (lightweight),W,Silver
Athens,2004,Judo,Judo,"GONZALEZ, Driulys",CUB,Women,57 - 63kg (half-middleweight),W,Bronze
Athens,2004,Judo,Judo,"ZOLNIR, Urska",SLO,Women,57 - 63kg (half-middleweight),W,Bronze
Athens,2004,Judo,Judo,"TANIMOTO, Ayumi",JPN,Women,57 - 63kg (half-middleweight),W,Gold
Athens,2004,Judo,Judo,"HEILL, Claudia",AUT,Women,57 - 63kg (half-middleweight),W,Silver
Athens,2004,Judo,Judo,"ARENCIBIA, Yordanis",CUB,Men,60 - 66kg (half-lightweight),M,Bronze
Athens,2004,Judo,Judo,"GEORGIEV, Georgi",BUL,Men,60 - 66kg (half-lightweight),M,Bronze
Athens,2004,Judo,Judo,"UCHISHIBA, Masato",JPN,Men,60 - 66kg (half-lightweight),M,Gold
Athens,2004,Judo,Judo,"KRNAC, Jozef",SVK,Men,60 - 66kg (half-lightweight),M,Silver
Athens,2004,Judo,Judo,"BOEHM, Annett",GER,Women,63 - 70kg (middleweight),W,Bronze
Athens,2004,Judo,Judo,"QIN, Dongya",CHN,Women,63 - 70kg (middleweight),W,Bronze
Athens,2004,Judo,Judo,"UENO, Masae",JPN,Women,63 - 70kg (middleweight),W,Gold
Athens,2004,Judo,Judo,"BOSCH, Edith",NED,Women,63 - 70kg (middleweight),W,Silver
Athens,2004,Judo,Judo,"GUILHEIRO, Leandro",BRA,Men,66 - 73kg (lightweight),M,Bronze
Athens,2004,Judo,Judo,"PEDRO, James",USA,Men,66 - 73kg (lightweight),M,Bronze
Athens,2004,Judo,Judo,"LEE, Won Hee",KOR,Men,66 - 73kg (lightweight),M,Gold
Athens,2004,Judo,Judo,"MAKAROV, Vitaliy",RUS,Men,66 - 73kg (lightweight),M,Silver
Athens,2004,Judo,Judo,"LABORDE, Yurisel",CUB,Women,70 - 78kg (half-heavyweight),W,Bronze
Athens,2004,Judo,Judo,"MORICO, Lucia",ITA,Women,70 - 78kg (half-heavyweight),W,Bronze
Athens,2004,Judo,Judo,"ANNO, Noriko",JPN,Women,70 - 78kg (half-heavyweight),W,Gold
Athens,2004,Judo,Judo,"LIU, Xia",CHN,Women,70 - 78kg (half-heavyweight),W,Silver
Athens,2004,Judo,Judo,"CANTO, Flavio",BRA,Men,73 - 81kg (half-middleweight),M,Bronze
Athens,2004,Judo,Judo,"NOSSOV, Dmitri",RUS,Men,73 - 81kg (half-middleweight),M,Bronze
Athens,2004,Judo,Judo,"ILIADIS, Ilias",GRE,Men,73 - 81kg (half-middleweight),M,Gold
Athens,2004,Judo,Judo,"GONTIUK, Roman",UKR,Men,73 - 81kg (half-middleweight),M,Silver
Athens,2004,Judo,Judo,"HUIZINGA, Mark",NED,Men,81 - 90kg (middleweight),M,Bronze
Athens,2004,Judo,Judo,"TAOV, Khasanbi",RUS,Men,81 - 90kg (middleweight),M,Bronze
Athens,2004,Judo,Judo,"ZVIADAURI, Zurab",GEO,Men,81 - 90kg (middleweight),M,Gold
Athens,2004,Judo,Judo,"IZUMI, Hiroshi",JPN,Men,81 - 90kg (middleweight),M,Silver
Athens,2004,Judo,Judo,"JURACK, Michael",GER,Men,90 - 100kg (half-heavyweight),M,Bronze
Athens,2004,Judo,Judo,"ZEEVI, Ariel",ISR,Men,90 - 100kg (half-heavyweight),M,Bronze
Athens,2004,Judo,Judo,"MAKARAU, Ihar",BLR,Men,90 - 100kg (half-heavyweight),M,Gold
Athens,2004,Judo,Judo,"JANG, Sung Ho",KOR,Men,90 - 100kg (half-heavyweight),M,Silver
Athens,2004,Modern Pentathlon,Modern Pentath.,"CAPALINI, Libor",CZE,Men,Individual competition,M,Bronze
Athens,2004,Modern Pentathlon,Modern Pentath.,"MOISEEV, Andrey",RUS,Men,Individual competition,M,Gold
Athens,2004,Modern Pentathlon,Modern Pentath.,"ZADNEPROVSKIS, Andrejus",LTU,Men,Individual competition,M,Silver
Athens,2004,Modern Pentathlon,Modern Pentath.,"HARLAND, Georgina",GBR,Women,Individual competition,W,Bronze
Athens,2004,Modern Pentathlon,Modern Pentath.,"VOROS, Zsuzsanna",HUN,Women,Individual competition,W,Gold
Athens,2004,Modern Pentathlon,Modern Pentath.,"RUBLEVSKA, Elena",LAT,Women,Individual competition,W,Silver
Athens,2004,Rowing,Rowing,"CECH, Donovan",RSA,Men,coxless pair (2-),M,Bronze
Athens,2004,Rowing,Rowing,"DI CLEMENTE, Ramon",RSA,Men,coxless pair (2-),M,Bronze
Athens,2004,Rowing,Rowing,"GINN, Drew",AUS,Men,coxless pair (2-),M,Gold
Athens,2004,Rowing,Rowing,"TOMKINS, James",AUS,Men,coxless pair (2-),M,Gold
Athens,2004,Rowing,Rowing,"SKELIN, Niksa",CRO,Men,coxless pair (2-),M,Silver
Athens,2004,Rowing,Rowing,"SKELIN, Sinisa",CRO,Men,coxless pair (2-),M,Silver
Athens,2004,Rowing,Rowing,"GALTAROSSA, Rossano",ITA,Men,double sculls (2x),M,Bronze
Athens,2004,Rowing,Rowing,"SARTORI, Alessio",ITA,Men,double sculls (2x),M,Bronze
Athens,2004,Rowing,Rowing,"HARDY, Adrien",FRA,Men,double sculls (2x),M,Gold
Athens,2004,Rowing,Rowing,"VIEILLEDENT, Sebastien",FRA,Men,double sculls (2x),M,Gold
Athens,2004,Rowing,Rowing,"COP, Iztok",SLO,Men,double sculls (2x),M,Silver
Athens,2004,Rowing,Rowing,"SPIK, Luka",SLO,Men,double sculls (2x),M,Silver
Athens,2004,Rowing,Rowing,"LAVERICK, Elise",GBR,Women,double sculls (2x),W,Bronze
Athens,2004,Rowing,Rowing,"WINCKLESS, Sarah",GBR,Women,double sculls (2x),W,Bronze
Athens,2004,Rowing,Rowing,"EVERS-SWINDELL, Caroline",NZL,Women,double sculls (2x),W,Gold
Athens,2004,Rowing,Rowing,"EVERS-SWINDELL, Georgina",NZL,Women,double sculls (2x),W,Gold
Athens,2004,Rowing,Rowing,"OPPELT, Britta",GER,Women,double sculls (2x),W,Silver
Athens,2004,Rowing,Rowing,"WALESKA, Peggy",GER,Women,double sculls (2x),W,Silver
Athens,2004,Rowing,Rowing,"HANSON, Boden Joseph",AUS,Men,eight with coxswain (8+),M,Bronze
Athens,2004,Rowing,Rowing,"MCKAY, Mike",AUS,Men,eight with coxswain (8+),M,Bronze
Athens,2004,Rowing,Rowing,"RESIDE, Stuart",AUS,Men,eight with coxswain (8+),M,Bronze
Athens,2004,Rowing,Rowing,"STEWART, Geoff",AUS,Men,eight with coxswain (8+),M,Bronze
Athens,2004,Rowing,Rowing,"STEWART, James",AUS,Men,eight with coxswain (8+),M,Bronze
Athens,2004,Rowing,Rowing,"STEWART, Steve",AUS,Men,eight with coxswain (8+),M,Bronze
Athens,2004,Rowing,Rowing,"SZCZUROWSKI, Stefan",AUS,Men,eight with coxswain (8+),M,Bronze
Athens,2004,Rowing,Rowing,"TOON, Michael",AUS,Men,eight with coxswain (8+),M,Bronze
Athens,2004,Rowing,Rowing,"WELCH, Stuart",AUS,Men,eight with coxswain (8+),M,Bronze
Athens,2004,Rowing,Rowing,"AHRENS, Chris",USA,Men,eight with coxswain (8+),M,Gold
Athens,2004,Rowing,Rowing,"ALLEN, Wyatt",USA,Men,eight with coxswain (8+),M,Gold
Athens,2004,Rowing,Rowing,"BEERY, Dan",USA,Men,eight with coxswain (8+),M,Gold
Athens,2004,Rowing,Rowing,"CIPOLLONE, Pete",USA,Men,eight with coxswain (8+),M,Gold
Athens,2004,Rowing,Rowing,"DEAKIN, Matt",USA,Men,eight with coxswain (8+),M,Gold
Athens,2004,Rowing,Rowing,"HANSEN, Joseph",USA,Men,eight with coxswain (8+),M,Gold
Athens,2004,Rowing,Rowing,"HOOPMAN, Beau",USA,Men,eight with coxswain (8+),M,Gold
Athens,2004,Rowing,Rowing,"READ, Jason",USA,Men,eight with coxswain (8+),M,Gold
Athens,2004,Rowing,Rowing,"VOLPENHEIN, Bryan",USA,Men,eight with coxswain (8+),M,Gold
Athens,2004,Rowing,Rowing,"BARTMAN, Michiel",NED,Men,eight with coxswain (8+),M,Silver
Athens,2004,Rowing,Rowing,"CHEUNG, Chun Wei",NED,Men,eight with coxswain (8+),M,Silver
Athens,2004,Rowing,Rowing,"DERKSEN, Geert Jan",NED,Men,eight with coxswain (8+),M,Silver
Athens,2004,Rowing,Rowing,"EGGENKAMP, Gerritjan",NED,Men,eight with coxswain (8+),M,Silver
Athens,2004,Rowing,Rowing,"GABRIELS, Jan-Willem",NED,Men,eight with coxswain (8+),M,Silver
Athens,2004,Rowing,Rowing,"MENSCH, Daniel",NED,Men,eight with coxswain (8+),M,Silver
Athens,2004,Rowing,Rowing,"SIMON, Diederik",NED,Men,eight with coxswain (8+),M,Silver
Athens,2004,Rowing,Rowing,"VELLENGA, Matthijs",NED,Men,eight with coxswain (8+),M,Silver
Athens,2004,Rowing,Rowing,"VERMEULEN, Gijs",NED,Men,eight with coxswain (8+),M,Silver
Athens,2004,Rowing,Rowing,"DE HAAN, Annemiek",NED,Women,eight with coxswain (8+),W,Bronze
Athens,2004,Rowing,Rowing,"DEKKERS, Hurnet",NED,Women,eight with coxswain (8+),W,Bronze
Athens,2004,Rowing,Rowing,"HOMMES, Nienke",NED,Women,eight with coxswain (8+),W,Bronze
Athens,2004,Rowing,Rowing,"SIEGELAAR, Sarah",NED,Women,eight with coxswain (8+),W,Bronze
Athens,2004,Rowing,Rowing,"SMULDERS, Marlies",NED,Women,eight with coxswain (8+),W,Bronze
Athens,2004,Rowing,Rowing,"TANGER, Helen",NED,Women,eight with coxswain (8+),W,Bronze
Athens,2004,Rowing,Rowing,"VAN RUMPT, Annemarieke",NED,Women,eight with coxswain (8+),W,Bronze
Athens,2004,Rowing,Rowing,"WEGMAN, Froukje",NED,Women,eight with coxswain (8+),W,Bronze
Athens,2004,Rowing,Rowing,"WORKEL, Ester",NED,Women,eight with coxswain (8+),W,Bronze
Athens,2004,Rowing,Rowing,"ANDRUNACHE, Georgeta",ROU,Women,eight with coxswain (8+),W,Gold
Athens,2004,Rowing,Rowing,"BARASCU, Aurica",ROU,Women,eight with coxswain (8+),W,Gold
Athens,2004,Rowing,Rowing,"FLOREA, Rodica",ROU,Women,eight with coxswain (8+),W,Gold
Athens,2004,Rowing,Rowing,"GAFENCU, Liliana",ROU,Women,eight with coxswain (8+),W,Gold
Athens,2004,Rowing,Rowing,"GEORGESCU, Elena",ROU,Women,eight with coxswain (8+),W,Gold
Athens,2004,Rowing,Rowing,"IGNAT, Doina",ROU,Women,eight with coxswain (8+),W,Gold
Athens,2004,Rowing,Rowing,"LIPA, Elisabeta",ROU,Women,eight with coxswain (8+),W,Gold
Athens,2004,Rowing,Rowing,"PAPUC, Ioana",ROU,Women,eight with coxswain (8+),W,Gold
Athens,2004,Rowing,Rowing,"SUSANU, Viorica",ROU,Women,eight with coxswain (8+),W,Gold
Athens,2004,Rowing,Rowing,"COX, Alison",USA,Women,eight with coxswain (8+),W,Silver
Athens,2004,Rowing,Rowing,"DAVIES, Caryn",USA,Women,eight with coxswain (8+),W,Silver
Athens,2004,Rowing,Rowing,"DIRKMAAT, Megan",USA,Women,eight with coxswain (8+),W,Silver
Athens,2004,Rowing,Rowing,"JOHNSON, Kate",USA,Women,eight with coxswain (8+),W,Silver
Athens,2004,Rowing,Rowing,"KORHOLZ, Laurel",USA,Women,eight with coxswain (8+),W,Silver
Athens,2004,Rowing,Rowing,"MAGEE, Samantha",USA,Women,eight with coxswain (8+),W,Silver
Athens,2004,Rowing,Rowing,"MICKELSON, Anna",USA,Women,eight with coxswain (8+),W,Silver
Athens,2004,Rowing,Rowing,"NELSON, Lianne",USA,Women,eight with coxswain (8+),W,Silver
Athens,2004,Rowing,Rowing,"WHIPPLE, Mary",USA,Women,eight with coxswain (8+),W,Silver
Athens,2004,Rowing,Rowing,"AGAMENNONI, Luca",ITA,Men,four without coxswain (4-),M,Bronze
Athens,2004,Rowing,Rowing,"DENTALE, Dario",ITA,Men,four without coxswain (4-),M,Bronze
Athens,2004,Rowing,Rowing,"LEONARDO, Raffaello",ITA,Men,four without coxswain (4-),M,Bronze
Athens,2004,Rowing,Rowing,"PORZIO, Lorenzo",ITA,Men,four without coxswain (4-),M,Bronze
Athens,2004,Rowing,Rowing,"COODE, Ed",GBR,Men,four without coxswain (4-),M,Gold
Athens,2004,Rowing,Rowing,"CRACKNELL, James",GBR,Men,four without coxswain (4-),M,Gold
Athens,2004,Rowing,Rowing,"PINSENT, Matthew",GBR,Men,four without coxswain (4-),M,Gold
Athens,2004,Rowing,Rowing,"WILLIAMS, Steve",GBR,Men,four without coxswain (4-),M,Gold
Athens,2004,Rowing,Rowing,"BAERG, Cameron",CAN,Men,four without coxswain (4-),M,Silver
Athens,2004,Rowing,Rowing,"HERSCHMILLER, Thomas",CAN,Men,four without coxswain (4-),M,Silver
Athens,2004,Rowing,Rowing,"WETZEL, Jake",CAN,Men,four without coxswain (4-),M,Silver
Athens,2004,Rowing,Rowing,"WILLIAMS, Barney",CAN,Men,four without coxswain (4-),M,Silver
Athens,2004,Rowing,Rowing,"AMARANTE, Catello",ITA,Men,lightweight coxless four (4-),M,Bronze
Athens,2004,Rowing,Rowing,"AMITRANO, Salvatore",ITA,Men,lightweight coxless four (4-),M,Bronze
Athens,2004,Rowing,Rowing,"BERTINI, Lorenzo",ITA,Men,lightweight coxless four (4-),M,Bronze
Athens,2004,Rowing,Rowing,"MASCARENHAS, Bruno",ITA,Men,lightweight coxless four (4-),M,Bronze
Athens,2004,Rowing,Rowing,"EBBESEN, Eskild Balschmidt",DEN,Men,lightweight coxless four (4-),M,Gold
Athens,2004,Rowing,Rowing,"EBERT, Thomas",DEN,Men,lightweight coxless four (4-),M,Gold
Athens,2004,Rowing,Rowing,"KRISTENSEN, Thor",DEN,Men,lightweight coxless four (4-),M,Gold
Athens,2004,Rowing,Rowing,"MOELVIG, Stephan",DEN,Men,lightweight coxless four (4-),M,Gold
Athens,2004,Rowing,Rowing,"BURGESS, Simon",AUS,Men,lightweight coxless four (4-),M,Silver
Athens,2004,Rowing,Rowing,"CURETON, Ben",AUS,Men,lightweight coxless four (4-),M,Silver
Athens,2004,Rowing,Rowing,"EDWARDS, Anthony",AUS,Men,lightweight coxless four (4-),M,Silver
Athens,2004,Rowing,Rowing,"LOFTUS, Glen",AUS,Men,lightweight coxless four (4-),M,Silver
Athens,2004,Rowing,Rowing,"POLYMEROS, Vasileios",GRE,Men,lightweight double sculls (2x),M,Bronze
Athens,2004,Rowing,Rowing,"SKIATHITIS, Nikolaos",GRE,Men,lightweight double sculls (2x),M,Bronze
Athens,2004,Rowing,Rowing,"KUCHARSKI, Tomasz",POL,Men,lightweight double sculls (2x),M,Gold
Athens,2004,Rowing,Rowing,"SYCZ, Robert",POL,Men,lightweight double sculls (2x),M,Gold
Athens,2004,Rowing,Rowing,"DUFOUR, Frederic",FRA,Men,lightweight double sculls (2x),M,Silver
Athens,2004,Rowing,Rowing,"TOURON, Pascal",FRA,Men,lightweight double sculls (2x),M,Silver
Athens,2004,Rowing,Rowing,"VAN DER KOLK, Kirsten",NED,Women,lightweight double sculls (2x),W,Bronze
Athens,2004,Rowing,Rowing,"VAN EUPEN, Marit",NED,Women,lightweight double sculls (2x),W,Bronze
Athens,2004,Rowing,Rowing,"ALUPEI, Angela",ROU,Women,lightweight double sculls (2x),W,Gold
Athens,2004,Rowing,Rowing,"BURCICA, Constanta",ROU,Women,lightweight double sculls (2x),W,Gold
Athens,2004,Rowing,Rowing,"BLASBERG, Claudia",GER,Women,lightweight double sculls (2x),W,Silver
Athens,2004,Rowing,Rowing,"REIMER, Daniela",GER,Women,lightweight double sculls (2x),W,Silver
Athens,2004,Rowing,Rowing,"BICHYK, Yuliya",BLR,Women,pair without coxswain (2-),W,Bronze
Athens,2004,Rowing,Rowing,"HELAKH, Natallia",BLR,Women,pair without coxswain (2-),W,Bronze
Athens,2004,Rowing,Rowing,"ANDRUNACHE, Georgeta",ROU,Women,pair without coxswain (2-),W,Gold
Athens,2004,Rowing,Rowing,"SUSANU, Viorica",ROU,Women,pair without coxswain (2-),W,Gold
Athens,2004,Rowing,Rowing,"BISHOP, Cath",GBR,Women,pair without coxswain (2-),W,Silver
Athens,2004,Rowing,Rowing,"GRAINGER, Katherine",GBR,Women,pair without coxswain (2-),W,Silver
Athens,2004,Rowing,Rowing,"BILUSHCHENKO, Sergij",UKR,Men,quadruple sculls without coxswain (4x),M,Bronze
Athens,2004,Rowing,Rowing,"GRIN, Sergij",UKR,Men,quadruple sculls without coxswain (4x),M,Bronze
Athens,2004,Rowing,Rowing,"LYKOV, Oleg",UKR,Men,quadruple sculls without coxswain (4x),M,Bronze
Athens,2004,Rowing,Rowing,"SHAPOSHNIKOV, Leonid",UKR,Men,quadruple sculls without coxswain (4x),M,Bronze
Athens,2004,Rowing,Rowing,"FEDOROVTSEV, Sergey",RUS,Men,quadruple sculls without coxswain (4x),M,Gold
Athens,2004,Rowing,Rowing,"KRAVTSOV, Igor",RUS,Men,quadruple sculls without coxswain (4x),M,Gold
Athens,2004,Rowing,Rowing,"SPINEV, Nikolay",RUS,Men,quadruple sculls without coxswain (4x),M,Gold
Athens,2004,Rowing,Rowing,"SVIRIN, Alekseij",RUS,Men,quadruple sculls without coxswain (4x),M,Gold
Athens,2004,Rowing,Rowing,"HANAK, Jakub",CZE,Men,quadruple sculls without coxswain (4x),M,Silver
Athens,2004,Rowing,Rowing,"JIRKA, David",CZE,Men,quadruple sculls without coxswain (4x),M,Silver
Athens,2004,Rowing,Rowing,"KARAS, Tomas",CZE,Men,quadruple sculls without coxswain (4x),M,Silver
Athens,2004,Rowing,Rowing,"KOPRIVA, David",CZE,Men,quadruple sculls without coxswain (4x),M,Silver
Athens,2004,Rowing,Rowing,"BRADLEY, Amber",AUS,Women,quadruple sculls without coxswain (4x),W,Bronze
Athens,2004,Rowing,Rowing,"FALETIC, Dana",AUS,Women,quadruple sculls without coxswain (4x),W,Bronze
Athens,2004,Rowing,Rowing,"HORE, Kerry",AUS,Women,quadruple sculls without coxswain (4x),W,Bronze
Athens,2004,Rowing,Rowing,"SATTIN, Rebecca",AUS,Women,quadruple sculls without coxswain (4x),W,Bronze
Athens,2004,Rowing,Rowing,"BORON, Kathrin",GER,Women,quadruple sculls without coxswain (4x),W,Gold
Athens,2004,Rowing,Rowing,"EL QALQILI, Kerstin",GER,Women,quadruple sculls without coxswain (4x),W,Gold
Athens,2004,Rowing,Rowing,"EVERS, Meike",GER,Women,quadruple sculls without coxswain (4x),W,Gold
Athens,2004,Rowing,Rowing,"LUTZE, Manuela",GER,Women,quadruple sculls without coxswain (4x),W,Gold
Athens,2004,Rowing,Rowing,"FLOOD, Debbie",GBR,Women,quadruple sculls without coxswain (4x),W,Silver
Athens,2004,Rowing,Rowing,"HOUGHTON, Frances",GBR,Women,quadruple sculls without coxswain (4x),W,Silver
Athens,2004,Rowing,Rowing,"MOWBRAY, Alison",GBR,Women,quadruple sculls without coxswain (4x),W,Silver
Athens,2004,Rowing,Rowing,"ROMERO, Rebecca",GBR,Women,quadruple sculls without coxswain (4x),W,Silver
Athens,2004,Rowing,Rowing,"YANAKIEV, Ivo",BUL,Men,single sculls (1x),M,Bronze
Athens,2004,Rowing,Rowing,"TUFTE, Olaf",NOR,Men,single sculls (1x),M,Gold
Athens,2004,Rowing,Rowing,"JAANSON, Jueri",EST,Men,single sculls (1x),M,Silver
Athens,2004,Rowing,Rowing,"NEYKOVA, Rumyana",BUL,Women,single sculls (1x),W,Bronze
Athens,2004,Rowing,Rowing,"RUTSCHOW, Katrin",GER,Women,single sculls (1x),W,Gold
Athens,2004,Rowing,Rowing,"KARSTEN, Ekaterina",BLR,Women,single sculls (1x),W,Silver
Athens,2004,Sailing,Sailing,"SEKI, Kazuto",JPN,Men,470 - Two Person Dinghy,M,Bronze
Athens,2004,Sailing,Sailing,"TODOROKI, Kenjiro",JPN,Men,470 - Two Person Dinghy,M,Bronze
Athens,2004,Sailing,Sailing,"BURNHAM, Kevin",USA,Men,470 - Two Person Dinghy,M,Gold
Athens,2004,Sailing,Sailing,"FOERSTER, Paul",USA,Men,470 - Two Person Dinghy,M,Gold
Athens,2004,Sailing,Sailing,"GLANFIELD, Joe",GBR,Men,470 - Two Person Dinghy,M,Silver
Athens,2004,Sailing,Sailing,"ROGERS, Nick",GBR,Men,470 - Two Person Dinghy,M,Silver
Athens,2004,Sailing,Sailing,"TORGERSSON, Therese",SWE,Women,470 - Two Person Dinghy,W,Bronze
Athens,2004,Sailing,Sailing,"ZACHRISSON, Vendela",SWE,Women,470 - Two Person Dinghy,W,Bronze
Athens,2004,Sailing,Sailing,"BEKATOROU, Sofia",GRE,Women,470 - Two Person Dinghy,W,Gold
Athens,2004,Sailing,Sailing,"TSOULFA, Aimilia",GRE,Women,470 - Two Person Dinghy,W,Gold
Athens,2004,Sailing,Sailing,"AZON, Sandra",ESP,Women,470 - Two Person Dinghy,W,Silver
Athens,2004,Sailing,Sailing,"VIA DUFRESNE, Natalia",ESP,Women,470 - Two Person Dinghy,W,Silver
Athens,2004,Sailing,Sailing,"DRAPER, Chris",GBR,Men,49er - Skiff,X,Bronze
Athens,2004,Sailing,Sailing,"HISCOCKS, Simon",GBR,Men,49er - Skiff,X,Bronze
Athens,2004,Sailing,Sailing,"FERNANDEZ, Xavier",ESP,Men,49er - Skiff,X,Gold
Athens,2004,Sailing,Sailing,"MARTINEZ, Iker",ESP,Men,49er - Skiff,X,Gold
Athens,2004,Sailing,Sailing,"LEONCHUK, Georgii",UKR,Men,49er - Skiff,X,Silver
Athens,2004,Sailing,Sailing,"LUKA, Rodion",UKR,Men,49er - Skiff,X,Silver
Athens,2004,Sailing,Sailing,"DEMPSEY, Nick",GBR,Men,board (Mistral),M,Bronze
Athens,2004,Sailing,Sailing,"FRIDMAN, Gal",ISR,Men,board (Mistral),M,Gold
Athens,2004,Sailing,Sailing,"KAKLAMANAKIS, Nikolaos",GRE,Men,board (Mistral),M,Silver
Athens,2004,Sailing,Sailing,"SENSINI, Alessandra",ITA,Women,board (Mistral),W,Bronze
Athens,2004,Sailing,Sailing,"MERRET, Faustine",FRA,Women,board (Mistral),W,Gold
Athens,2004,Sailing,Sailing,"YIN, Jian",CHN,Women,board (Mistral),W,Silver
Athens,2004,Sailing,Sailing,"LIVBJERG, Signe",DEN,Women,single-handed dinghy (Europe),W,Bronze
Athens,2004,Sailing,Sailing,"SUNDBY, Siren",NOR,Women,single-handed dinghy (Europe),W,Gold
Athens,2004,Sailing,Sailing,"SMIDOVA, Lenka",CZE,Women,single-handed dinghy (Europe),W,Silver
Athens,2004,Sailing,Sailing,"KUSZNIEREWICZ, Mateusz",POL,Men,single-handed dinghy (Finn),M,Bronze
Athens,2004,Sailing,Sailing,"AINSLIE, Ben",GBR,Men,single-handed dinghy (Finn),M,Gold
Athens,2004,Sailing,Sailing,"TRUJILLO, Rafael",ESP,Men,single-handed dinghy (Finn),M,Silver
Athens,2004,Sailing,Sailing,"ZBOGAR, Vasilij",SLO,Men,single-handed dinghy open (Laser),X,Bronze
Athens,2004,Sailing,Sailing,"SCHEIDT, Robert",BRA,Men,single-handed dinghy open (Laser),X,Gold
Athens,2004,Sailing,Sailing,"GERITZER, Andreas",AUT,Men,single-handed dinghy open (Laser),X,Silver
Athens,2004,Sailing,Sailing,"RAMBEAU, Pascal",FRA,Men,Star - Keelboat,M,Bronze
Athens,2004,Sailing,Sailing,"ROHART, Xavier",FRA,Men,Star - Keelboat,M,Bronze
Athens,2004,Sailing,Sailing,"FERREIRA, Marcelo",BRA,Men,Star - Keelboat,M,Gold
Athens,2004,Sailing,Sailing,"GRAEL, Torben",BRA,Men,Star - Keelboat,M,Gold
Athens,2004,Sailing,Sailing,"MACDONALD, Ross",CAN,Men,Star - Keelboat,M,Silver
Athens,2004,Sailing,Sailing,"WOLFS, Mike",CAN,Men,Star - Keelboat,M,Silver
Athens,2004,Sailing,Sailing,"ESPINOLA, Carlos",ARG,Men,Tornado - Multihull,X,Bronze
Athens,2004,Sailing,Sailing,"LANGE, Santiago",ARG,Men,Tornado - Multihull,X,Bronze
Athens,2004,Sailing,Sailing,"HAGARA, Roman",AUT,Men,Tornado - Multihull,X,Gold
Athens,2004,Sailing,Sailing,"STEINACHER, Hans Peter",AUT,Men,Tornado - Multihull,X,Gold
Athens,2004,Sailing,Sailing,"LOVELL, John",USA,Men,Tornado - Multihull,X,Silver
Athens,2004,Sailing,Sailing,"OGLETREE, Charlie",USA,Men,Tornado - Multihull,X,Silver
Athens,2004,Sailing,Sailing,"JENSEN, Dorte O.",DEN,Women,Yngling - Keelboat,W,Bronze
Athens,2004,Sailing,Sailing,"JESPERSEN, Helle",DEN,Women,Yngling - Keelboat,W,Bronze
Athens,2004,Sailing,Sailing,"OTZEN, Christina",DEN,Women,Yngling - Keelboat,W,Bronze
Athens,2004,Sailing,Sailing,"AYTON, Sarah",GBR,Women,Yngling - Keelboat,W,Gold
Athens,2004,Sailing,Sailing,"ROBERTSON, Shirley",GBR,Women,Yngling - Keelboat,W,Gold
Athens,2004,Sailing,Sailing,"WEBB, Sarah",GBR,Women,Yngling - Keelboat,W,Gold
Athens,2004,Sailing,Sailing,"KALININA, Ganna",UKR,Women,Yngling - Keelboat,W,Silver
Athens,2004,Sailing,Sailing,"MATEVUSHEVA, Svitlana",UKR,Women,Yngling - Keelboat,W,Silver
Athens,2004,Sailing,Sailing,"TARAN, Ruslana",UKR,Women,Yngling - Keelboat,W,Silver
Athens,2004,Shooting,Shooting,"GROZDEVA, Maria",BUL,Women,10m air pistol (40 shots),W,Bronze
Athens,2004,Shooting,Shooting,"KOSTEVYCH, Olena",UKR,Women,10m air pistol (40 shots),W,Gold
Athens,2004,Shooting,Shooting,"SEKARIC, Jasna",SCG,Women,10m air pistol (40 shots),W,Silver
Athens,2004,Shooting,Shooting,"ISAKOV, Vladimir",RUS,Men,10m air pistol (60 shots),M,Bronze
Athens,2004,Shooting,Shooting,"WANG, Yifu",CHN,Men,10m air pistol (60 shots),M,Gold
Athens,2004,Shooting,Shooting,"NESTRUEV, Mikhail",RUS,Men,10m air pistol (60 shots),M,Silver
Athens,2004,Shooting,Shooting,"EMMONS, Katerina",CZE,Women,10m air rifle (40 shots),W,Bronze
Athens,2004,Shooting,Shooting,"DU, Li",CHN,Women,10m air rifle (40 shots),W,Gold
Athens,2004,Shooting,Shooting,"GALKINA, Lioubov",RUS,Women,10m air rifle (40 shots),W,Silver
Athens,2004,Shooting,Shooting,"GONCI, Jozef",SVK,Men,10m air rifle (60 shots),M,Bronze
Athens,2004,Shooting,Shooting,"ZHU, Qinan",CHN,Men,10m air rifle (60 shots),M,Gold
Athens,2004,Shooting,Shooting,"LI, Jie",CHN,Men,10m air rifle (60 shots),M,Silver
Athens,2004,Shooting,Shooting,"LYKIN, Dimitri",RUS,Men,10m running target (30+30 shots),M,Bronze
Athens,2004,Shooting,Shooting,"KURZER, Manfred",GER,Men,10m running target (30+30 shots),M,Gold
Athens,2004,Shooting,Shooting,"BLINOV, Alexander",RUS,Men,10m running target (30+30 shots),M,Silver
Athens,2004,Shooting,Shooting,"ASHUMOVA, Irada",AZE,Women,25m pistol (30+30 shots),W,Bronze
Athens,2004,Shooting,Shooting,"GROZDEVA, Maria",BUL,Women,25m pistol (30+30 shots),W,Gold
Athens,2004,Shooting,Shooting,"HYKOVA, Lenka",CZE,Women,25m pistol (30+30 shots),W,Silver
Athens,2004,Shooting,Shooting,"ALIFIRENKO, Sergei",RUS,Men,25m rapid fire pistol (60 shots),M,Bronze
Athens,2004,Shooting,Shooting,"SCHUMANN, Ralf",GER,Men,25m rapid fire pistol (60 shots),M,Gold
Athens,2004,Shooting,Shooting,"POLIAKOV, Sergei",RUS,Men,25m rapid fire pistol (60 shots),M,Silver
Athens,2004,Shooting,Shooting,"KIM, Jong Su",PRK,Men,50m pistol (60 shots),M,Bronze
Athens,2004,Shooting,Shooting,"NESTRUEV, Mikhail",RUS,Men,50m pistol (60 shots),M,Gold
Athens,2004,Shooting,Shooting,"JIN, Jongoh",KOR,Men,50m pistol (60 shots),M,Silver
Athens,2004,Shooting,Shooting,"WANG, Chengyi",CHN,Women,50m rifle 3 positions (3x20 shots),W,Bronze
Athens,2004,Shooting,Shooting,"GALKINA, Lioubov",RUS,Women,50m rifle 3 positions (3x20 shots),W,Gold
Athens,2004,Shooting,Shooting,"TURISINI, Valentina",ITA,Women,50m rifle 3 positions (3x20 shots),W,Silver
Athens,2004,Shooting,Shooting,"PLANER, Christian",AUT,Men,50m rifle 3 positions (3x40 shots),M,Bronze
Athens,2004,Shooting,Shooting,"JIA, Zhanbo",CHN,Men,50m rifle 3 positions (3x40 shots),M,Gold
Athens,2004,Shooting,Shooting,"ANTI, Michael",USA,Men,50m rifle 3 positions (3x40 shots),M,Silver
Athens,2004,Shooting,Shooting,"MARTYNOV, Sergei",BLR,Men,50m rifle prone (60 shots),M,Bronze
Athens,2004,Shooting,Shooting,"EMMONS, Matthew",USA,Men,50m rifle prone (60 shots),M,Gold
Athens,2004,Shooting,Shooting,"LUSCH, Christian",GER,Men,50m rifle prone (60 shots),M,Silver
Athens,2004,Shooting,Shooting,"GAO, E",CHN,Women,double trap (120 targets),W,Bronze
Athens,2004,Shooting,Shooting,"RHODE, Kimberly",USA,Women,double trap (120 targets),W,Gold
Athens,2004,Shooting,Shooting,"LEE, Bo Na",KOR,Women,double trap (120 targets),W,Silver
Athens,2004,Shooting,Shooting,"WANG, Zheng",CHN,Men,double trap (150 targets),M,Bronze
Athens,2004,Shooting,Shooting,"ALMAKTOUM, Shaikh Ahmed",UAE,Men,double trap (150 targets),M,Gold
Athens,2004,Shooting,Shooting,"RATHORE, Rajyavardhan S.",IND,Men,double trap (150 targets),M,Silver
Athens,2004,Shooting,Shooting,"RODRIGUEZ, Juan Miguel",CUB,Men,skeet (125 targets),M,Bronze
Athens,2004,Shooting,Shooting,"BENELLI, Andrea",ITA,Men,skeet (125 targets),M,Gold
Athens,2004,Shooting,Shooting,"KEMPPAINEN, Marko",FIN,Men,skeet (125 targets),M,Silver
Athens,2004,Shooting,Shooting,"MEFTAKHETDINOVA, Zemfira",AZE,Women,skeet (75 targets),W,Bronze
Athens,2004,Shooting,Shooting,"IGALY, Diana",HUN,Women,skeet (75 targets),W,Gold
Athens,2004,Shooting,Shooting,"WEI, Ning",CHN,Women,skeet (75 targets),W,Silver
Athens,2004,Shooting,Shooting,"VELLA, Adam",AUS,Men,trap (125 targets),M,Bronze
Athens,2004,Shooting,Shooting,"ALIPOV, Alexei",RUS,Men,trap (125 targets),M,Gold
Athens,2004,Shooting,Shooting,"PELLIELO, Giovanni",ITA,Men,trap (125 targets),M,Silver
Athens,2004,Shooting,Shooting,"LEE, Bo Na",KOR,Women,trap (75 targets),W,Bronze
Athens,2004,Shooting,Shooting,"BALOGH, Suzanne",AUS,Women,trap (75 targets),W,Gold
Athens,2004,Shooting,Shooting,"QUINTANAL, Maria",ESP,Women,trap (75 targets),W,Silver
Athens,2004,Softball,Softball,"INUI, Emi",JPN,Women,softball,W,Bronze
Athens,2004,Softball,Softball,"ITO, Kazue",JPN,Women,softball,W,Bronze
Athens,2004,Softball,Softball,"IWABUCHI, Yumi",JPN,Women,softball,W,Bronze
Athens,2004,Softball,Softball,"MISHINA, Masumi",JPN,Women,softball,W,Bronze
Athens,2004,Softball,Softball,"NAITO, Emi",JPN,Women,softball,W,Bronze
Athens,2004,Softball,Softball,"SAITO, Haruka",JPN,Women,softball,W,Bronze
Athens,2004,Softball,Softball,"SAKAI, Hiroko",JPN,Women,softball,W,Bronze
Athens,2004,Softball,Softball,"SAKAMOTO, Naoko",JPN,Women,softball,W,Bronze
Athens,2004,Softball,Softball,"SATO, Rie",JPN,Women,softball,W,Bronze
Athens,2004,Softball,Softball,"SATO, Yuki",JPN,Women,softball,W,Bronze
Athens,2004,Softball,Softball,"TAKAYAMA, Juri",JPN,Women,softball,W,Bronze
Athens,2004,Softball,Softball,"UENO, Yukiko",JPN,Women,softball,W,Bronze
Athens,2004,Softball,Softball,"UTSUGI, Reika",JPN,Women,softball,W,Bronze
Athens,2004,Softball,Softball,"YAMADA, Eri",JPN,Women,softball,W,Bronze
Athens,2004,Softball,Softball,"YAMAJI, Noriko",JPN,Women,softball,W,Bronze
Athens,2004,Softball,Softball,"AMICO, Leah",USA,Women,softball,W,Gold
Athens,2004,Softball,Softball,"BERG, Laura",USA,Women,softball,W,Gold
Athens,2004,Softball,Softball,"BUSTOS, Crystl",USA,Women,softball,W,Gold
Athens,2004,Softball,Softball,"FERNANDEZ, Lisa",USA,Women,softball,W,Gold
Athens,2004,Softball,Softball,"FINCH, Jennie",USA,Women,softball,W,Gold
Athens,2004,Softball,Softball,"FLOWERS, Tairia",USA,Women,softball,W,Gold
Athens,2004,Softball,Softball,"FREED, Amanda",USA,Women,softball,W,Gold
Athens,2004,Softball,Softball,"HARRIGAN, Lori",USA,Women,softball,W,Gold
Athens,2004,Softball,Softball,"JUNG, Lovieanne",USA,Women,softball,W,Gold
Athens,2004,Softball,Softball,"KRETSCHMAN, Kelly",USA,Women,softball,W,Gold
Athens,2004,Softball,Softball,"MENDOZA, Jessica",USA,Women,softball,W,Gold
Athens,2004,Softball,Softball,"NUVEMAN, Stacey",USA,Women,softball,W,Gold
Athens,2004,Softball,Softball,"OSTERMAN, Catherine",USA,Women,softball,W,Gold
Athens,2004,Softball,Softball,"TOPPING, Jenny",USA,Women,softball,W,Gold
Athens,2004,Softball,Softball,"WATLEY, Natasha",USA,Women,softball,W,Gold
Athens,2004,Softball,Softball,"ALLEN, Sandra",AUS,Women,softball,W,Silver
Athens,2004,Softball,Softball,"CARPADIOS, Marissa",AUS,Women,softball,W,Silver
Athens,2004,Softball,Softball,"CRAWFORD, Fiona",AUS,Women,softball,W,Silver
Athens,2004,Softball,Softball,"DOMAN, Amanda",AUS,Women,softball,W,Silver
Athens,2004,Softball,Softball,"EDEBONE, Peta",AUS,Women,softball,W,Silver
Athens,2004,Softball,Softball,"HARDING, Tanya",AUS,Women,softball,W,Silver
Athens,2004,Softball,Softball,"HODGSKIN, Natalie",AUS,Women,softball,W,Silver
Athens,2004,Softball,Softball,"MORROW, Simmone",AUS,Women,softball,W,Silver
Athens,2004,Softball,Softball,"MOSLEY, Tracey",AUS,Women,softball,W,Silver
Athens,2004,Softball,Softball,"PORTER, Stacey",AUS,Women,softball,W,Silver
Athens,2004,Softball,Softball,"ROCHE, Melanie",AUS,Women,softball,W,Silver
Athens,2004,Softball,Softball,"TITCUME, Natalie",AUS,Women,softball,W,Silver
Athens,2004,Softball,Softball,"WARD, Natalie",AUS,Women,softball,W,Silver
Athens,2004,Softball,Softball,"WILKINS, Brooke",AUS,Women,softball,W,Silver
Athens,2004,Softball,Softball,"WYBORN, Kerry",AUS,Women,softball,W,Silver
Athens,2004,Table Tennis,Table Tennis,"MAZE, Michael John",DEN,Men,doubles,M,Bronze
Athens,2004,Table Tennis,Table Tennis,"TUGWELL, Finn",DEN,Men,doubles,M,Bronze
Athens,2004,Table Tennis,Table Tennis,"CHEN, Qi",CHN,Men,doubles,M,Gold
Athens,2004,Table Tennis,Table Tennis,"MA, Lin",CHN,Men,doubles,M,Gold
Athens,2004,Table Tennis,Table Tennis,"KO, Lai Chak",HKG,Men,doubles,M,Silver
Athens,2004,Table Tennis,Table Tennis,"LI, Ching",HKG,Men,doubles,M,Silver
Athens,2004,Table Tennis,Table Tennis,"GUO, Yue",CHN,Women,doubles,W,Bronze
Athens,2004,Table Tennis,Table Tennis,"NIU, Jianfeng",CHN,Women,doubles,W,Bronze
Athens,2004,Table Tennis,Table Tennis,"WANG, Nan",CHN,Women,doubles,W,Gold
Athens,2004,Table Tennis,Table Tennis,"ZHANG, Yining",CHN,Women,doubles,W,Gold
Athens,2004,Table Tennis,Table Tennis,"LEE, Eun Sil",KOR,Women,doubles,W,Silver
Athens,2004,Table Tennis,Table Tennis,"SEOK, Eun Mi",KOR,Women,doubles,W,Silver
Athens,2004,Table Tennis,Table Tennis,"WANG, Liqin",CHN,Men,singles,M,Bronze
Athens,2004,Table Tennis,Table Tennis,"RYU, Seungmin",KOR,Men,singles,M,Gold
Athens,2004,Table Tennis,Table Tennis,"WANG, Hao",CHN,Men,singles,M,Silver
Athens,2004,Table Tennis,Table Tennis,"KIM, Kyungah",KOR,Women,singles,W,Bronze
Athens,2004,Table Tennis,Table Tennis,"ZHANG, Yining",CHN,Women,singles,W,Gold
Athens,2004,Table Tennis,Table Tennis,"KIM, Hyang Mi",PRK,Women,singles,W,Silver
Athens,2004,Taekwondo,Taekwondo,"BOORAPOLCHAI, Yaowapa",THA,Women,- 49 kg,W,Bronze
Athens,2004,Taekwondo,Taekwondo,"CHEN, Shih Hsin",TPE,Women,- 49 kg,W,Gold
Athens,2004,Taekwondo,Taekwondo,"LABRADA DIAZ, Yanelis Yuliet",CUB,Women,- 49 kg,W,Silver
Athens,2004,Taekwondo,Taekwondo,"BAYOUMI, Tamer",EGY,Men,- 58 kg,M,Bronze
Athens,2004,Taekwondo,Taekwondo,"CHU, Mu Yen",TPE,Men,- 58 kg,M,Gold
Athens,2004,Taekwondo,Taekwondo,"SALAZAR BLANCO, Oscar Francisco",MEX,Men,- 58 kg,M,Silver
Athens,2004,Taekwondo,Taekwondo,"CARMONA, Adriana",VEN,Women,+ 67 kg,W,Bronze
Athens,2004,Taekwondo,Taekwondo,"CHEN, Zhong",CHN,Women,+ 67 kg,W,Gold
Athens,2004,Taekwondo,Taekwondo,"BAVEREL, Myriam",FRA,Women,+ 67 kg,W,Silver
Athens,2004,Taekwondo,Taekwondo,"GENTIL, Pascal",FRA,Men,+ 80 kg,M,Bronze
Athens,2004,Taekwondo,Taekwondo,"MOON, Dae Sung",KOR,Men,+ 80 kg,M,Gold
Athens,2004,Taekwondo,Taekwondo,"NIKOLAIDIS, Alexandros",GRE,Men,+ 80 kg,M,Silver
Athens,2004,Taekwondo,Taekwondo,"SALAZAR BLANCO, Iridia",MEX,Women,49 - 57 kg,W,Bronze
Athens,2004,Taekwondo,Taekwondo,"JANG, Ji Won",KOR,Women,49 - 57 kg,W,Gold
Athens,2004,Taekwondo,Taekwondo,"ABDALLAH, Nia",USA,Women,49 - 57 kg,W,Silver
Athens,2004,Taekwondo,Taekwondo,"HWANG, Kyung Sun",KOR,Women,57 - 67 kg,W,Bronze
Athens,2004,Taekwondo,Taekwondo,"LUO, Wei",CHN,Women,57 - 67 kg,W,Gold
Athens,2004,Taekwondo,Taekwondo,"MYSTAKIDOU, Elisavet",GRE,Women,57 - 67 kg,W,Silver
Athens,2004,Taekwondo,Taekwondo,"SONG, Myeong Seob",KOR,Men,58 - 68 kg,M,Bronze
Athens,2004,Taekwondo,Taekwondo,"SAEI, Hadi",IRI,Men,58 - 68 kg,M,Gold
Athens,2004,Taekwondo,Taekwondo,"HUANG, Chih Hsiung",TPE,Men,58 - 68 kg,M,Silver
Athens,2004,Taekwondo,Taekwondo,"KARAMI, Yossef",IRI,Men,68 - 80 kg,M,Bronze
Athens,2004,Taekwondo,Taekwondo,"LOPEZ, Steven",USA,Men,68 - 80 kg,M,Gold
Athens,2004,Taekwondo,Taekwondo,"TANRIKULU, Bahri",TUR,Men,68 - 80 kg,M,Silver
Athens,2004,Tennis,Tennis,"ANCIC, Mario",CRO,Men,doubles,M,Bronze
Athens,2004,Tennis,Tennis,"LJUBICIC, Ivan",CRO,Men,doubles,M,Bronze
Athens,2004,Tennis,Tennis,"GONZALEZ, Fernando",CHI,Men,doubles,M,Gold
Athens,2004,Tennis,Tennis,"MASSU, Nicolas",CHI,Men,doubles,M,Gold
Athens,2004,Tennis,Tennis,"KIEFER, Nicolas",GER,Men,doubles,M,Silver
Athens,2004,Tennis,Tennis,"SCHUETTLER, Rainer",GER,Men,doubles,M,Silver
Athens,2004,Tennis,Tennis,"SUAREZ, Paola",ARG,Women,doubles,W,Bronze
Athens,2004,Tennis,Tennis,"TARABINI, Patricia",ARG,Women,doubles,W,Bronze
Athens,2004,Tennis,Tennis,"LI, Ting",CHN,Women,doubles,W,Gold
Athens,2004,Tennis,Tennis,"SUN, Tian Tian",CHN,Women,doubles,W,Gold
Athens,2004,Tennis,Tennis,"GONZALEZ, Fernando",CHI,Men,singles,M,Bronze
Athens,2004,Tennis,Tennis,"MASSU, Nicolas",CHI,Men,singles,M,Gold
Athens,2004,Tennis,Tennis,"FISH, Mardy",USA,Men,singles,M,Silver
Athens,2004,Tennis,Tennis,"MOLIK, Alicia",AUS,Women,singles,W,Bronze
Athens,2004,Tennis,Tennis,"HENIN-HARDENNE, Justine",BEL,Women,singles,W,Gold
Athens,2004,Tennis,Tennis,"MAURESMO, Amelie",FRA,Women,singles,W,Silver
Athens,2004,Triathlon,Triathlon,"RIEDERER, Sven",SUI,Men,Individual,M,Bronze
Athens,2004,Triathlon,Triathlon,"CARTER, Hamish",NZL,Men,Individual,M,Gold
Athens,2004,Triathlon,Triathlon,"DOCHERTY, Bevan",NZL,Men,Individual,M,Silver
Athens,2004,Triathlon,Triathlon,"WILLIAMS, Susan",USA,Women,Individual,W,Bronze
Athens,2004,Triathlon,Triathlon,"ALLEN, Kate",AUT,Women,Individual,W,Gold
Athens,2004,Triathlon,Triathlon,"HARROP, Loretta",AUS,Women,Individual,W,Silver
Athens,2004,Volleyball,Beach volley.,"HEUSCHER, Patrick",SUI,Men,beach volleyball,M,Bronze
Athens,2004,Volleyball,Beach volley.,"KOBEL, Stefan",SUI,Men,beach volleyball,M,Bronze
Athens,2004,Volleyball,Beach volley.,"REGO, Emanuel",BRA,Men,beach volleyball,M,Gold
Athens,2004,Volleyball,Beach volley.,"SANTOS, Ricardo",BRA,Men,beach volleyball,M,Gold
Athens,2004,Volleyball,Beach volley.,"BOSMA, Javier",ESP,Men,beach volleyball,M,Silver
Athens,2004,Volleyball,Beach volley.,"HERRERA, Pablo",ESP,Men,beach volleyball,M,Silver
Athens,2004,Volleyball,Beach volley.,"MCPEAK, Holly",USA,Women,beach volleyball,W,Bronze
Athens,2004,Volleyball,Beach volley.,"YOUNGS, Elaine",USA,Women,beach volleyball,W,Bronze
