Stockholm,1912,Aquatics,Water polo,"PLETINCX, Joseph",BEL,Men,water polo,M,Bronze
Stockholm,1912,Aquatics,Water polo,"BENTHAM, Isaac",GBR,Men,water polo,M,Gold
Stockholm,1912,Aquatics,Water polo,"BUGBEE, Charles",GBR,Men,water polo,M,Gold
Stockholm,1912,Aquatics,Water polo,"CORNET, George Thomson",GBR,Men,water polo,M,Gold
Stockholm,1912,Aquatics,Water polo,"HILL, Arthur Edwin",GBR,Men,water polo,M,Gold
Stockholm,1912,Aquatics,Water polo,"RADMILOVIC, Paul",GBR,Men,water polo,M,Gold
Stockholm,1912,Aquatics,Water polo,"SMITH, Charles Sydney",GBR,Men,water polo,M,Gold
Stockholm,1912,Aquatics,Water polo,"WILKINSON, George",GBR,Men,water polo,M,Gold
Stockholm,1912,Aquatics,Water polo,"ANDERSSON, Robert T.",SWE,Men,water polo,M,Silver
Stockholm,1912,Aquatics,Water polo,"ANDERSSON, Vilhelm",SWE,Men,water polo,M,Silver
Stockholm,1912,Aquatics,Water polo,"BERGQVIST, Erik",SWE,Men,water polo,M,Silver
Stockholm,1912,Aquatics,Water polo,"GUMPEL, Max",SWE,Men,water polo,M,Silver
Stockholm,1912,Aquatics,Water polo,"HANSSON, Pontus",SWE,Men,water polo,M,Silver
Stockholm,1912,Aquatics,Water polo,"JULIN, Harald S.A.",SWE,Men,water polo,M,Silver
Stockholm,1912,Aquatics,Water polo,"KUMFELDT, K. Torsten",SWE,Men,water polo,M,Silver
Stockholm,1912,Athletics,Athletics,"STENROOS, Albin Oskar",FIN,Men,10000m,M,Bronze
Stockholm,1912,Athletics,Athletics,"KOLEHMAINEN, Hannes",FIN,Men,10000m,M,Gold
Stockholm,1912,Athletics,Athletics,"TEWANINA, Lewis",USA,Men,10000m,M,Silver
Stockholm,1912,Athletics,Athletics,"ALTIMANI, Fernando",ITA,Men,10000m walk,M,Bronze
Stockholm,1912,Athletics,Athletics,"GOULDING, George",CAN,Men,10000m walk,M,Gold
Stockholm,1912,Athletics,Athletics,"WEBB, Ernest",GBR,Men,10000m walk,M,Silver
Stockholm,1912,Athletics,Athletics,"LIPPINCOTT, Donald",USA,Men,100m,M,Bronze
Stockholm,1912,Athletics,Athletics,"CRAIG, Ralph",USA,Men,100m,M,Gold
Stockholm,1912,Athletics,Athletics,"MEYER, I. Alvah",USA,Men,100m,M,Silver
Stockholm,1912,Athletics,Athletics,"HAWKINS, Martin",USA,Men,110m hurdles,M,Bronze
Stockholm,1912,Athletics,Athletics,"KELLY, Frederick",USA,Men,110m hurdles,M,Gold
Stockholm,1912,Athletics,Athletics,"WENDELL, James",USA,Men,110m hurdles,M,Silver
Stockholm,1912,Athletics,Athletics,"TABER, Norman",USA,Men,1500m,M,Bronze
Stockholm,1912,Athletics,Athletics,"JACKSON, Arnold",GBR,Men,1500m,M,Gold
Stockholm,1912,Athletics,Athletics,"KIVIAT, Abel",USA,Men,1500m,M,Silver
Stockholm,1912,Athletics,Athletics,"APPLEGARTH, William",GBR,Men,200m,M,Bronze
Stockholm,1912,Athletics,Athletics,"CRAIG, Ralph",USA,Men,200m,M,Gold
Stockholm,1912,Athletics,Athletics,"LIPPINCOTT, Donald",USA,Men,200m,M,Silver
Stockholm,1912,Athletics,Athletics,"COTTRILL, William",GBR,Men,3000m team,M,Bronze
Stockholm,1912,Athletics,Athletics,"HUTSON, George William",GBR,Men,3000m team,M,Bronze
Stockholm,1912,Athletics,Athletics,"MOORE, Frank W.",GBR,Men,3000m team,M,Bronze
Stockholm,1912,Athletics,Athletics,"OWEN, Edward",GBR,Men,3000m team,M,Bronze
Stockholm,1912,Athletics,Athletics,"PORTER, Cyril Henry Atwell",GBR,Men,3000m team,M,Bronze
Stockholm,1912,Athletics,Athletics,"BERNA, Tell Schirnding",USA,Men,3000m team,M,Gold
Stockholm,1912,Athletics,Athletics,"BONHAG, George V.",USA,Men,3000m team,M,Gold
Stockholm,1912,Athletics,Athletics,"KIVIAT, Abel",USA,Men,3000m team,M,Gold
Stockholm,1912,Athletics,Athletics,"SCOTT, Henry Louis",USA,Men,3000m team,M,Gold
Stockholm,1912,Athletics,Athletics,"TABER, Norman",USA,Men,3000m team,M,Gold
Stockholm,1912,Athletics,Athletics,"FOCK, Bror",SWE,Men,3000m team,M,Silver
Stockholm,1912,Athletics,Athletics,"FRYKBERG, Nils",SWE,Men,3000m team,M,Silver
Stockholm,1912,Athletics,Athletics,"OHLSSON, Thorild",SWE,Men,3000m team,M,Silver
Stockholm,1912,Athletics,Athletics,"WIDE, Ernest",SWE,Men,3000m team,M,Silver
Stockholm,1912,Athletics,Athletics,"ZANDER, John",SWE,Men,3000m team,M,Silver
Stockholm,1912,Athletics,Athletics,"LINDBERG, Edward F.",USA,Men,400m,M,Bronze
Stockholm,1912,Athletics,Athletics,"REIDPATH, Charles Decker",USA,Men,400m,M,Gold
Stockholm,1912,Athletics,Athletics,"BRAUN, Hans",GER,Men,400m,M,Silver
Stockholm,1912,Athletics,Athletics,"APPLEGARTH, William",GBR,Men,4x100m relay,M,Gold
Stockholm,1912,Athletics,Athletics,"D'ARCY, Victor Henry Augustus",GBR,Men,4x100m relay,M,Gold
Stockholm,1912,Athletics,Athletics,"JACOBS, David Henry",GBR,Men,4x100m relay,M,Gold
Stockholm,1912,Athletics,Athletics,"MACKINTOSH, Henry Maitland",GBR,Men,4x100m relay,M,Gold
Stockholm,1912,Athletics,Athletics,"LINDBERG, Knut",SWE,Men,4x100m relay,M,Silver
Stockholm,1912,Athletics,Athletics,"LUTHER, Karl August",SWE,Men,4x100m relay,M,Silver
Stockholm,1912,Athletics,Athletics,"MÖLLER, Ivan",SWE,Men,4x100m relay,M,Silver
Stockholm,1912,Athletics,Athletics,"PERSSON, Ture",SWE,Men,4x100m relay,M,Silver
Stockholm,1912,Athletics,Athletics,"HENLEY, Ernest John",GBR,Men,4x400m relay,M,Bronze
Stockholm,1912,Athletics,Athletics,"NICOL, George",GBR,Men,4x400m relay,M,Bronze
Stockholm,1912,Athletics,Athletics,"SEEDHOUSE, Cyril Norman",GBR,Men,4x400m relay,M,Bronze
Stockholm,1912,Athletics,Athletics,"SOUTTER, James Tindal",GBR,Men,4x400m relay,M,Bronze
Stockholm,1912,Athletics,Athletics,"LINDBERG, Edward F.",USA,Men,4x400m relay,M,Gold
Stockholm,1912,Athletics,Athletics,"MEREDITH, James Edwin",USA,Men,4x400m relay,M,Gold
Stockholm,1912,Athletics,Athletics,"REIDPATH, Charles Decker",USA,Men,4x400m relay,M,Gold
Stockholm,1912,Athletics,Athletics,"SHEPPARD, Melvin",USA,Men,4x400m relay,M,Gold
Stockholm,1912,Athletics,Athletics,"FAILLIOT, Pierre",FRA,Men,4x400m relay,M,Silver
Stockholm,1912,Athletics,Athletics,"LELONG, Charles Louis",FRA,Men,4x400m relay,M,Silver
Stockholm,1912,Athletics,Athletics,"POULENARD, Charles Alexandre Casimir",FRA,Men,4x400m relay,M,Silver
Stockholm,1912,Athletics,Athletics,"SCHURRER, Robert",FRA,Men,4x400m relay,M,Silver
Stockholm,1912,Athletics,Athletics,"HUTSON, George William",GBR,Men,5000m,M,Bronze
Stockholm,1912,Athletics,Athletics,"KOLEHMAINEN, Hannes",FIN,Men,5000m,M,Gold
Stockholm,1912,Athletics,Athletics,"BOUIN, Jean",FRA,Men,5000m,M,Silver
Stockholm,1912,Athletics,Athletics,"DAVENPORT, Ira Nelson",USA,Men,800m,M,Bronze
Stockholm,1912,Athletics,Athletics,"MEREDITH, James Edwin",USA,Men,800m,M,Gold
Stockholm,1912,Athletics,Athletics,"SHEPPARD, Melvin",USA,Men,800m,M,Silver
Stockholm,1912,Athletics,Athletics,"EKE, John",SWE,Men,cross country individual,M,Bronze
Stockholm,1912,Athletics,Athletics,"KOLEHMAINEN, Hannes",FIN,Men,cross country individual,M,Gold
Stockholm,1912,Athletics,Athletics,"ANDERSSON, Hjalmar",SWE,Men,cross country individual,M,Silver
Stockholm,1912,Athletics,Athletics,"GLOVER, Ernest",GBR,Men,cross country team,M,Bronze
Stockholm,1912,Athletics,Athletics,"HIBBINS, Frederick Newton",GBR,Men,cross country team,M,Bronze
Stockholm,1912,Athletics,Athletics,"HUMPHREYS, Frederick Harkness",GBR,Men,cross country team,M,Bronze
Stockholm,1912,Athletics,Athletics,"ANDERSSON, Hjalmar",SWE,Men,cross country team,M,Gold
Stockholm,1912,Athletics,Athletics,"EKE, John",SWE,Men,cross country team,M,Gold
Stockholm,1912,Athletics,Athletics,"TERNSTRÖM, Josef",SWE,Men,cross country team,M,Gold
Stockholm,1912,Athletics,Athletics,"ESKOLA, Jalmari",FIN,Men,cross country team,M,Silver
Stockholm,1912,Athletics,Athletics,"KOLEHMAINEN, Hannes",FIN,Men,cross country team,M,Silver
Stockholm,1912,Athletics,Athletics,"STENROOS, Albin Oskar",FIN,Men,cross country team,M,Silver
Stockholm,1912,Athletics,Athletics,"HOLMER, Gösta",SWE,Men,decathlon,M,Bronze
Stockholm,1912,Athletics,Athletics,"THORPE, Jim",USA,Men,decathlon,M,Gold
Stockholm,1912,Athletics,Athletics,"WIESLANDER, Hugo K.",SWE,Men,decathlon,M,Gold
Stockholm,1912,Athletics,Athletics,"LOMBERG, Charles",SWE,Men,decathlon,M,Silver
Stockholm,1912,Athletics,Athletics,"DUNCAN, James Henry",USA,Men,discus throw,M,Bronze
Stockholm,1912,Athletics,Athletics,"TAIPALE, Armas Rudolf",FIN,Men,discus throw,M,Gold
Stockholm,1912,Athletics,Athletics,"BYRD, Richard Leslie",USA,Men,discus throw,M,Silver
Stockholm,1912,Athletics,Athletics,"MAGNUSSON, Emil",SWE,Men,"discus throw, both hands",M,Bronze
Stockholm,1912,Athletics,Athletics,"TAIPALE, Armas Rudolf",FIN,Men,"discus throw, both hands",M,Gold
Stockholm,1912,Athletics,Athletics,"NIKLANDER, Elmer Konstantin",FIN,Men,"discus throw, both hands",M,Silver
Stockholm,1912,Athletics,Athletics,"CHILDS, Clarence Chester",USA,Men,hammer throw,M,Bronze
Stockholm,1912,Athletics,Athletics,"MCGRATH, Matthew J.",USA,Men,hammer throw,M,Gold
Stockholm,1912,Athletics,Athletics,"GILLIS, Duncan",CAN,Men,hammer throw,M,Silver
Stockholm,1912,Athletics,Athletics,"HORINE, George Leslie",USA,Men,high jump,M,Bronze
Stockholm,1912,Athletics,Athletics,"RICHARDS, Alma Wilfred",USA,Men,high jump,M,Gold
Stockholm,1912,Athletics,Athletics,"LIESCHE, Hans",GER,Men,high jump,M,Silver
Stockholm,1912,Athletics,Athletics,"TSICLITIRAS, Konstantinos",GRE,Men,"high jump, standing",M,Bronze
Stockholm,1912,Athletics,Athletics,"ADAMS, Platt",USA,Men,"high jump, standing",M,Gold
Stockholm,1912,Athletics,Athletics,"ADAMS, Benjamin W.",USA,Men,"high jump, standing",M,Silver
Stockholm,1912,Athletics,Athletics,"KOVACS, Mor",HUN,Men,javelin throw,M,Bronze
Stockholm,1912,Athletics,Athletics,"LEMMING, Eric",SWE,Men,javelin throw,M,Gold
Stockholm,1912,Athletics,Athletics,"SAARISTO, Juho Julius",FIN,Men,javelin throw,M,Silver
Stockholm,1912,Athletics,Athletics,"PELTONEN, Urho Pellervo",FIN,Men,"javelin throw, both hands",M,Bronze
Stockholm,1912,Athletics,Athletics,"SAARISTO, Juho Julius",FIN,Men,"javelin throw, both hands",M,Gold
Stockholm,1912,Athletics,Athletics,"SIIKANIEMI, Väinö",FIN,Men,"javelin throw, both hands",M,Silver
Stockholm,1912,Athletics,Athletics,"ABERG, Georg",SWE,Men,long jump,M,Bronze
Stockholm,1912,Athletics,Athletics,"GUTTERSON, Albert Lovejoy",USA,Men,long jump,M,Gold
Stockholm,1912,Athletics,Athletics,"BRICKER, Calvin David",CAN,Men,long jump,M,Silver
Stockholm,1912,Athletics,Athletics,"ADAMS, Benjamin W.",USA,Men,"long jump, standing",M,Bronze
Stockholm,1912,Athletics,Athletics,"TSICLITIRAS, Konstantinos",GRE,Men,"long jump, standing",M,Gold
Stockholm,1912,Athletics,Athletics,"ADAMS, Platt",USA,Men,"long jump, standing",M,Silver
Stockholm,1912,Athletics,Athletics,"STROBINO, Gaston",USA,Men,marathon,M,Bronze
Stockholm,1912,Athletics,Athletics,"MCARTHUR, Kennedy Kane",RSA,Men,marathon,M,Gold
Stockholm,1912,Athletics,Athletics,"GITSHAM, Christian W.",RSA,Men,marathon,M,Silver
Stockholm,1912,Athletics,Athletics,"LUKEMAN, Frank",CAN,Men,pentathlon,M,Bronze
Stockholm,1912,Athletics,Athletics,"BIE, Ferdinand Reinhardt",NOR,Men,pentathlon,M,Gold
Stockholm,1912,Athletics,Athletics,"THORPE, Jim",USA,Men,pentathlon,M,Gold
Stockholm,1912,Athletics,Athletics,"DONAHUE, James Joseph",USA,Men,pentathlon,M,Silver
Stockholm,1912,Athletics,Athletics,"HAPPENNY, William",CAN,Men,pole vault,M,Bronze
Stockholm,1912,Athletics,Athletics,"MURPHY, Frank Dwyer",USA,Men,pole vault,M,Bronze
Stockholm,1912,Athletics,Athletics,"UGGLA, Bertil",SWE,Men,pole vault,M,Bronze
Stockholm,1912,Athletics,Athletics,"BABCOCK, Harry Stoddard",USA,Men,pole vault,M,Gold
Stockholm,1912,Athletics,Athletics,"NELSON, Frank Thayer",USA,Men,pole vault,M,Silver
Stockholm,1912,Athletics,Athletics,"WRIGHT, Marc Snowell",USA,Men,pole vault,M,Silver
Stockholm,1912,Athletics,Athletics,"WHITNEY, Laurence Atwood",USA,Men,shot put,M,Bronze
Stockholm,1912,Athletics,Athletics,"MCDONALD, Patrick",USA,Men,shot put,M,Gold
Stockholm,1912,Athletics,Athletics,"ROSE, Ralph",USA,Men,shot put,M,Silver
Stockholm,1912,Athletics,Athletics,"NIKLANDER, Elmer Konstantin",FIN,Men,"shot put, both hands",M,Bronze
Stockholm,1912,Athletics,Athletics,"ROSE, Ralph",USA,Men,"shot put, both hands",M,Gold
Stockholm,1912,Athletics,Athletics,"MCDONALD, Patrick",USA,Men,"shot put, both hands",M,Silver
Stockholm,1912,Athletics,Athletics,"ALMLÖF, Erik",SWE,Men,triple jump,M,Bronze
Stockholm,1912,Athletics,Athletics,"LINDBLOM, Gustav",SWE,Men,triple jump,M,Gold
Stockholm,1912,Athletics,Athletics,"ABERG, Georg",SWE,Men,triple jump,M,Silver
Stockholm,1912,Cycling,Cycling Road,"SCHUTTE, Carl Otto",USA,Men,individual time trial,M,Bronze
Stockholm,1912,Cycling,Cycling Road,"LEWIS, Rudolph",RSA,Men,individual time trial,M,Gold
Stockholm,1912,Cycling,Cycling Road,"GRUBB, Frederick Henry",GBR,Men,individual time trial,M,Silver
Stockholm,1912,Cycling,Cycling Road,"KRUSHEL, Albert",USA,Men,team time trial,M,Bronze
Stockholm,1912,Cycling,Cycling Road,"LOFTES, Alvin Hjalmar",USA,Men,team time trial,M,Bronze
Stockholm,1912,Cycling,Cycling Road,"MARTIN, Walter C.",USA,Men,team time trial,M,Bronze
Stockholm,1912,Cycling,Cycling Road,"SCHUTTE, Carl Otto",USA,Men,team time trial,M,Bronze
Stockholm,1912,Cycling,Cycling Road,"FRIBORG, Erik",SWE,Men,team time trial,M,Gold
Stockholm,1912,Cycling,Cycling Road,"LÖNN, Algot",SWE,Men,team time trial,M,Gold
Stockholm,1912,Cycling,Cycling Road,"MALM, Ragnar",SWE,Men,team time trial,M,Gold
Stockholm,1912,Cycling,Cycling Road,"PERSSON, Axel Wilhelm",SWE,Men,team time trial,M,Gold
Stockholm,1912,Cycling,Cycling Road,"GRUBB, Frederick Henry",GBR,Men,team time trial,M,Silver
Stockholm,1912,Cycling,Cycling Road,"HAMMOND, William Robert",GBR,Men,team time trial,M,Silver
Stockholm,1912,Cycling,Cycling Road,"MEREDITH, Leonard Lewis",GBR,Men,team time trial,M,Silver
Stockholm,1912,Cycling,Cycling Road,"MOSS, Charles",GBR,Men,team time trial,M,Silver
Stockholm,1912,Equestrian,Dressage,"VON BLIXEN-FINECKE, Hans",SWE,Men,individual,X,Bronze
Stockholm,1912,Equestrian,Dressage,"BONDE, Carl",SWE,Men,individual,X,Gold
Stockholm,1912,Equestrian,Dressage,"BOLTENSTERN, Gustaf-Adolf",SWE,Men,individual,X,Silver
Stockholm,1912,Equestrian,Eventing,"CARIOU, J",FRA,Men,individual,X,Bronze
Stockholm,1912,Equestrian,Eventing,"NORDLANDER, Axel",SWE,Men,individual,X,Gold
Stockholm,1912,Equestrian,Eventing,"VON ROCHOW, Friedrich Leopold Harry",GER,Men,individual,X,Silver
Stockholm,1912,Equestrian,Eventing,"GRAHAM, Ephraim Foster",USA,Men,team,X,Bronze
Stockholm,1912,Equestrian,Eventing,"HENRY, Guy Verner",USA,Men,team,X,Bronze
Stockholm,1912,Equestrian,Eventing,"LEAR, Benjamin",USA,Men,team,X,Bronze
Stockholm,1912,Equestrian,Eventing,"MONTGOMERY, John Carter",USA,Men,team,X,Bronze
Stockholm,1912,Equestrian,Eventing,"ADLERCREUTZ, Nils",SWE,Men,team,X,Gold
Stockholm,1912,Equestrian,Eventing,"CASPARSSON, Ernst",SWE,Men,team,X,Gold
Stockholm,1912,Equestrian,Eventing,"HORN AF AMINNE, Henric",SWE,Men,team,X,Gold
Stockholm,1912,Equestrian,Eventing,"NORDLANDER, Axel",SWE,Men,team,X,Gold
Stockholm,1912,Equestrian,Eventing,"VON LÜTSCKEN, Eduard",GER,Men,team,X,Silver
Stockholm,1912,Equestrian,Eventing,"VON MOERS, Henrich",GER,Men,team,X,Silver
Stockholm,1912,Equestrian,Eventing,"VON ROCHOW, Friedrich Leopold Harry",GER,Men,team,X,Silver
Stockholm,1912,Equestrian,Eventing,"VON SCHAESBERG-TANNHEIM, Rudolf Graf",GER,Men,team,X,Silver
Stockholm,1912,Equestrian,Jumping,"DE BLOMMAERT DE SOYE, Emmanuel",BEL,Men,individual,X,Bronze
Stockholm,1912,Equestrian,Jumping,"CARIOU, J",FRA,Men,individual,X,Gold
Stockholm,1912,Equestrian,Jumping,"VON KRÖCHER, Rabod Wilhelm",GER,Men,individual,X,Silver
Stockholm,1912,Equestrian,Jumping,"DELOCH, Ernst Hubertus",GER,Men,team,X,Bronze
Stockholm,1912,Equestrian,Jumping,"FREYER, Sigismund",GER,Men,team,X,Bronze
Stockholm,1912,Equestrian,Jumping,"VON HOHENAU, Wilhelm",GER,Men,team,X,Bronze
Stockholm,1912,Equestrian,Jumping,"VON PREUSSEN, Friedrich Karl",GER,Men,team,X,Bronze
Stockholm,1912,Equestrian,Jumping,"KILMAN, Gustaf",SWE,Men,team,X,Gold
Stockholm,1912,Equestrian,Jumping,"LEWENHAUPT, Carl Gustaf",SWE,Men,team,X,Gold
Stockholm,1912,Equestrian,Jumping,"ROSENCRANTZ, Frederik",SWE,Men,team,X,Gold
Stockholm,1912,Equestrian,Jumping,"VON ROSEN, Hans",SWE,Men,team,X,Gold
Stockholm,1912,Equestrian,Jumping,"CARIOU, J",FRA,Men,team,X,Silver
Stockholm,1912,Equestrian,Jumping,"DUFOURT D'ASTAFORT, Michel",FRA,Men,team,X,Silver
Stockholm,1912,Equestrian,Jumping,"MEYER, Bernard",FRA,Men,team,X,Silver
Stockholm,1912,Equestrian,Jumping,"SEIGNER, Albert",FRA,Men,team,X,Silver
Stockholm,1912,Fencing,Fencing,"LE HARDY DE BEAULIEU, Philippe",BEL,Men,épée individual,M,Bronze
Stockholm,1912,Fencing,Fencing,"ANSPACH, Paul",BEL,Men,épée individual,M,Gold
Stockholm,1912,Fencing,Fencing,"OSIIER, Ivan Joseph Martin",DEN,Men,épée individual,M,Silver
Stockholm,1912,Fencing,Fencing,"DE JONG, Adrianus Egbertus Willem",NED,Men,épée team,M,Bronze
Stockholm,1912,Fencing,Fencing,"DOORMAN, Jetze",NED,Men,épée team,M,Bronze
Stockholm,1912,Fencing,Fencing,"SALOMONSON, Leonardus",NED,Men,épée team,M,Bronze
Stockholm,1912,Fencing,Fencing,"VAN BLIJENBURGH, Willem Peter Hubert",NED,Men,épée team,M,Bronze
Stockholm,1912,Fencing,Fencing,"VAN ROSSEM, George",NED,Men,épée team,M,Bronze
Stockholm,1912,Fencing,Fencing,"ANSPACH, Henri",BEL,Men,épée team,M,Gold
Stockholm,1912,Fencing,Fencing,"ANSPACH, Paul",BEL,Men,épée team,M,Gold
Stockholm,1912,Fencing,Fencing,"DE MONTIGNY, Fernand",BEL,Men,épée team,M,Gold
Stockholm,1912,Fencing,Fencing,"HENNET, Robert",BEL,Men,épée team,M,Gold
Stockholm,1912,Fencing,Fencing,"OCHS, Jacques",BEL,Men,épée team,M,Gold
Stockholm,1912,Fencing,Fencing,"ROM, François",BEL,Men,épée team,M,Gold
Stockholm,1912,Fencing,Fencing,"SALMON, Gaston C.J.M.",BEL,Men,épée team,M,Gold
Stockholm,1912,Fencing,Fencing,"WILLEMS, Victor",BEL,Men,épée team,M,Gold
Stockholm,1912,Fencing,Fencing,"AMPHLETT, Edgar Montague",GBR,Men,épée team,M,Silver
Stockholm,1912,Fencing,Fencing,"BLAKE, John Percy",GBR,Men,épée team,M,Silver
Stockholm,1912,Fencing,Fencing,"DAWSON, Percival May",GBR,Men,épée team,M,Silver
Stockholm,1912,Fencing,Fencing,"EVERITT, Arthur Francis G.",GBR,Men,épée team,M,Silver
Stockholm,1912,Fencing,Fencing,"HOLT, Martin Drummond",GBR,Men,épée team,M,Silver
Stockholm,1912,Fencing,Fencing,"MARTINEAU, Sydney",GBR,Men,épée team,M,Silver
Stockholm,1912,Fencing,Fencing,"MONTGOMERIE, Robert Cecil",GBR,Men,épée team,M,Silver
Stockholm,1912,Fencing,Fencing,"SELIGMAN, Edgar Isaac",GBR,Men,épée team,M,Silver
Stockholm,1912,Fencing,Fencing,"VERDERBER, Richard",AUT,Men,foil individual,M,Bronze
Stockholm,1912,Fencing,Fencing,"NADI, Nedo",ITA,Men,foil individual,M,Gold
Stockholm,1912,Fencing,Fencing,"SPECIALE, Pietro",ITA,Men,foil individual,M,Silver
Stockholm,1912,Fencing,Fencing,"MESZAROS, Ervin",HUN,Men,sabre individual,M,Bronze
Stockholm,1912,Fencing,Fencing,"FUCHS, Jenö",HUN,Men,sabre individual,M,Gold
Stockholm,1912,Fencing,Fencing,"BEKESSY, Béla",HUN,Men,sabre individual,M,Silver
Stockholm,1912,Fencing,Fencing,"DE JONG, Adrianus Egbertus Willem",NED,Men,sabre team,M,Bronze
Stockholm,1912,Fencing,Fencing,"DE JONGH, Hendrik Egb. Willem",NED,Men,sabre team,M,Bronze
Stockholm,1912,Fencing,Fencing,"DOORMAN, Jetze",NED,Men,sabre team,M,Bronze
Stockholm,1912,Fencing,Fencing,"SCALONGNE, Dirk",NED,Men,sabre team,M,Bronze
Stockholm,1912,Fencing,Fencing,"VAN BLIJENBURGH, Willem Peter Hubert",NED,Men,sabre team,M,Bronze
Stockholm,1912,Fencing,Fencing,"VAN ROSSEM, George",NED,Men,sabre team,M,Bronze
Stockholm,1912,Fencing,Fencing,"BERTI, Laszlo",HUN,Men,sabre team,M,Gold
Stockholm,1912,Fencing,Fencing,"FÖLDES, Deszö",HUN,Men,sabre team,M,Gold
Stockholm,1912,Fencing,Fencing,"FUCHS, Jenö",HUN,Men,sabre team,M,Gold
Stockholm,1912,Fencing,Fencing,"GERDE, Oskar",HUN,Men,sabre team,M,Gold
Stockholm,1912,Fencing,Fencing,"MESZAROS, Ervin",HUN,Men,sabre team,M,Gold
Stockholm,1912,Fencing,Fencing,"SCHENKER, Zoltan",HUN,Men,sabre team,M,Gold
Stockholm,1912,Fencing,Fencing,"TOTH, Peter",HUN,Men,sabre team,M,Gold
Stockholm,1912,Fencing,Fencing,"WERKNER, Lajos",HUN,Men,sabre team,M,Gold
Stockholm,1912,Fencing,Fencing,"BOGEN, Albert",AUT,Men,sabre team,M,Silver
Stockholm,1912,Fencing,Fencing,"CVETKO, Rudolf",AUT,Men,sabre team,M,Silver
Stockholm,1912,Fencing,Fencing,"GOLLING, Friedrich",AUT,Men,sabre team,M,Silver
Stockholm,1912,Fencing,Fencing,"HERSCHMANN, Otto",AUT,Men,sabre team,M,Silver
Stockholm,1912,Fencing,Fencing,"SUTTNER, Andreas",AUT,Men,sabre team,M,Silver
Stockholm,1912,Fencing,Fencing,"TRAMPLER, Reinhold",AUT,Men,sabre team,M,Silver
Stockholm,1912,Fencing,Fencing,"VERDERBER, Richard",AUT,Men,sabre team,M,Silver
Stockholm,1912,Football,Football,"BOUVY, Nicolaas Jan Jerome",NED,Men,football,M,Bronze
Stockholm,1912,Football,Football,"DE GROOT, Henri Franciscus",NED,Men,football,M,Bronze
Stockholm,1912,Football,Football,"DE KORVER, Johannes Marius",NED,Men,football,M,Bronze
Stockholm,1912,Football,Football,"DE WOLF, Nicolaas",NED,Men,football,M,Bronze
Stockholm,1912,Football,Football,"FEITH, Constant Willem",NED,Men,football,M,Bronze
Stockholm,1912,Football,Football,"GÖBEL, Marius Just",NED,Men,football,M,Bronze
Stockholm,1912,Football,Football,"LOTSY, Dirk Nicolaas",NED,Men,football,M,Bronze
Stockholm,1912,Football,Football,"TEN CATE, Caesar Herman",NED,Men,football,M,Bronze
Stockholm,1912,Football,Football,"VAN BREDA KOLFF, Jan Gualtherus",NED,Men,football,M,Bronze
Stockholm,1912,Football,Football,"VOS, Jan",NED,Men,football,M,Bronze
Stockholm,1912,Football,Football,"WIJNVELDT, David",NED,Men,football,M,Bronze
Stockholm,1912,Football,Football,"BERRY, Arthur",GBR,Men,football,M,Gold
Stockholm,1912,Football,Football,"BREBNER, Ronald Gilchrist",GBR,Men,football,M,Gold
Stockholm,1912,Football,Football,"BURN, Thomas Christopher",GBR,Men,football,M,Gold
Stockholm,1912,Football,Football,"DINES, James",GBR,Men,football,M,Gold
Stockholm,1912,Football,Football,"HANNEY, Edward T.",GBR,Men,football,M,Gold
Stockholm,1912,Football,Football,"HOARE, Gordon Rahere",GBR,Men,football,M,Gold
Stockholm,1912,Football,Football,"KNIGHT, Arthur Egerton",GBR,Men,football,M,Gold
Stockholm,1912,Football,Football,"LITTLEWORT, Henry Charles",GBR,Men,football,M,Gold
Stockholm,1912,Football,Football,"SHARPE, Ivor Gordon",GBR,Men,football,M,Gold
Stockholm,1912,Football,Football,"WALDEN, Harold Adrian",GBR,Men,football,M,Gold
Stockholm,1912,Football,Football,"WOODWARD, Vivian John",GBR,Men,football,M,Gold
Stockholm,1912,Football,Football,"BERTH, Paul Ludvig Laurits",DEN,Men,football,M,Silver
Stockholm,1912,Football,Football,"BUCHWALD, Charles",DEN,Men,football,M,Silver
Stockholm,1912,Football,Football,"CHRISTOFFERSEN, Hjalmar Johan",DEN,Men,football,M,Silver
Stockholm,1912,Football,Football,"HANSEN, Harald",DEN,Men,football,M,Silver
Stockholm,1912,Football,Football,"HANSEN, Sophus",DEN,Men,football,M,Silver
Stockholm,1912,Football,Football,"MIDDELBOE, Niels",DEN,Men,football,M,Silver
Stockholm,1912,Football,Football,"NIELSEN, Sofus Erhard",DEN,Men,football,M,Silver
Stockholm,1912,Football,Football,"OLSEN, Anton",DEN,Men,football,M,Silver
Stockholm,1912,Football,Football,"PETERSEN, Axel Karl",DEN,Men,football,M,Silver
Stockholm,1912,Football,Football,"SEIDELIN-NIELSEN, Ivar Likke",DEN,Men,football,M,Silver
Stockholm,1912,Football,Football,"WOLFHAGEN, Vilhelm",DEN,Men,football,M,Silver
Stockholm,1912,Gymnastics,Artistic G.,"TUNESI, Adolfo",ITA,Men,individual all-round,M,Bronze
Stockholm,1912,Gymnastics,Artistic G.,"BRAGLIA, G. Alberto",ITA,Men,individual all-round,M,Gold
Stockholm,1912,Gymnastics,Artistic G.,"SEGURA, B. Louis",FRA,Men,individual all-round,M,Silver
Stockholm,1912,Gymnastics,Artistic G.,"BETTS, Albert Edward",GBR,Men,team competition,M,Bronze
Stockholm,1912,Gymnastics,Artistic G.,"COWHIG, William",GBR,Men,team competition,M,Bronze
Stockholm,1912,Gymnastics,Artistic G.,"CROSS, Sidney",GBR,Men,team competition,M,Bronze
Stockholm,1912,Gymnastics,Artistic G.,"DICKASON, Harry",GBR,Men,team competition,M,Bronze
Stockholm,1912,Gymnastics,Artistic G.,"DRURY, Herbert James",GBR,Men,team competition,M,Bronze
Stockholm,1912,Gymnastics,Artistic G.,"FRANKLIN, Bernard Wallis",GBR,Men,team competition,M,Bronze
Stockholm,1912,Gymnastics,Artistic G.,"HANSON, Leonard",GBR,Men,team competition,M,Bronze
Stockholm,1912,Gymnastics,Artistic G.,"HODGETTS, Samuel",GBR,Men,team competition,M,Bronze
Stockholm,1912,Gymnastics,Artistic G.,"LUCK, Charles James",GBR,Men,team competition,M,Bronze
Stockholm,1912,Gymnastics,Artistic G.,"MAC KUNE, William",GBR,Men,team competition,M,Bronze
Stockholm,1912,Gymnastics,Artistic G.,"MCLEAN, Ronald Gordon",GBR,Men,team competition,M,Bronze
Stockholm,1912,Gymnastics,Artistic G.,"MESSENGER, Alfred William",GBR,Men,team competition,M,Bronze
Stockholm,1912,Gymnastics,Artistic G.,"OBERHOLZER, Henry Arthur",GBR,Men,team competition,M,Bronze
Stockholm,1912,Gymnastics,Artistic G.,"PEPPER, Edward Ernest",GBR,Men,team competition,M,Bronze
Stockholm,1912,Gymnastics,Artistic G.,"POTTS, Edward William",GBR,Men,team competition,M,Bronze
Stockholm,1912,Gymnastics,Artistic G.,"POTTS, Reginald Hubert",GBR,Men,team competition,M,Bronze
Stockholm,1912,Gymnastics,Artistic G.,"ROSS, George James",GBR,Men,team competition,M,Bronze
Stockholm,1912,Gymnastics,Artistic G.,"SIMMONS, Charles",GBR,Men,team competition,M,Bronze
Stockholm,1912,Gymnastics,Artistic G.,"SOUTHERN, Arthur George Heron",GBR,Men,team competition,M,Bronze
Stockholm,1912,Gymnastics,Artistic G.,"TITT, William",GBR,Men,team competition,M,Bronze
Stockholm,1912,Gymnastics,Artistic G.,"VIGURS, Charles Alfred",GBR,Men,team competition,M,Bronze
Stockholm,1912,Gymnastics,Artistic G.,"WALKER, Samuel John",GBR,Men,team competition,M,Bronze
Stockholm,1912,Gymnastics,Artistic G.,"WEST, Charles Joseph",GBR,Men,team competition,M,Bronze
Stockholm,1912,Gymnastics,Artistic G.,"WHITAKER, John T.",GBR,Men,team competition,M,Bronze
Stockholm,1912,Gymnastics,Artistic G.,"BIANCHI, Pietro",ITA,Men,team competition,M,Gold
Stockholm,1912,Gymnastics,Artistic G.,"BONI, Guido",ITA,Men,team competition,M,Gold
Stockholm,1912,Gymnastics,Artistic G.,"BRAGLIA, G. Alberto",ITA,Men,team competition,M,Gold
Stockholm,1912,Gymnastics,Artistic G.,"DOMENICHELLI, Guiseppe",ITA,Men,team competition,M,Gold
Stockholm,1912,Gymnastics,Artistic G.,"FREGOSI, Carlo",ITA,Men,team competition,M,Gold
Stockholm,1912,Gymnastics,Artistic G.,"GOLLINI, Alfredo",ITA,Men,team competition,M,Gold
Stockholm,1912,Gymnastics,Artistic G.,"LOI, Francesco",ITA,Men,team competition,M,Gold
Stockholm,1912,Gymnastics,Artistic G.,"MANGIANTE, Giovanni",ITA,Men,team competition,M,Gold
Stockholm,1912,Gymnastics,Artistic G.,"MANGIANTE, Lorenzo",ITA,Men,team competition,M,Gold
Stockholm,1912,Gymnastics,Artistic G.,"MAZZAROCHI, Serafino",ITA,Men,team competition,M,Gold
Stockholm,1912,Gymnastics,Artistic G.,"ROMANO, Guido",ITA,Men,team competition,M,Gold
Stockholm,1912,Gymnastics,Artistic G.,"SALVI, Paolo",ITA,Men,team competition,M,Gold
Stockholm,1912,Gymnastics,Artistic G.,"SAVORINI, Luciano",ITA,Men,team competition,M,Gold
Stockholm,1912,Gymnastics,Artistic G.,"TUNESI, Adolfo",ITA,Men,team competition,M,Gold
Stockholm,1912,Gymnastics,Artistic G.,"ZAMPORI, Giorgio",ITA,Men,team competition,M,Gold
Stockholm,1912,Gymnastics,Artistic G.,"ZORZI, Angelo",ITA,Men,team competition,M,Gold
Stockholm,1912,Gymnastics,Artistic G.,"ARADI, Lajos",HUN,Men,team competition,M,Silver
Stockholm,1912,Gymnastics,Artistic G.,"BERKES, Jozsef",HUN,Men,team competition,M,Silver
Stockholm,1912,Gymnastics,Artistic G.,"ERDÖDY, Imre",HUN,Men,team competition,M,Silver
Stockholm,1912,Gymnastics,Artistic G.,"FOTI, Samu",HUN,Men,team competition,M,Silver
Stockholm,1912,Gymnastics,Artistic G.,"GELLERT, Imre",HUN,Men,team competition,M,Silver
Stockholm,1912,Gymnastics,Artistic G.,"HALMOS, Gyözö",HUN,Men,team competition,M,Silver
Stockholm,1912,Gymnastics,Artistic G.,"HELLMICH, Otto",HUN,Men,team competition,M,Silver
Stockholm,1912,Gymnastics,Artistic G.,"HERCZEG, Istvan",HUN,Men,team competition,M,Silver
Stockholm,1912,Gymnastics,Artistic G.,"KERESZTESSY, Jozsef",HUN,Men,team competition,M,Silver
Stockholm,1912,Gymnastics,Artistic G.,"KORPONAI, Janos",HUN,Men,team competition,M,Silver
Stockholm,1912,Gymnastics,Artistic G.,"PASZTY, Elemer",HUN,Men,team competition,M,Silver
Stockholm,1912,Gymnastics,Artistic G.,"PEDERY, Arpad",HUN,Men,team competition,M,Silver
Stockholm,1912,Gymnastics,Artistic G.,"RETI, Jenö",HUN,Men,team competition,M,Silver
Stockholm,1912,Gymnastics,Artistic G.,"SZÜTS, Ferenc",HUN,Men,team competition,M,Silver
Stockholm,1912,Gymnastics,Artistic G.,"TERY, Ödön",HUN,Men,team competition,M,Silver
Stockholm,1912,Gymnastics,Artistic G.,"TULI, Géza",HUN,Men,team competition,M,Silver
Stockholm,1912,Gymnastics,Artistic G.,"ANDERSEN, Axel Sigurd",DEN,Men,"team, free system",M,Bronze
Stockholm,1912,Gymnastics,Artistic G.,"ANDERSEN, Hjalmart Nörregaard",DEN,Men,"team, free system",M,Bronze
Stockholm,1912,Gymnastics,Artistic G.,"BIRCH, Halvor",DEN,Men,"team, free system",M,Bronze
Stockholm,1912,Gymnastics,Artistic G.,"GRIMMELMANN, Hermann Johan",DEN,Men,"team, free system",M,Bronze
Stockholm,1912,Gymnastics,Artistic G.,"HANSEN, Aage Marius",DEN,Men,"team, free system",M,Bronze
Stockholm,1912,Gymnastics,Artistic G.,"HANSEN, Arvor",DEN,Men,"team, free system",M,Bronze
Stockholm,1912,Gymnastics,Artistic G.,"HANSEN, Christian Marius",DEN,Men,"team, free system",M,Bronze
Stockholm,1912,Gymnastics,Artistic G.,"JENSEN, Charles Christopher",DEN,Men,"team, free system",M,Bronze
Stockholm,1912,Gymnastics,Artistic G.,"JOHANSEN, Hjalmar Peter Martin",DEN,Men,"team, free system",M,Bronze
Stockholm,1912,Gymnastics,Artistic G.,"JÖRGENSEN, Poul Preben",DEN,Men,"team, free system",M,Bronze
Stockholm,1912,Gymnastics,Artistic G.,"JUUL-PETERSEN, Carl Julius",DEN,Men,"team, free system",M,Bronze
Stockholm,1912,Gymnastics,Artistic G.,"KREBS, Carl Immanuel",DEN,Men,"team, free system",M,Bronze
Stockholm,1912,Gymnastics,Artistic G.,"MADSEN, Svend Meulengracht",DEN,Men,"team, free system",M,Bronze
Stockholm,1912,Gymnastics,Artistic G.,"MÖLGAARD, Thomas Fredrik Hannibal",DEN,Men,"team, free system",M,Bronze
Stockholm,1912,Gymnastics,Artistic G.,"NIELSEN, Lukas Frederick Christian",DEN,Men,"team, free system",M,Bronze
Stockholm,1912,Gymnastics,Artistic G.,"NORDSTRÖM, Rikard Hannibal Wilhelm",DEN,Men,"team, free system",M,Bronze
Stockholm,1912,Gymnastics,Artistic G.,"OLSEN, Oluf",DEN,Men,"team, free system",M,Bronze
Stockholm,1912,Gymnastics,Artistic G.,"OLSEN, Steen Lerche",DEN,Men,"team, free system",M,Bronze
Stockholm,1912,Gymnastics,Artistic G.,"PETERSEN, Christian Edvin Oluf",DEN,Men,"team, free system",M,Bronze
Stockholm,1912,Gymnastics,Artistic G.,"PETERSEN, Niels Knudsen",DEN,Men,"team, free system",M,Bronze
Stockholm,1912,Gymnastics,Artistic G.,"SVENDSEN, Christian Valdemar",DEN,Men,"team, free system",M,Bronze
Stockholm,1912,Gymnastics,Artistic G.,"ABRAHAMSEN, Isak",NOR,Men,"team, free system",M,Gold
Stockholm,1912,Gymnastics,Artistic G.,"BEYER, Hans",NOR,Men,"team, free system",M,Gold
Stockholm,1912,Gymnastics,Artistic G.,"BJÖRNSSON, Hartmann",NOR,Men,"team, free system",M,Gold
Stockholm,1912,Gymnastics,Artistic G.,"DAHL, John",NOR,Men,"team, free system",M,Gold
Stockholm,1912,Gymnastics,Artistic G.,"ENGELSEN, Alfred",NOR,Men,"team, free system",M,Gold
Stockholm,1912,Gymnastics,Artistic G.,"JOHNSEN, Bjarne",NOR,Men,"team, free system",M,Gold
Stockholm,1912,Gymnastics,Artistic G.,"JÖRGENSEN, Sigurd",NOR,Men,"team, free system",M,Gold
Stockholm,1912,Gymnastics,Artistic G.,"KNUDSEN, Knud Leonard",NOR,Men,"team, free system",M,Gold
Stockholm,1912,Gymnastics,Artistic G.,"LIE, Alf",NOR,Men,"team, free system",M,Gold
Stockholm,1912,Gymnastics,Artistic G.,"LIE, Rolf",NOR,Men,"team, free system",M,Gold
Stockholm,1912,Gymnastics,Artistic G.,"LUND, Tor",NOR,Men,"team, free system",M,Gold
Stockholm,1912,Gymnastics,Artistic G.,"MARTINSEN, Petter",NOR,Men,"team, free system",M,Gold
Stockholm,1912,Gymnastics,Artistic G.,"MATHIESEN, Per Anton",NOR,Men,"team, free system",M,Gold
Stockholm,1912,Gymnastics,Artistic G.,"OPDAHL, Jacob",NOR,Men,"team, free system",M,Gold
Stockholm,1912,Gymnastics,Artistic G.,"OPDAHL, Nils",NOR,Men,"team, free system",M,Gold
Stockholm,1912,Gymnastics,Artistic G.,"PETTERSEN, Bjarne Viktor",NOR,Men,"team, free system",M,Gold
Stockholm,1912,Gymnastics,Artistic G.,"SAELEN, Frithjof",NOR,Men,"team, free system",M,Gold
Stockholm,1912,Gymnastics,Artistic G.,"SCHIRMER, Öistein",NOR,Men,"team, free system",M,Gold
Stockholm,1912,Gymnastics,Artistic G.,"SELENIUS, Georg",NOR,Men,"team, free system",M,Gold
Stockholm,1912,Gymnastics,Artistic G.,"SIVERTSEN, Sigvard",NOR,Men,"team, free system",M,Gold
Stockholm,1912,Gymnastics,Artistic G.,"SJURSEN, Robert",NOR,Men,"team, free system",M,Gold
Stockholm,1912,Gymnastics,Artistic G.,"STRÖM, Einar",NOR,Men,"team, free system",M,Gold
Stockholm,1912,Gymnastics,Artistic G.,"THORSTENSEN, Gabriel",NOR,Men,"team, free system",M,Gold
Stockholm,1912,Gymnastics,Artistic G.,"THORSTENSEN, Thomas",NOR,Men,"team, free system",M,Gold
Stockholm,1912,Gymnastics,Artistic G.,"VOSS, Nils",NOR,Men,"team, free system",M,Gold
Stockholm,1912,Gymnastics,Artistic G.,"EKHOLM, Kaarlo Väinö",FIN,Men,"team, free system",M,Silver
Stockholm,1912,Gymnastics,Artistic G.,"FORSSTRÖM, Eino Vilho",FIN,Men,"team, free system",M,Silver
Stockholm,1912,Gymnastics,Artistic G.,"HYVÄRINEN, Eero",FIN,Men,"team, free system",M,Silver
Stockholm,1912,Gymnastics,Artistic G.,"HYVÄRINEN, Mikko",FIN,Men,"team, free system",M,Silver
Stockholm,1912,Gymnastics,Artistic G.,"ILMONIEMI, Tauno",FIN,Men,"team, free system",M,Silver
Stockholm,1912,Gymnastics,Artistic G.,"KEINÄNEN, Ilmari",FIN,Men,"team, free system",M,Silver
Stockholm,1912,Gymnastics,Artistic G.,"KIVENHEIMO, Hjalmari",FIN,Men,"team, free system",M,Silver
Stockholm,1912,Gymnastics,Artistic G.,"LUND, Karl Fredrik",FIN,Men,"team, free system",M,Silver
Stockholm,1912,Gymnastics,Artistic G.,"PELKONEN, Aarne",FIN,Men,"team, free system",M,Silver
Stockholm,1912,Gymnastics,Artistic G.,"PERNAJA, Ilmari",FIN,Men,"team, free system",M,Silver
Stockholm,1912,Gymnastics,Artistic G.,"RYDMAN, Arvid",FIN,Men,"team, free system",M,Silver
Stockholm,1912,Gymnastics,Artistic G.,"SAASTAMOINEN, Eino",FIN,Men,"team, free system",M,Silver
Stockholm,1912,Gymnastics,Artistic G.,"SALOVAARA, Aarne",FIN,Men,"team, free system",M,Silver
Stockholm,1912,Gymnastics,Artistic G.,"SAMMALLAHTI, Heikki",FIN,Men,"team, free system",M,Silver
Stockholm,1912,Gymnastics,Artistic G.,"SIROLA, Hannes",FIN,Men,"team, free system",M,Silver
Stockholm,1912,Gymnastics,Artistic G.,"SUOMELA, Klaus Unno",FIN,Men,"team, free system",M,Silver
Stockholm,1912,Gymnastics,Artistic G.,"TANNER, Lauri Arvo",FIN,Men,"team, free system",M,Silver
Stockholm,1912,Gymnastics,Artistic G.,"TIIRI, Väinö Edvard",FIN,Men,"team, free system",M,Silver
Stockholm,1912,Gymnastics,Artistic G.,"VÄHÄMÄKI, Kaarlo",FIN,Men,"team, free system",M,Silver
Stockholm,1912,Gymnastics,Artistic G.,"VARTIA, Arvo",FIN,Men,"team, free system",M,Silver
Stockholm,1912,Gymnastics,Artistic G.,"VASAMA, Kaarlo Jalmari",FIN,Men,"team, free system",M,Silver
Stockholm,1912,Gymnastics,Artistic G.,"AMUNDSEN, Arthur M.",NOR,Men,"team, Swedish system",M,Bronze
Stockholm,1912,Gymnastics,Artistic G.,"ANDERSEN, Jörgen Marius",NOR,Men,"team, Swedish system",M,Bronze
Stockholm,1912,Gymnastics,Artistic G.,"BOYESEN, Trygve Carlsen",NOR,Men,"team, Swedish system",M,Bronze
Stockholm,1912,Gymnastics,Artistic G.,"BRUSTAD, Georg",NOR,Men,"team, Swedish system",M,Bronze
Stockholm,1912,Gymnastics,Artistic G.,"CHRISTENSEN, Conrad",NOR,Men,"team, Swedish system",M,Bronze
Stockholm,1912,Gymnastics,Artistic G.,"ENGEBRETSEN, Eugene",NOR,Men,"team, Swedish system",M,Bronze
Stockholm,1912,Gymnastics,Artistic G.,"ENGELSTAD, Oscar",NOR,Men,"team, Swedish system",M,Bronze
Stockholm,1912,Gymnastics,Artistic G.,"ERIKSEN, Marius",NOR,Men,"team, Swedish system",M,Bronze
Stockholm,1912,Gymnastics,Artistic G.,"HANSEN, Axel Henry",NOR,Men,"team, Swedish system",M,Bronze
Stockholm,1912,Gymnastics,Artistic G.,"HOL, Peter",NOR,Men,"team, Swedish system",M,Bronze
Stockholm,1912,Gymnastics,Artistic G.,"INGEBRETSEN, Olaf",NOR,Men,"team, Swedish system",M,Bronze
Stockholm,1912,Gymnastics,Artistic G.,"JACOBSEN, Olof",NOR,Men,"team, Swedish system",M,Bronze
Stockholm,1912,Gymnastics,Artistic G.,"JENSEN, Erling",NOR,Men,"team, Swedish system",M,Bronze
Stockholm,1912,Gymnastics,Artistic G.,"JENSEN, Thor",NOR,Men,"team, Swedish system",M,Bronze
Stockholm,1912,Gymnastics,Artistic G.,"OLSEN, Fritjof",NOR,Men,"team, Swedish system",M,Bronze
Stockholm,1912,Gymnastics,Artistic G.,"OLSTAD, Oscar",NOR,Men,"team, Swedish system",M,Bronze
Stockholm,1912,Gymnastics,Artistic G.,"PAULSEN, Edvin",NOR,Men,"team, Swedish system",M,Bronze
Stockholm,1912,Gymnastics,Artistic G.,"PEDERSEN, Carl Alfred",NOR,Men,"team, Swedish system",M,Bronze
Stockholm,1912,Gymnastics,Artistic G.,"PEDERSEN, Paul",NOR,Men,"team, Swedish system",M,Bronze
Stockholm,1912,Gymnastics,Artistic G.,"ROBACK, Rolf",NOR,Men,"team, Swedish system",M,Bronze
Stockholm,1912,Gymnastics,Artistic G.,"SMEBYE, Sigurd",NOR,Men,"team, Swedish system",M,Bronze
Stockholm,1912,Gymnastics,Artistic G.,"THORKILDSEN, Thorleif",NOR,Men,"team, Swedish system",M,Bronze
Stockholm,1912,Gymnastics,Artistic G.,"BERTILSSON, Per Daniel",SWE,Men,"team, Swedish system",M,Gold
Stockholm,1912,Gymnastics,Artistic G.,"CARLBERG, Carl-Ehrenfried",SWE,Men,"team, Swedish system",M,Gold
Stockholm,1912,Gymnastics,Artistic G.,"GRANFELDT, Nils Daniel",SWE,Men,"team, Swedish system",M,Gold
Stockholm,1912,Gymnastics,Artistic G.,"HARTZELL, Curt",SWE,Men,"team, Swedish system",M,Gold
Stockholm,1912,Gymnastics,Artistic G.,"HOLMBERG, Osvald",SWE,Men,"team, Swedish system",M,Gold
Stockholm,1912,Gymnastics,Artistic G.,"HYLLANDER, Anders",SWE,Men,"team, Swedish system",M,Gold
Stockholm,1912,Gymnastics,Artistic G.,"JANSE, Axel Johan",SWE,Men,"team, Swedish system",M,Gold
Stockholm,1912,Gymnastics,Artistic G.,"KULLBERG, Anders Boo",SWE,Men,"team, Swedish system",M,Gold
Stockholm,1912,Gymnastics,Artistic G.,"LANDBERG, Sven",SWE,Men,"team, Swedish system",M,Gold
Stockholm,1912,Gymnastics,Artistic G.,"NILSSON, Per Einar",SWE,Men,"team, Swedish system",M,Gold
Stockholm,1912,Gymnastics,Artistic G.,"NORELIUS, Bengt Rudolf",SWE,Men,"team, Swedish system",M,Gold
Stockholm,1912,Gymnastics,Artistic G.,"NORLING, Axel",SWE,Men,"team, Swedish system",M,Gold
Stockholm,1912,Gymnastics,Artistic G.,"NORLING, Lars Daniel",SWE,Men,"team, Swedish system",M,Gold
Stockholm,1912,Gymnastics,Artistic G.,"ROSEN, Sven",SWE,Men,"team, Swedish system",M,Gold
Stockholm,1912,Gymnastics,Artistic G.,"SILFVERSKIÖLD, Nils",SWE,Men,"team, Swedish system",M,Gold
Stockholm,1912,Gymnastics,Artistic G.,"SILFVERSTRAND, Carl",SWE,Men,"team, Swedish system",M,Gold
Stockholm,1912,Gymnastics,Artistic G.,"SÖRENSON, John Emil",SWE,Men,"team, Swedish system",M,Gold
Stockholm,1912,Gymnastics,Artistic G.,"STIERNSPETZ, Yngve",SWE,Men,"team, Swedish system",M,Gold
Stockholm,1912,Gymnastics,Artistic G.,"SVENSSON, Carl-Erik",SWE,Men,"team, Swedish system",M,Gold
Stockholm,1912,Gymnastics,Artistic G.,"SVENSSON, Karl Johan",SWE,Men,"team, Swedish system",M,Gold
Stockholm,1912,Gymnastics,Artistic G.,"TORELL, Knut E.",SWE,Men,"team, Swedish system",M,Gold
Stockholm,1912,Gymnastics,Artistic G.,"WENNERHOLM, O. Edward",SWE,Men,"team, Swedish system",M,Gold
Stockholm,1912,Gymnastics,Artistic G.,"WERSÄLL, Claës A.",SWE,Men,"team, Swedish system",M,Gold
Stockholm,1912,Gymnastics,Artistic G.,"WIMAN, David",SWE,Men,"team, Swedish system",M,Gold
Stockholm,1912,Gymnastics,Artistic G.,"CHRISTENSEN, Sören Peter",DEN,Men,"team, Swedish system",M,Silver
Stockholm,1912,Gymnastics,Artistic G.,"ERIKSEN, Ingvald",DEN,Men,"team, Swedish system",M,Silver
Stockholm,1912,Gymnastics,Artistic G.,"FALCHE, George",DEN,Men,"team, Swedish system",M,Silver
Stockholm,1912,Gymnastics,Artistic G.,"GARP, Torkild",DEN,Men,"team, Swedish system",M,Silver
Stockholm,1912,Gymnastics,Artistic G.,"HANSEN, G. Rasmus E.",DEN,Men,"team, Swedish system",M,Silver
Stockholm,1912,Gymnastics,Artistic G.,"HANSEN, Hans Trier",DEN,Men,"team, Swedish system",M,Silver
Stockholm,1912,Gymnastics,Artistic G.,"HANSEN, Johannes",DEN,Men,"team, Swedish system",M,Silver
Stockholm,1912,Gymnastics,Artistic G.,"JENSEN, Jens Kristian",DEN,Men,"team, Swedish system",M,Silver
Stockholm,1912,Gymnastics,Artistic G.,"JENSEN, Sören Alfred",DEN,Men,"team, Swedish system",M,Silver
Stockholm,1912,Gymnastics,Artistic G.,"JENSEN, Valdemar",DEN,Men,"team, Swedish system",M,Silver
Stockholm,1912,Gymnastics,Artistic G.,"KIRK, Karl",DEN,Men,"team, Swedish system",M,Silver
Stockholm,1912,Gymnastics,Artistic G.,"KIRKEGAARD, Jens",DEN,Men,"team, Swedish system",M,Silver
Stockholm,1912,Gymnastics,Artistic G.,"KJEMS, Olaf Nielsen",DEN,Men,"team, Swedish system",M,Silver
Stockholm,1912,Gymnastics,Artistic G.,"LARSEN, Carl Otto Lauritz",DEN,Men,"team, Swedish system",M,Silver
Stockholm,1912,Gymnastics,Artistic G.,"LAURSEN, Jens Peter Martinus",DEN,Men,"team, Swedish system",M,Silver
Stockholm,1912,Gymnastics,Artistic G.,"LEFEVRE, Marius Ludvig",DEN,Men,"team, Swedish system",M,Silver
Stockholm,1912,Gymnastics,Artistic G.,"MARK, Poul Sörensen",DEN,Men,"team, Swedish system",M,Silver
Stockholm,1912,Gymnastics,Artistic G.,"OLSEN, Ejnar",DEN,Men,"team, Swedish system",M,Silver
Stockholm,1912,Gymnastics,Artistic G.,"PEDERSEN, Hans",DEN,Men,"team, Swedish system",M,Silver
Stockholm,1912,Gymnastics,Artistic G.,"PEDERSEN, Hans Ejler",DEN,Men,"team, Swedish system",M,Silver
Stockholm,1912,Gymnastics,Artistic G.,"PEDERSEN, Olaf",DEN,Men,"team, Swedish system",M,Silver
Stockholm,1912,Gymnastics,Artistic G.,"PEDERSEN, Peder Larsen",DEN,Men,"team, Swedish system",M,Silver
Stockholm,1912,Gymnastics,Artistic G.,"SÖRENSEN, Aksel",DEN,Men,"team, Swedish system",M,Silver
Stockholm,1912,Gymnastics,Artistic G.,"THAU, Martin Hansen",DEN,Men,"team, Swedish system",M,Silver
Stockholm,1912,Gymnastics,Artistic G.,"THORBORG, Sören Frederik",DEN,Men,"team, Swedish system",M,Silver
Stockholm,1912,Gymnastics,Artistic G.,"VADGAARD, Kristen Möller",DEN,Men,"team, Swedish system",M,Silver
Stockholm,1912,Gymnastics,Artistic G.,"VILLEMOES, Peder",DEN,Men,"team, Swedish system",M,Silver
Stockholm,1912,Gymnastics,Artistic G.,"VINTHER, Johannes Larsen",DEN,Men,"team, Swedish system",M,Silver
Stockholm,1912,Modern Pentathlon,Modern Pentath.,"DE LAVAL, Georg",SWE,Men,Individual competition,M,Bronze
Stockholm,1912,Modern Pentathlon,Modern Pentath.,"LILLIEHOOK, Gosta",SWE,Men,Individual competition,M,Gold
Stockholm,1912,Modern Pentathlon,Modern Pentath.,"ASBRINK, Gosta",SWE,Men,Individual competition,M,Silver
Stockholm,1912,Rowing,Rowing,"BJÖRNSTAD, Olaf",NOR,Men,coxed fours Jugriggers,M,Bronze
Stockholm,1912,Rowing,Rowing,"HERSETH, Magnus",NOR,Men,coxed fours Jugriggers,M,Bronze
Stockholm,1912,Rowing,Rowing,"HOLTER, Reidar Durie",NOR,Men,coxed fours Jugriggers,M,Bronze
Stockholm,1912,Rowing,Rowing,"HÖYER, Claus",NOR,Men,coxed fours Jugriggers,M,Bronze
Stockholm,1912,Rowing,Rowing,"OLSTAD, Frithiof",NOR,Men,coxed fours Jugriggers,M,Bronze
Stockholm,1912,Rowing,Rowing,"ALLERT, Ejlert Arild Emil",DEN,Men,coxed fours Jugriggers,M,Gold
Stockholm,1912,Rowing,Rowing,"HANSEN, Jörgen Christian",DEN,Men,coxed fours Jugriggers,M,Gold
Stockholm,1912,Rowing,Rowing,"HARTMAN, Poul Richard",DEN,Men,coxed fours Jugriggers,M,Gold
Stockholm,1912,Rowing,Rowing,"MÖLLER, Carl Martin August",DEN,Men,coxed fours Jugriggers,M,Gold
Stockholm,1912,Rowing,Rowing,"PETERSEN, Carl Frederik",DEN,Men,coxed fours Jugriggers,M,Gold
Stockholm,1912,Rowing,Rowing,"BRUHN-MÖLLER, William",SWE,Men,coxed fours Jugriggers,M,Silver
Stockholm,1912,Rowing,Rowing,"BRUNKMAN, Conrad",SWE,Men,coxed fours Jugriggers,M,Silver
Stockholm,1912,Rowing,Rowing,"DAHLBÄCK, Herman",SWE,Men,coxed fours Jugriggers,M,Silver
Stockholm,1912,Rowing,Rowing,"ROSVALL, Ture",SWE,Men,coxed fours Jugriggers,M,Silver
Stockholm,1912,Rowing,Rowing,"WILKENS, Wilhelm",SWE,Men,coxed fours Jugriggers,M,Silver
Stockholm,1912,Rowing,Rowing,"BARTHOLOMAE, Fritz",GER,Men,eight with coxswain (8+),M,Bronze
Stockholm,1912,Rowing,Rowing,"BARTHOLOMAE, Willi",GER,Men,eight with coxswain (8+),M,Bronze
Stockholm,1912,Rowing,Rowing,"BROESKE, Max",GER,Men,eight with coxswain (8+),M,Bronze
Stockholm,1912,Rowing,Rowing,"DEHN, Werner",GER,Men,eight with coxswain (8+),M,Bronze
Stockholm,1912,Rowing,Rowing,"LIEBING, Otto",GER,Men,eight with coxswain (8+),M,Bronze
Stockholm,1912,Rowing,Rowing,"MATHIAE, Hans",GER,Men,eight with coxswain (8+),M,Bronze
Stockholm,1912,Rowing,Rowing,"REICHELT, Rudolf",GER,Men,eight with coxswain (8+),M,Bronze
Stockholm,1912,Rowing,Rowing,"RUNGE, Kurt",GER,Men,eight with coxswain (8+),M,Bronze
