Seoul,1988,Handball,Handball,"DIGRE, Berit",NOR,Women,handball,W,Silver
Seoul,1988,Handball,Handball,"ELIASSON, Marthe",NOR,Women,handball,W,Silver
Seoul,1988,Handball,Handball,"GOKSOR, Susann",NOR,Women,handball,W,Silver
Seoul,1988,Handball,Handball,"HALTVIK, Trine",NOR,Women,handball,W,Silver
Seoul,1988,Handball,Handball,"HEGH, Hanne",NOR,Women,handball,W,Silver
Seoul,1988,Handball,Handball,"HOGNESS, Hanne",NOR,Women,handball,W,Silver
Seoul,1988,Handball,Handball,"JOHNSEN, Vibeke",NOR,Women,handball,W,Silver
Seoul,1988,Handball,Handball,"MIDTHUN, Kristin",NOR,Women,handball,W,Silver
Seoul,1988,Handball,Handball,"PETTERSEN, Karin",NOR,Women,handball,W,Silver
Seoul,1988,Handball,Handball,"SINGSTAD, Karin",NOR,Women,handball,W,Silver
Seoul,1988,Handball,Handball,"SKOTVOLL, Annette",NOR,Women,handball,W,Silver
Seoul,1988,Handball,Handball,"STEEN, Ingrid",NOR,Women,handball,W,Silver
Seoul,1988,Handball,Handball,"SUNDAL, Heidi",NOR,Women,handball,W,Silver
Seoul,1988,Handball,Handball,"SVENDSEN, Cathrine",NOR,Women,handball,W,Silver
Seoul,1988,Hockey,Hockey,"BENNINGA, Marc Alexander",NED,Men,hockey,M,Bronze
Seoul,1988,Hockey,Hockey,"BOVELANDER, Floris Jan",NED,Men,hockey,M,Bronze
Seoul,1988,Hockey,Hockey,"BRINKMAN, Jacques",NED,Men,hockey,M,Bronze
Seoul,1988,Hockey,Hockey,"CRUCQ, Maurits",NED,Men,hockey,M,Bronze
Seoul,1988,Hockey,Hockey,"DELISSEN, Marc",NED,Men,hockey,M,Bronze
Seoul,1988,Hockey,Hockey,"DIEPEVEEN, Cees Jaan",NED,Men,hockey,M,Bronze
Seoul,1988,Hockey,Hockey,"FABER, Patrick Franciscus Maria",NED,Men,hockey,M,Bronze
Seoul,1988,Hockey,Hockey,"JANSEN, Franciscus Ronaldus Maria",NED,Men,hockey,M,Bronze
Seoul,1988,Hockey,Hockey,"KLAASSEN, Rene Nico Hubertus",NED,Men,hockey,M,Bronze
Seoul,1988,Hockey,Hockey,"KOOIJMAN, Hendrik Jan",NED,Men,hockey,M,Bronze
Seoul,1988,Hockey,Hockey,"KRUIZE, Jan Hidde",NED,Men,hockey,M,Bronze
Seoul,1988,Hockey,Hockey,"LEISTRA, Frank",NED,Men,hockey,M,Bronze
Seoul,1988,Hockey,Hockey,"PARLEVLIET, Erik Robbert",NED,Men,hockey,M,Bronze
Seoul,1988,Hockey,Hockey,"SCHLATMANN, Gert Jan",NED,Men,hockey,M,Bronze
Seoul,1988,Hockey,Hockey,"STEENS, Timotheus Bernardus",NED,Men,hockey,M,Bronze
Seoul,1988,Hockey,Hockey,"VAN DEN HONERT, Taco",NED,Men,hockey,M,Bronze
Seoul,1988,Hockey,Hockey,"BARBER, Paul Jason",GBR,Men,hockey,M,Gold
Seoul,1988,Hockey,Hockey,"BATCHELOR, Steven James",GBR,Men,hockey,M,Gold
Seoul,1988,Hockey,Hockey,"BHAURA, Kulbir Singh",GBR,Men,hockey,M,Gold
Seoul,1988,Hockey,Hockey,"CLIFT, Robert",GBR,Men,hockey,M,Gold
Seoul,1988,Hockey,Hockey,"DODDS, Richard David Allan",GBR,Men,hockey,M,Gold
Seoul,1988,Hockey,Hockey,"FAULKNER, David Andrew Vince.",GBR,Men,hockey,M,Gold
Seoul,1988,Hockey,Hockey,"GARCIA, Russell Simon",GBR,Men,hockey,M,Gold
Seoul,1988,Hockey,Hockey,"GRIMLEY, Martyn Andrew",GBR,Men,hockey,M,Gold
Seoul,1988,Hockey,Hockey,"KERLY, Sean Robin",GBR,Men,hockey,M,Gold
Seoul,1988,Hockey,Hockey,"KIRKWOOD, James William",GBR,Men,hockey,M,Gold
Seoul,1988,Hockey,Hockey,"LEMAN, Richard Alexander",GBR,Men,hockey,M,Gold
Seoul,1988,Hockey,Hockey,"MARTIN, Stephen Alexander.",GBR,Men,hockey,M,Gold
Seoul,1988,Hockey,Hockey,"PAPPIN, Veryan Guy Henry",GBR,Men,hockey,M,Gold
Seoul,1988,Hockey,Hockey,"POTTER, Jonathan Nicholas M.",GBR,Men,hockey,M,Gold
Seoul,1988,Hockey,Hockey,"SHERWANI, Imran Ahmed Khan",GBR,Men,hockey,M,Gold
Seoul,1988,Hockey,Hockey,"TAYLOR, Ian Charles Boucher",GBR,Men,hockey,M,Gold
Seoul,1988,Hockey,Hockey,"BLÖCHER, Stefan",FRG,Men,hockey,M,Silver
Seoul,1988,Hockey,Hockey,"BRINKMANN, Dirk",FRG,Men,hockey,M,Silver
Seoul,1988,Hockey,Hockey,"BRINKMANN, Thomas",FRG,Men,hockey,M,Silver
Seoul,1988,Hockey,Hockey,"DOPP, Heiner",FRG,Men,hockey,M,Silver
Seoul,1988,Hockey,Hockey,"FASTRICH, Hans-Henning",FRG,Men,hockey,M,Silver
Seoul,1988,Hockey,Hockey,"FISCHER, Carsten",FRG,Men,hockey,M,Silver
Seoul,1988,Hockey,Hockey,"FRANK, Tobias",FRG,Men,hockey,M,Silver
Seoul,1988,Hockey,Hockey,"FRIED, Volker",FRG,Men,hockey,M,Silver
Seoul,1988,Hockey,Hockey,"HANEL, Horst-Ulrich",FRG,Men,hockey,M,Silver
Seoul,1988,Hockey,Hockey,"HILGERS, Michael",FRG,Men,hockey,M,Silver
Seoul,1988,Hockey,Hockey,"KELLER, Andreas",FRG,Men,hockey,M,Silver
Seoul,1988,Hockey,Hockey,"METZ, Michael",FRG,Men,hockey,M,Silver
Seoul,1988,Hockey,Hockey,"MOLLANDIN, Andreas",FRG,Men,hockey,M,Silver
Seoul,1988,Hockey,Hockey,"RECK, Thomas Werner",FRG,Men,hockey,M,Silver
Seoul,1988,Hockey,Hockey,"SCHLIEMANN, Christian",FRG,Men,hockey,M,Silver
Seoul,1988,Hockey,Hockey,"SCHMIDT-OPPER, Ekkhard",FRG,Men,hockey,M,Silver
Seoul,1988,Hockey,Hockey,"AARDENBURG, Willemien",NED,Women,hockey,W,Bronze
Seoul,1988,Hockey,Hockey,"BENNINGA, Carina",NED,Women,hockey,W,Bronze
Seoul,1988,Hockey,Hockey,"BOLHUIS-EIJSVOGEL, Maria Yolanda C.",NED,Women,hockey,W,Bronze
Seoul,1988,Hockey,Hockey,"BUTER, Yvonne",NED,Women,hockey,W,Bronze
Seoul,1988,Hockey,Hockey,"DE BEUS, Bernadette",NED,Women,hockey,W,Bronze
Seoul,1988,Hockey,Hockey,"FOKKE, Annemieke",NED,Women,hockey,W,Bronze
Seoul,1988,Hockey,Hockey,"HOLSBOER, Eleonoor Wendeline",NED,Women,hockey,W,Bronze
Seoul,1988,Hockey,Hockey,"LEJEUNE VAN DER BEN, Helena Johanna",NED,Women,hockey,W,Bronze
Seoul,1988,Hockey,Hockey,"LEJEUNE, Elisabeth Anne Marie",NED,Women,hockey,W,Bronze
Seoul,1988,Hockey,Hockey,"NIEUWEWNHUIZEN, Anne Lucia (Anneloes)",NED,Women,hockey,W,Bronze
Seoul,1988,Hockey,Hockey,"OHR, Martine",NED,Women,hockey,W,Bronze
Seoul,1988,Hockey,Hockey,"VAN DOORN, Marieke Birgitta",NED,Women,hockey,W,Bronze
Seoul,1988,Hockey,Hockey,"VAN MANEN, Aletta",NED,Women,hockey,W,Bronze
Seoul,1988,Hockey,Hockey,"VON WEILER, Sophie Pauline",NED,Women,hockey,W,Bronze
Seoul,1988,Hockey,Hockey,"WILLEMSE, Laurien",NED,Women,hockey,W,Bronze
Seoul,1988,Hockey,Hockey,"WOLFF, Ingrid Imelda",NED,Women,hockey,W,Bronze
Seoul,1988,Hockey,Hockey,"BELBIN, Tracey Lee",AUS,Women,hockey,W,Gold
Seoul,1988,Hockey,Hockey,"BOWMAN, Deborah",AUS,Women,hockey,W,Gold
Seoul,1988,Hockey,Hockey,"CAPES, Lee",AUS,Women,hockey,W,Gold
Seoul,1988,Hockey,Hockey,"CAPES-HAGER, Michelle Edith",AUS,Women,hockey,W,Gold
Seoul,1988,Hockey,Hockey,"CARBON, Sally May",AUS,Women,hockey,W,Gold
Seoul,1988,Hockey,Hockey,"CLEMENT-DENNING, Elspeth",AUS,Women,hockey,W,Gold
Seoul,1988,Hockey,Hockey,"DORMAN, Loretta",AUS,Women,hockey,W,Gold
Seoul,1988,Hockey,Hockey,"FISH, Maree",AUS,Women,hockey,W,Gold
Seoul,1988,Hockey,Hockey,"HAWKES, Rechelle",AUS,Women,hockey,W,Gold
Seoul,1988,Hockey,Hockey,"HILLAS, Lorraine",AUS,Women,hockey,W,Gold
Seoul,1988,Hockey,Hockey,"PARTRIDGE, Kathleen Anne",AUS,Women,hockey,W,Gold
Seoul,1988,Hockey,Hockey,"PATMORE, Sharon",AUS,Women,hockey,W,Gold
Seoul,1988,Hockey,Hockey,"PEREIRA, Jacqueline Margaret",AUS,Women,hockey,W,Gold
Seoul,1988,Hockey,Hockey,"PISANI, Alexandra",AUS,Women,hockey,W,Gold
Seoul,1988,Hockey,Hockey,"SMALL, Kim",AUS,Women,hockey,W,Gold
Seoul,1988,Hockey,Hockey,"TOOTH, Liane Marianne",AUS,Women,hockey,W,Gold
Seoul,1988,Hockey,Hockey,"CHANG, Eun-Jung",KOR,Women,hockey,W,Silver
Seoul,1988,Hockey,Hockey,"CHO, Ki-Hyang",KOR,Women,hockey,W,Silver
Seoul,1988,Hockey,Hockey,"CHOI, Choon-Ok",KOR,Women,hockey,W,Silver
Seoul,1988,Hockey,Hockey,"CHUNG, Eun-Kyung",KOR,Women,hockey,W,Silver
Seoul,1988,Hockey,Hockey,"CHUNG, Sang-Hyun",KOR,Women,hockey,W,Silver
Seoul,1988,Hockey,Hockey,"HAN, Gum Shil",KOR,Women,hockey,W,Silver
Seoul,1988,Hockey,Hockey,"HAN, Ok-Kyung",KOR,Women,hockey,W,Silver
Seoul,1988,Hockey,Hockey,"HWANG, Keum-Sook",KOR,Women,hockey,W,Silver
Seoul,1988,Hockey,Hockey,"JIN, Won-Sim",KOR,Women,hockey,W,Silver
Seoul,1988,Hockey,Hockey,"KIM, Mi-Sun",KOR,Women,hockey,W,Silver
Seoul,1988,Hockey,Hockey,"KIM, Soon-Duk",KOR,Women,hockey,W,Silver
Seoul,1988,Hockey,Hockey,"KIM, Young-Sook",KOR,Women,hockey,W,Silver
Seoul,1988,Hockey,Hockey,"LIM, Kye-Sook",KOR,Women,hockey,W,Silver
Seoul,1988,Hockey,Hockey,"PARK, Soon-Ja",KOR,Women,hockey,W,Silver
Seoul,1988,Hockey,Hockey,"SEO, Hyo-Sun",KOR,Women,hockey,W,Silver
Seoul,1988,Hockey,Hockey,"SEO, Kwang-Mi",KOR,Women,hockey,W,Silver
Seoul,1988,Judo,Judo,"HOSOKAWA, Shinji",JPN,Men,- 60 kg,M,Bronze
Seoul,1988,Judo,Judo,"TOTIKASHVILI, Amiran",URS,Men,- 60 kg,M,Bronze
Seoul,1988,Judo,Judo,"KIM, Jae-Yup",KOR,Men,- 60 kg,M,Gold
Seoul,1988,Judo,Judo,"ASANO, Kevin Yoshimi",USA,Men,- 60 kg,M,Silver
Seoul,1988,Judo,Judo,"CHO, Yong-Chul",KOR,Men,+ 95kg (heavyweight),M,Bronze
Seoul,1988,Judo,Judo,"VERICHEV, Grigori",URS,Men,+ 95kg (heavyweight),M,Bronze
Seoul,1988,Judo,Judo,"SAITO, Hitoshi",JPN,Men,+ 95kg (heavyweight),M,Gold
Seoul,1988,Judo,Judo,"STÖHR, Henry",GDR,Men,+ 95kg (heavyweight),M,Silver
Seoul,1988,Judo,Judo,"CARABETTA, Bruno",FRA,Men,60 - 65kg (half-lightweight),M,Bronze
Seoul,1988,Judo,Judo,"YAMAMOTO, Yosuke",JPN,Men,60 - 65kg (half-lightweight),M,Bronze
Seoul,1988,Judo,Judo,"LEE, Kyung-Keun",KOR,Men,60 - 65kg (half-lightweight),M,Gold
Seoul,1988,Judo,Judo,"PAWLOWSKI, Janusz",POL,Men,60 - 65kg (half-lightweight),M,Silver
Seoul,1988,Judo,Judo,"SWAIN, Michael Lee",USA,Men,65 - 71kg (lightweight),M,Bronze
Seoul,1988,Judo,Judo,"TENADZE, Georgi",URS,Men,65 - 71kg (lightweight),M,Bronze
Seoul,1988,Judo,Judo,"ALEXANDRE, Marc",FRA,Men,65 - 71kg (lightweight),M,Gold
Seoul,1988,Judo,Judo,"LOLL, Sven",GDR,Men,65 - 71kg (lightweight),M,Silver
Seoul,1988,Judo,Judo,"BRECHOT, Torsten",GDR,Men,71 - 78kg (half-middleweight),M,Bronze
Seoul,1988,Judo,Judo,"VARAEV, Bashir",URS,Men,71 - 78kg (half-middleweight),M,Bronze
Seoul,1988,Judo,Judo,"LEGIEN, Waldemar",POL,Men,71 - 78kg (half-middleweight),M,Gold
Seoul,1988,Judo,Judo,"WIENEKE, Frank",FRG,Men,71 - 78kg (half-middleweight),M,Silver
Seoul,1988,Judo,Judo,"OSAKO, Akinobu",JPN,Men,78 - 86kg (middleweight),M,Bronze
Seoul,1988,Judo,Judo,"SPIJKERS, Bernhard",NED,Men,78 - 86kg (middleweight),M,Bronze
Seoul,1988,Judo,Judo,"SEISENBACHER, Peter",AUT,Men,78 - 86kg (middleweight),M,Gold
Seoul,1988,Judo,Judo,"SHESTAKOV, Vladimir",URS,Men,78 - 86kg (middleweight),M,Silver
Seoul,1988,Judo,Judo,"STEWART, Dennis",GBR,Men,86 - 95kg (half-heavyweight),M,Bronze
Seoul,1988,Judo,Judo,"VAN DE WALLE, Robert",BEL,Men,86 - 95kg (half-heavyweight),M,Bronze
Seoul,1988,Judo,Judo,"MIGUEL FERNANDEZ, Aurelio",BRA,Men,86 - 95kg (half-heavyweight),M,Gold
Seoul,1988,Judo,Judo,"MEILING, Marc",FRG,Men,86 - 95kg (half-heavyweight),M,Silver
Seoul,1988,Modern Pentathlon,Modern Pentath.,"YAGORASHVILI, Vakhtang",URS,Men,Individual competition,M,Bronze
Seoul,1988,Modern Pentathlon,Modern Pentath.,"MARTINEK, Janos",HUN,Men,Individual competition,M,Gold
Seoul,1988,Modern Pentathlon,Modern Pentath.,"MASSULLO, Carlo",ITA,Men,Individual competition,M,Silver
Seoul,1988,Modern Pentathlon,Modern Pentath.,"BROOKHOUSE, Graham Raymond",GBR,Men,Team competition,M,Bronze
Seoul,1988,Modern Pentathlon,Modern Pentath.,"MAHONY, Dominic J.M.",GBR,Men,Team competition,M,Bronze
Seoul,1988,Modern Pentathlon,Modern Pentath.,"PHELPS, Richard Lawson",GBR,Men,Team competition,M,Bronze
Seoul,1988,Modern Pentathlon,Modern Pentath.,"FABIAN, Laszlo",HUN,Men,Team competition,M,Gold
Seoul,1988,Modern Pentathlon,Modern Pentath.,"MARTINEK, Janos",HUN,Men,Team competition,M,Gold
Seoul,1988,Modern Pentathlon,Modern Pentath.,"MIZSER, Attila",HUN,Men,Team competition,M,Gold
Seoul,1988,Modern Pentathlon,Modern Pentath.,"MASALA, Daniele",ITA,Men,Team competition,M,Silver
Seoul,1988,Modern Pentathlon,Modern Pentath.,"MASSULLO, Carlo",ITA,Men,Team competition,M,Silver
Seoul,1988,Modern Pentathlon,Modern Pentath.,"TIBERTI, Gianluca",ITA,Men,Team competition,M,Silver
Seoul,1988,Rowing,Rowing,"MUJKIC, Sadik",YUG,Men,coxless pair (2-),M,Bronze
Seoul,1988,Rowing,Rowing,"PRESEREN, Bojan",YUG,Men,coxless pair (2-),M,Bronze
Seoul,1988,Rowing,Rowing,"HOLMES, Andrew John",GBR,Men,coxless pair (2-),M,Gold
Seoul,1988,Rowing,Rowing,"REDGRAVE, Steven",GBR,Men,coxless pair (2-),M,Gold
Seoul,1988,Rowing,Rowing,"DOBRE, Danut",ROU,Men,coxless pair (2-),M,Silver
Seoul,1988,Rowing,Rowing,"NEAGU, Dragos",ROU,Men,coxless pair (2-),M,Silver
Seoul,1988,Rowing,Rowing,"MARCHENKO, Aleksandr",URS,Men,double sculls (2x),M,Bronze
Seoul,1988,Rowing,Rowing,"YAKUSHA, Vasili",URS,Men,double sculls (2x),M,Bronze
Seoul,1988,Rowing,Rowing,"FLORIJN, Ronald",NED,Men,double sculls (2x),M,Gold
Seoul,1988,Rowing,Rowing,"RIENKS, Nico",NED,Men,double sculls (2x),M,Gold
Seoul,1988,Rowing,Rowing,"BODENMANN, Ueli",SUI,Men,double sculls (2x),M,Silver
Seoul,1988,Rowing,Rowing,"SCHWERZMANN, Beat",SUI,Men,double sculls (2x),M,Silver
Seoul,1988,Rowing,Rowing,"MADINA, Stefka",BUL,Women,double sculls (2x),W,Bronze
Seoul,1988,Rowing,Rowing,"NINOVA, Violeta",BUL,Women,double sculls (2x),W,Bronze
Seoul,1988,Rowing,Rowing,"PETER, Birgit",GDR,Women,double sculls (2x),W,Gold
Seoul,1988,Rowing,Rowing,"SCHRÖTER, Martina",GDR,Women,double sculls (2x),W,Gold
Seoul,1988,Rowing,Rowing,"COCHELEA, Veronica",ROU,Women,double sculls (2x),W,Silver
Seoul,1988,Rowing,Rowing,"LIPA, Elisabeta",ROU,Women,double sculls (2x),W,Silver
Seoul,1988,Rowing,Rowing,"BAUER, Seth David",USA,Men,eight with coxswain (8+),M,Bronze
Seoul,1988,Rowing,Rowing,"BURDEN, William Douglas",USA,Men,eight with coxswain (8+),M,Bronze
Seoul,1988,Rowing,Rowing,"MCLAUGHLIN, Jeffrey Dean",USA,Men,eight with coxswain (8+),M,Bronze
Seoul,1988,Rowing,Rowing,"NORDELL, Peter W.",USA,Men,eight with coxswain (8+),M,Bronze
Seoul,1988,Rowing,Rowing,"PATTON, Edward Bickford",USA,Men,eight with coxswain (8+),M,Bronze
Seoul,1988,Rowing,Rowing,"PESCATORE, John A.",USA,Men,eight with coxswain (8+),M,Bronze
Seoul,1988,Rowing,Rowing,"RUSHER, John Dunbar, Iv",USA,Men,eight with coxswain (8+),M,Bronze
Seoul,1988,Rowing,Rowing,"SMITH, Jonathan S.",USA,Men,eight with coxswain (8+),M,Bronze
Seoul,1988,Rowing,Rowing,"TETI, Michael Francis",USA,Men,eight with coxswain (8+),M,Bronze
Seoul,1988,Rowing,Rowing,"DOMAIN, Thomas",FRG,Men,eight with coxswain (8+),M,Gold
Seoul,1988,Rowing,Rowing,"EICHHOLZ, Armin",FRG,Men,eight with coxswain (8+),M,Gold
Seoul,1988,Rowing,Rowing,"KLEIN, Manfred Willi",FRG,Men,eight with coxswain (8+),M,Gold
Seoul,1988,Rowing,Rowing,"MÄNNIG, Wolfgang",FRG,Men,eight with coxswain (8+),M,Gold
Seoul,1988,Rowing,Rowing,"MELLINGHAUS, Matthias",FRG,Men,eight with coxswain (8+),M,Gold
Seoul,1988,Rowing,Rowing,"MÖLLENKAMP, Thomas",FRG,Men,eight with coxswain (8+),M,Gold
Seoul,1988,Rowing,Rowing,"RABE, Bahne",FRG,Men,eight with coxswain (8+),M,Gold
Seoul,1988,Rowing,Rowing,"SCHULTZ, Eckhardt",FRG,Men,eight with coxswain (8+),M,Gold
Seoul,1988,Rowing,Rowing,"WESSLING, Ansgar",FRG,Men,eight with coxswain (8+),M,Gold
Seoul,1988,Rowing,Rowing,"BUT, Veniamin",URS,Men,eight with coxswain (8+),M,Silver
Seoul,1988,Rowing,Rowing,"DIDUK, Viktor",URS,Men,eight with coxswain (8+),M,Silver
Seoul,1988,Rowing,Rowing,"DUMCHEV, Aleksandr",URS,Men,eight with coxswain (8+),M,Silver
Seoul,1988,Rowing,Rowing,"GURKOVSKY, Pavel",URS,Men,eight with coxswain (8+),M,Silver
Seoul,1988,Rowing,Rowing,"KOMAROV, Nikolai",URS,Men,eight with coxswain (8+),M,Silver
Seoul,1988,Rowing,Rowing,"LUKYANOV, Aleksandr",URS,Men,eight with coxswain (8+),M,Silver
Seoul,1988,Rowing,Rowing,"OMELYANOVICH, Viktor",URS,Men,eight with coxswain (8+),M,Silver
Seoul,1988,Rowing,Rowing,"TIKHANOV, Vasili",URS,Men,eight with coxswain (8+),M,Silver
Seoul,1988,Rowing,Rowing,"VASILIEV, Andrei",URS,Men,eight with coxswain (8+),M,Silver
Seoul,1988,Rowing,Rowing,"HAN, Ya-Qin",CHN,Women,eight with coxswain (8+),W,Bronze
Seoul,1988,Rowing,Rowing,"HE, Yanwen",CHN,Women,eight with coxswain (8+),W,Bronze
Seoul,1988,Rowing,Rowing,"HU, Ya-Dong",CHN,Women,eight with coxswain (8+),W,Bronze
Seoul,1988,Rowing,Rowing,"LI, Rong-Hua",CHN,Women,eight with coxswain (8+),W,Bronze
Seoul,1988,Rowing,Rowing,"YANG, Xiao",CHN,Women,eight with coxswain (8+),W,Bronze
Seoul,1988,Rowing,Rowing,"ZHANG, Xiang-Hua",CHN,Women,eight with coxswain (8+),W,Bronze
Seoul,1988,Rowing,Rowing,"ZHANG, Ya-Li",CHN,Women,eight with coxswain (8+),W,Bronze
Seoul,1988,Rowing,Rowing,"ZHOU, Shouying",CHN,Women,eight with coxswain (8+),W,Bronze
Seoul,1988,Rowing,Rowing,"ZHOU, Xiu-Hua",CHN,Women,eight with coxswain (8+),W,Bronze
Seoul,1988,Rowing,Rowing,"BALTHASAR, Ramona",GDR,Women,eight with coxswain (8+),W,Gold
Seoul,1988,Rowing,Rowing,"HAACKER, Kathrin",GDR,Women,eight with coxswain (8+),W,Gold
Seoul,1988,Rowing,Rowing,"KLUGE, Anja",GDR,Women,eight with coxswain (8+),W,Gold
Seoul,1988,Rowing,Rowing,"NEUNAST, Daniela",GDR,Women,eight with coxswain (8+),W,Gold
Seoul,1988,Rowing,Rowing,"SCHRÖR, Beatrix",GDR,Women,eight with coxswain (8+),W,Gold
Seoul,1988,Rowing,Rowing,"STANGE, Uta",GDR,Women,eight with coxswain (8+),W,Gold
Seoul,1988,Rowing,Rowing,"STRAUCH, Annegret",GDR,Women,eight with coxswain (8+),W,Gold
Seoul,1988,Rowing,Rowing,"WILD-WAGNER, Ute",GDR,Women,eight with coxswain (8+),W,Gold
Seoul,1988,Rowing,Rowing,"ZEIDLER, Judith",GDR,Women,eight with coxswain (8+),W,Gold
Seoul,1988,Rowing,Rowing,"ANITAS, Herta",ROU,Women,eight with coxswain (8+),W,Silver
Seoul,1988,Rowing,Rowing,"ARMASESCU, Mihaela",ROU,Women,eight with coxswain (8+),W,Silver
Seoul,1988,Rowing,Rowing,"BALAN-SNEP, Doina Lilian",ROU,Women,eight with coxswain (8+),W,Silver
Seoul,1988,Rowing,Rowing,"BAZON, Adriana",ROU,Women,eight with coxswain (8+),W,Silver
Seoul,1988,Rowing,Rowing,"HOMEGHI-BULARDA, Olga",ROU,Women,eight with coxswain (8+),W,Silver
Seoul,1988,Rowing,Rowing,"NECULA, Veronica",ROU,Women,eight with coxswain (8+),W,Silver
Seoul,1988,Rowing,Rowing,"OANCIA, Ecaterina",ROU,Women,eight with coxswain (8+),W,Silver
Seoul,1988,Rowing,Rowing,"PUSCATU-ARBA, Rodica",ROU,Women,eight with coxswain (8+),W,Silver
Seoul,1988,Rowing,Rowing,"TRASCA, Marioara",ROU,Women,eight with coxswain (8+),W,Silver
Seoul,1988,Rowing,Rowing,"GRABOW, Guido",FRG,Men,four without coxswain (4-),M,Bronze
Seoul,1988,Rowing,Rowing,"GRABOW, Volker",FRG,Men,four without coxswain (4-),M,Bronze
Seoul,1988,Rowing,Rowing,"KESSLAU, Norbert",FRG,Men,four without coxswain (4-),M,Bronze
Seoul,1988,Rowing,Rowing,"PUTTLITZ, Jörg",FRG,Men,four without coxswain (4-),M,Bronze
Seoul,1988,Rowing,Rowing,"BRUDEL, Ralf",GDR,Men,four without coxswain (4-),M,Gold
Seoul,1988,Rowing,Rowing,"FÖRSTER, Olaf",GDR,Men,four without coxswain (4-),M,Gold
Seoul,1988,Rowing,Rowing,"GREINER, Thomas",GDR,Men,four without coxswain (4-),M,Gold
Seoul,1988,Rowing,Rowing,"SCHRÖDER, Roland",GDR,Men,four without coxswain (4-),M,Gold
Seoul,1988,Rowing,Rowing,"BOHRER, Thomas Robert",USA,Men,four without coxswain (4-),M,Silver
Seoul,1988,Rowing,Rowing,"KENNELLY, Richard",USA,Men,four without coxswain (4-),M,Silver
Seoul,1988,Rowing,Rowing,"KRMPOTICH, David Mattthew",USA,Men,four without coxswain (4-),M,Silver
Seoul,1988,Rowing,Rowing,"RODRIGUEZ, Raoul Pedro, Jr.",USA,Men,four without coxswain (4-),M,Silver
Seoul,1988,Rowing,Rowing,"BIRD, Andrew",NZL,Men,four-oared shell with coxswain (4-),M,Bronze
Seoul,1988,Rowing,Rowing,"JOHNSTON, Gregory",NZL,Men,four-oared shell with coxswain (4-),M,Bronze
Seoul,1988,Rowing,Rowing,"KEYS, George",NZL,Men,four-oared shell with coxswain (4-),M,Bronze
Seoul,1988,Rowing,Rowing,"WHITE, Christopher S.",NZL,Men,four-oared shell with coxswain (4-),M,Bronze
Seoul,1988,Rowing,Rowing,"WRIGHT, Ian Andrew",NZL,Men,four-oared shell with coxswain (4-),M,Bronze
Seoul,1988,Rowing,Rowing,"EICHWURZEL, Bernd",GDR,Men,four-oared shell with coxswain (4-),M,Gold
Seoul,1988,Rowing,Rowing,"KLAWONN, Frank",GDR,Men,four-oared shell with coxswain (4-),M,Gold
Seoul,1988,Rowing,Rowing,"NIESECKE, Bernd",GDR,Men,four-oared shell with coxswain (4-),M,Gold
Seoul,1988,Rowing,Rowing,"REIHER, Hendrik",GDR,Men,four-oared shell with coxswain (4-),M,Gold
Seoul,1988,Rowing,Rowing,"SCHMELING, Karsten",GDR,Men,four-oared shell with coxswain (4-),M,Gold
Seoul,1988,Rowing,Rowing,"LOVRENSCHI, Ladislau",ROU,Men,four-oared shell with coxswain (4-),M,Silver
Seoul,1988,Rowing,Rowing,"POPESCU, Dimitrie",ROU,Men,four-oared shell with coxswain (4-),M,Silver
Seoul,1988,Rowing,Rowing,"ROBU, Valentin",ROU,Men,four-oared shell with coxswain (4-),M,Silver
Seoul,1988,Rowing,Rowing,"SNEP, Ioan Gabor",ROU,Men,four-oared shell with coxswain (4-),M,Silver
Seoul,1988,Rowing,Rowing,"TOMOIAGA, Vasile",ROU,Men,four-oared shell with coxswain (4-),M,Silver
Seoul,1988,Rowing,Rowing,"ANITAS, Herta",ROU,Women,four-oared shell with coxswain (4-),W,Bronze
Seoul,1988,Rowing,Rowing,"BALAN-SNEP, Doina Lilian",ROU,Women,four-oared shell with coxswain (4-),W,Bronze
Seoul,1988,Rowing,Rowing,"NECULA, Veronica",ROU,Women,four-oared shell with coxswain (4-),W,Bronze
Seoul,1988,Rowing,Rowing,"OANCIA, Ecaterina",ROU,Women,four-oared shell with coxswain (4-),W,Bronze
Seoul,1988,Rowing,Rowing,"TRASCA, Marioara",ROU,Women,four-oared shell with coxswain (4-),W,Bronze
Seoul,1988,Rowing,Rowing,"DOBERSCHÜTZ, Gerlinde",GDR,Women,four-oared shell with coxswain (4-),W,Gold
Seoul,1988,Rowing,Rowing,"HORNIG, Carola",GDR,Women,four-oared shell with coxswain (4-),W,Gold
Seoul,1988,Rowing,Rowing,"ROSE, Sylvia",GDR,Women,four-oared shell with coxswain (4-),W,Gold
Seoul,1988,Rowing,Rowing,"SIECH, Birte",GDR,Women,four-oared shell with coxswain (4-),W,Gold
Seoul,1988,Rowing,Rowing,"WALTHER, Martina",GDR,Women,four-oared shell with coxswain (4-),W,Gold
Seoul,1988,Rowing,Rowing,"HU, Ya-Dong",CHN,Women,four-oared shell with coxswain (4-),W,Silver
Seoul,1988,Rowing,Rowing,"LI, Rong-Hua",CHN,Women,four-oared shell with coxswain (4-),W,Silver
Seoul,1988,Rowing,Rowing,"YANG, Xiao",CHN,Women,four-oared shell with coxswain (4-),W,Silver
Seoul,1988,Rowing,Rowing,"ZHANG, Xiang-Hua",CHN,Women,four-oared shell with coxswain (4-),W,Silver
Seoul,1988,Rowing,Rowing,"ZHOU, Shouying",CHN,Women,four-oared shell with coxswain (4-),W,Silver
Seoul,1988,Rowing,Rowing,"HANNEN, Lynley",NZL,Women,pair without coxswain (2-),W,Bronze
Seoul,1988,Rowing,Rowing,"PAYNE, Nicola",NZL,Women,pair without coxswain (2-),W,Bronze
Seoul,1988,Rowing,Rowing,"HOMEGHI-BULARDA, Olga",ROU,Women,pair without coxswain (2-),W,Gold
Seoul,1988,Rowing,Rowing,"PUSCATU-ARBA, Rodica",ROU,Women,pair without coxswain (2-),W,Gold
Seoul,1988,Rowing,Rowing,"BERBEROVA, Lalka Stoyanova",BUL,Women,pair without coxswain (2-),W,Silver
Seoul,1988,Rowing,Rowing,"STOYANOVA, Radka",BUL,Women,pair without coxswain (2-),W,Silver
Seoul,1988,Rowing,Rowing,"HOLMES, Andrew John",GBR,Men,pair-oared shell with coxswain (2+),M,Bronze
Seoul,1988,Rowing,Rowing,"REDGRAVE, Steven",GBR,Men,pair-oared shell with coxswain (2+),M,Bronze
Seoul,1988,Rowing,Rowing,"SWEENEY, Patrick John",GBR,Men,pair-oared shell with coxswain (2+),M,Bronze
Seoul,1988,Rowing,Rowing,"ABBAGNALE, Carmine",ITA,Men,pair-oared shell with coxswain (2+),M,Gold
Seoul,1988,Rowing,Rowing,"ABBAGNALE, Giuseppe",ITA,Men,pair-oared shell with coxswain (2+),M,Gold
Seoul,1988,Rowing,Rowing,"DI CAPUA, Giuseppe",ITA,Men,pair-oared shell with coxswain (2+),M,Gold
Seoul,1988,Rowing,Rowing,"KIRCHHOFF, Detlef",GDR,Men,pair-oared shell with coxswain (2+),M,Silver
Seoul,1988,Rowing,Rowing,"RENSCH, Rene",GDR,Men,pair-oared shell with coxswain (2+),M,Silver
Seoul,1988,Rowing,Rowing,"STREIT, Mario",GDR,Men,pair-oared shell with coxswain (2+),M,Silver
Seoul,1988,Rowing,Rowing,"BOGS, Steffen",GDR,Men,quadruple sculls without coxswain (4x),M,Bronze
Seoul,1988,Rowing,Rowing,"HABERMANN, Heiko",GDR,Men,quadruple sculls without coxswain (4x),M,Bronze
Seoul,1988,Rowing,Rowing,"KOPPEN, Jens",GDR,Men,quadruple sculls without coxswain (4x),M,Bronze
Seoul,1988,Rowing,Rowing,"ZÜHLKE, Steffen",GDR,Men,quadruple sculls without coxswain (4x),M,Bronze
Seoul,1988,Rowing,Rowing,"ABBAGNALE, Agostino",ITA,Men,quadruple sculls without coxswain (4x),M,Gold
Seoul,1988,Rowing,Rowing,"FARINA, Gianluca",ITA,Men,quadruple sculls without coxswain (4x),M,Gold
Seoul,1988,Rowing,Rowing,"POLI, Piero",ITA,Men,quadruple sculls without coxswain (4x),M,Gold
Seoul,1988,Rowing,Rowing,"TIZZANO, Davide",ITA,Men,quadruple sculls without coxswain (4x),M,Gold
Seoul,1988,Rowing,Rowing,"BJÖNNESS, Lars",NOR,Men,quadruple sculls without coxswain (4x),M,Silver
Seoul,1988,Rowing,Rowing,"HANSEN, Alf John",NOR,Men,quadruple sculls without coxswain (4x),M,Silver
Seoul,1988,Rowing,Rowing,"THORSEN, Rolf Bernt",NOR,Men,quadruple sculls without coxswain (4x),M,Silver
Seoul,1988,Rowing,Rowing,"VINJE, Vetle",NOR,Men,quadruple sculls without coxswain (4x),M,Silver
Seoul,1988,Rowing,Rowing,"COCHELEA, Veronica",ROU,Women,quadruple sculls without coxswain (4x),W,Bronze
Seoul,1988,Rowing,Rowing,"DOBRE, Anisoara",ROU,Women,quadruple sculls without coxswain (4x),W,Bronze
Seoul,1988,Rowing,Rowing,"LIPA, Elisabeta",ROU,Women,quadruple sculls without coxswain (4x),W,Bronze
Seoul,1988,Rowing,Rowing,"SOROHAN-MINEA, Anisoara",ROU,Women,quadruple sculls without coxswain (4x),W,Bronze
Seoul,1988,Rowing,Rowing,"FÖRSTER, Kerstin",GDR,Women,quadruple sculls without coxswain (4x),W,Gold
Seoul,1988,Rowing,Rowing,"MUNDT, Kristina",GDR,Women,quadruple sculls without coxswain (4x),W,Gold
Seoul,1988,Rowing,Rowing,"SCHRAMM, Beate",GDR,Women,quadruple sculls without coxswain (4x),W,Gold
Seoul,1988,Rowing,Rowing,"SORGERS, Jana",GDR,Women,quadruple sculls without coxswain (4x),W,Gold
Seoul,1988,Rowing,Rowing,"DUMCHEVA, Antonina",URS,Women,quadruple sculls without coxswain (4x),W,Silver
Seoul,1988,Rowing,Rowing,"FROLOVA, Inna",URS,Women,quadruple sculls without coxswain (4x),W,Silver
Seoul,1988,Rowing,Rowing,"KALIMBET, Irina",URS,Women,quadruple sculls without coxswain (4x),W,Silver
Seoul,1988,Rowing,Rowing,"MAZIY, Svetlana",URS,Women,quadruple sculls without coxswain (4x),W,Silver
Seoul,1988,Rowing,Rowing,"VERDONK, Eric Franciscus",NZL,Men,single sculls (1x),M,Bronze
Seoul,1988,Rowing,Rowing,"LANGE, Thomas",GDR,Men,single sculls (1x),M,Gold
Seoul,1988,Rowing,Rowing,"KOLBE, Peter-Michael",FRG,Men,single sculls (1x),M,Silver
Seoul,1988,Rowing,Rowing,"GEORGIEVA, Magdalena",BUL,Women,single sculls (1x),W,Bronze
Seoul,1988,Rowing,Rowing,"BEHRENDT, Jutta",GDR,Women,single sculls (1x),W,Gold
Seoul,1988,Rowing,Rowing,"MARDEN, Anne R.",USA,Women,single sculls (1x),W,Silver
Seoul,1988,Sailing,Sailing,"MCKEE, Charles",USA,Men,470 - Two Person Dinghy,M,Bronze
Seoul,1988,Sailing,Sailing,"SHADDEN, John Thomas",USA,Men,470 - Two Person Dinghy,M,Bronze
Seoul,1988,Sailing,Sailing,"PEPONNET, Thierry",FRA,Men,470 - Two Person Dinghy,M,Gold
Seoul,1988,Sailing,Sailing,"PILLOT, Luc",FRA,Men,470 - Two Person Dinghy,M,Gold
Seoul,1988,Sailing,Sailing,"TONISTE, Tonu",URS,Men,470 - Two Person Dinghy,M,Silver
Seoul,1988,Sailing,Sailing,"TONISTE, Toomas",URS,Men,470 - Two Person Dinghy,M,Silver
Seoul,1988,Sailing,Sailing,"MOSKALENKO, Larisa",URS,Women,470 - Two Person Dinghy,W,Bronze
Seoul,1988,Sailing,Sailing,"SHUNIKHOVSKAYA, Irina",URS,Women,470 - Two Person Dinghy,W,Bronze
Seoul,1988,Sailing,Sailing,"JEWELL, Lynne M.",USA,Women,470 - Two Person Dinghy,W,Gold
Seoul,1988,Sailing,Sailing,"JOLLY, Allison Blair",USA,Women,470 - Two Person Dinghy,W,Gold
Seoul,1988,Sailing,Sailing,"BENGTSSON, Birgitta",SWE,Women,470 - Two Person Dinghy,W,Silver
Seoul,1988,Sailing,Sailing,"SÖDERSTRÖM, Marit",SWE,Women,470 - Two Person Dinghy,W,Silver
Seoul,1988,Sailing,Sailing,"GEBHARDT, Michael William",USA,Men,board (division II),M,Bronze
Seoul,1988,Sailing,Sailing,"KENDALL, Anthony Bruce",NZL,Men,board (division II),M,Gold
Seoul,1988,Sailing,Sailing,"BOERSMA, Jan D.",AHO,Men,board (division II),M,Silver
Seoul,1988,Sailing,Sailing,"BANK, Jesper",DEN,Men,fleet/match race keelboat open (Soling),X,Bronze
Seoul,1988,Sailing,Sailing,"MATHIASEN, Jan Dupont",DEN,Men,fleet/match race keelboat open (Soling),X,Bronze
Seoul,1988,Sailing,Sailing,"SECHER, Steen Klaaborg",DEN,Men,fleet/match race keelboat open (Soling),X,Bronze
Seoul,1988,Sailing,Sailing,"FLACH, Thomas",GDR,Men,fleet/match race keelboat open (Soling),X,Gold
Seoul,1988,Sailing,Sailing,"JÄKEL, Bernd",GDR,Men,fleet/match race keelboat open (Soling),X,Gold
Seoul,1988,Sailing,Sailing,"SCHÜMANN, Jochen",GDR,Men,fleet/match race keelboat open (Soling),X,Gold
Seoul,1988,Sailing,Sailing,"BAYLIS, William Henry",USA,Men,fleet/match race keelboat open (Soling),X,Silver
Seoul,1988,Sailing,Sailing,"BILLINGHAM, Robert Iain Colin",USA,Men,fleet/match race keelboat open (Soling),X,Silver
Seoul,1988,Sailing,Sailing,"KOSTECKI, John Paul",USA,Men,fleet/match race keelboat open (Soling),X,Silver
Seoul,1988,Sailing,Sailing,"MCLAUGHLIN, Frank Joseph",CAN,Men,flying dutchman,X,Bronze
Seoul,1988,Sailing,Sailing,"MILLEN, John Charles",CAN,Men,flying dutchman,X,Bronze
Seoul,1988,Sailing,Sailing,"GRÖNBORG, Christian",DEN,Men,flying dutchman,X,Gold
Seoul,1988,Sailing,Sailing,"MÖLLER, Jörgen  Bojsen",DEN,Men,flying dutchman,X,Gold
Seoul,1988,Sailing,Sailing,"BJÖRKUM, Erik",NOR,Men,flying dutchman,X,Silver
Seoul,1988,Sailing,Sailing,"POLLEN, Ole Petter",NOR,Men,flying dutchman,X,Silver
Seoul,1988,Sailing,Sailing,"CUTLER, John",NZL,Men,single-handed dinghy (Finn),M,Bronze
Seoul,1988,Sailing,Sailing,"DORESTE, Jose Luis",ESP,Men,single-handed dinghy (Finn),M,Gold
Seoul,1988,Sailing,Sailing,"HOLMBERG, Peter",ISV,Men,single-handed dinghy (Finn),M,Silver
Seoul,1988,Sailing,Sailing,"FREITAS, Clinio",BRA,Men,Tornado - Multihull,X,Bronze
Seoul,1988,Sailing,Sailing,"GRAEL SCHMIDT, Lars",BRA,Men,Tornado - Multihull,X,Bronze
Seoul,1988,Sailing,Sailing,"HENARD, Nicolas",FRA,Men,Tornado - Multihull,X,Gold
Seoul,1988,Sailing,Sailing,"LE DEROFF, Jean Yves",FRA,Men,Tornado - Multihull,X,Gold
Seoul,1988,Sailing,Sailing,"SELLERS, Rex Samuel",NZL,Men,Tornado - Multihull,X,Silver
Seoul,1988,Sailing,Sailing,"TIMMS, Christopher",NZL,Men,Tornado - Multihull,X,Silver
Seoul,1988,Sailing,Sailing,"FALCAO, Nelson",BRA,Men,two-person keelboat open (Star),X,Bronze
Seoul,1988,Sailing,Sailing,"GRAEL, Torben",BRA,Men,two-person keelboat open (Star),X,Bronze
Seoul,1988,Sailing,Sailing,"MCINTYRE, Michael Mackay",GBR,Men,two-person keelboat open (Star),X,Gold
Seoul,1988,Sailing,Sailing,"VAILE, Philip Brynolf",GBR,Men,two-person keelboat open (Star),X,Gold
Seoul,1988,Sailing,Sailing,"HAENEL, Harold",USA,Men,two-person keelboat open (Star),X,Silver
Seoul,1988,Sailing,Sailing,"REYNOLDS, Mark Jeffrey",USA,Men,two-person keelboat open (Star),X,Silver
Seoul,1988,Shooting,Shooting,"LOGVINENKO, Marina",URS,Women,10m air pistol (40 shots),W,Bronze
Seoul,1988,Shooting,Shooting,"SEKARIC, Jasna",YUG,Women,10m air pistol (40 shots),W,Gold
Seoul,1988,Shooting,Shooting,"SALUKVADZE, Nino",URS,Women,10m air pistol (40 shots),W,Silver
Seoul,1988,Shooting,Shooting,"XU, Haifeng",CHN,Men,10m air pistol (60 shots),M,Bronze
Seoul,1988,Shooting,Shooting,"KIRIAKOV, Tanyu",BUL,Men,10m air pistol (60 shots),M,Gold
Seoul,1988,Shooting,Shooting,"BULJUNG, Erich",USA,Men,10m air pistol (60 shots),M,Silver
Seoul,1988,Shooting,Shooting,"MALUKHINA, Anna",URS,Women,10m air rifle (40 shots),W,Bronze
Seoul,1988,Shooting,Shooting,"SHILOVA, Irina",URS,Women,10m air rifle (40 shots),W,Gold
Seoul,1988,Shooting,Shooting,"SPERBER, Silvia",FRG,Women,10m air rifle (40 shots),W,Silver
Seoul,1988,Shooting,Shooting,"RIEDERER, Johann",FRG,Men,10m air rifle (60 shots),M,Bronze
Seoul,1988,Shooting,Shooting,"MAKSIMOVIC, Goran",YUG,Men,10m air rifle (60 shots),M,Gold
Seoul,1988,Shooting,Shooting,"BERTHELOT, Nicolas",FRA,Men,10m air rifle (60 shots),M,Silver
Seoul,1988,Shooting,Shooting,"SEKARIC, Jasna",YUG,Women,25m pistol (30+30 shots),W,Bronze
Seoul,1988,Shooting,Shooting,"SALUKVADZE, Nino",URS,Women,25m pistol (30+30 shots),W,Gold
Seoul,1988,Shooting,Shooting,"HASEGAWA, Tomoko",JPN,Women,25m pistol (30+30 shots),W,Silver
Seoul,1988,Shooting,Shooting,"KOVACS, Zoltan",HUN,Men,25m rapid fire pistol (60 shots),M,Bronze
Seoul,1988,Shooting,Shooting,"KUZMINS, Afanasijs",URS,Men,25m rapid fire pistol (60 shots),M,Gold
Seoul,1988,Shooting,Shooting,"SCHUMANN, Ralf",GDR,Men,25m rapid fire pistol (60 shots),M,Silver
Seoul,1988,Shooting,Shooting,"BASINSKI, Igor",URS,Men,50m pistol (60 shots),M,Bronze
Seoul,1988,Shooting,Shooting,"BABII, Sorin",ROU,Men,50m pistol (60 shots),M,Gold
Seoul,1988,Shooting,Shooting,"SKANÄKER, Ragnar",SWE,Men,50m pistol (60 shots),M,Silver
Seoul,1988,Shooting,Shooting,"CHERKASOVA, Valentina",URS,Women,50m rifle 3 positions (3x20 shots),W,Bronze
Seoul,1988,Shooting,Shooting,"SPERBER, Silvia",FRG,Women,50m rifle 3 positions (3x20 shots),W,Gold
Seoul,1988,Shooting,Shooting,"LETCHEVA, Vessela Nikolaeva",BUL,Women,50m rifle 3 positions (3x20 shots),W,Silver
Seoul,1988,Shooting,Shooting,"IVANOV, Kirill",URS,Men,50m rifle 3 positions (3x40 shots),M,Bronze
Seoul,1988,Shooting,Shooting,"COOPER, Malcolm Douglas",GBR,Men,50m rifle 3 positions (3x40 shots),M,Gold
Seoul,1988,Shooting,Shooting,"ALLAN, Alister Millar",GBR,Men,50m rifle 3 positions (3x40 shots),M,Silver
Seoul,1988,Shooting,Shooting,"ZAHONYI, Attila",HUN,Men,50m rifle prone (60 shots),M,Bronze
Seoul,1988,Shooting,Shooting,"VARGA, Miroslav",TCH,Men,50m rifle prone (60 shots),M,Gold
Seoul,1988,Shooting,Shooting,"CHA, Young-Chul",KOR,Men,50m rifle prone (60 shots),M,Silver
Seoul,1988,Shooting,Shooting,"AVRAMENKO, Gennadi",URS,Men,50m running target (30+30 shots),M,Bronze
Seoul,1988,Shooting,Shooting,"HEIESTAD, Tor",NOR,Men,50m running target (30+30 shots),M,Gold
Seoul,1988,Shooting,Shooting,"HUANG, Shi-Ping",CHN,Men,50m running target (30+30 shots),M,Silver
Seoul,1988,Shooting,Shooting,"GUARDIOLA HAY, Jorge",ESP,Men,skeet (125 targets),X,Bronze
Seoul,1988,Shooting,Shooting,"WEGNER, Axel",GDR,Men,skeet (125 targets),X,Gold
Seoul,1988,Shooting,Shooting,"DE IRRUARRIZAGA, Alfonso",CHI,Men,skeet (125 targets),X,Silver
Seoul,1988,Shooting,Shooting,"PEETERS, Frans",BEL,Men,trap (125 targets),X,Bronze
Seoul,1988,Shooting,Shooting,"MONAKOV, Dmitri",URS,Men,trap (125 targets),X,Gold
Seoul,1988,Shooting,Shooting,"BEDNARIK, Miloslav",TCH,Men,trap (125 targets),X,Silver
Seoul,1988,Table Tennis,Table Tennis,"AN, Jae Hyung",KOR,Men,doubles,M,Bronze
Seoul,1988,Table Tennis,Table Tennis,"YOO, Nam-Kyu",KOR,Men,doubles,M,Bronze
Seoul,1988,Table Tennis,Table Tennis,"CHEN, Long-Can",CHN,Men,doubles,M,Gold
Seoul,1988,Table Tennis,Table Tennis,"WEI, Qing-Guang",CHN,Men,doubles,M,Gold
Seoul,1988,Table Tennis,Table Tennis,"LUPULESKU, Ilija",YUG,Men,doubles,M,Silver
Seoul,1988,Table Tennis,Table Tennis,"PRIMORAC, Zoran",YUG,Men,doubles,M,Silver
Seoul,1988,Table Tennis,Table Tennis,"PERKUCIN, Gordana",YUG,Women,doubles,W,Bronze
Seoul,1988,Table Tennis,Table Tennis,"REED, Jasna",YUG,Women,doubles,W,Bronze
Seoul,1988,Table Tennis,Table Tennis,"HYUN, Jung Hwa",KOR,Women,doubles,W,Gold
Seoul,1988,Table Tennis,Table Tennis,"YANG, Young-Ja",KOR,Women,doubles,W,Gold
Seoul,1988,Table Tennis,Table Tennis,"CHEN, Jing",CHN,Women,doubles,W,Silver
Seoul,1988,Table Tennis,Table Tennis,"JIAO, Zhi-Min",CHN,Women,doubles,W,Silver
Seoul,1988,Table Tennis,Table Tennis,"LINDH, Erik",SWE,Men,singles,M,Bronze
Seoul,1988,Table Tennis,Table Tennis,"YOO, Nam-Kyu",KOR,Men,singles,M,Gold
Seoul,1988,Table Tennis,Table Tennis,"KIM, Ki Taik",KOR,Men,singles,M,Silver
Seoul,1988,Table Tennis,Table Tennis,"JIAO, Zhi-Min",CHN,Women,singles,W,Bronze
Seoul,1988,Table Tennis,Table Tennis,"CHEN, Jing",CHN,Women,singles,W,Gold
Seoul,1988,Table Tennis,Table Tennis,"LI, Hui-Fen",CHN,Women,singles,W,Silver
Seoul,1988,Tennis,Tennis,"EDBERG, Stefan",SWE,Men,doubles,M,Bronze
Seoul,1988,Tennis,Tennis,"JARRYD, Anders",SWE,Men,doubles,M,Bronze
Seoul,1988,Tennis,Tennis,"MECIR, Miloslav",TCH,Men,doubles,M,Bronze
Seoul,1988,Tennis,Tennis,"SREJBER, Milan",TCH,Men,doubles,M,Bronze
Seoul,1988,Tennis,Tennis,"FLACH, Kenneth",USA,Men,doubles,M,Gold
Seoul,1988,Tennis,Tennis,"SEGUSO, Robert A.",USA,Men,doubles,M,Gold
Seoul,1988,Tennis,Tennis,"CASAL MARTINEZ, Sergio",ESP,Men,doubles,M,Silver
Seoul,1988,Tennis,Tennis,"SANCHEZ, Emilio",ESP,Men,doubles,M,Silver
Seoul,1988,Tennis,Tennis,"GRAF, Steffi",FRG,Women,doubles,W,Bronze
Seoul,1988,Tennis,Tennis,"KOHDE-KILSCH, Claudia",FRG,Women,doubles,W,Bronze
Seoul,1988,Tennis,Tennis,"SMYLIE, Elizabeth",AUS,Women,doubles,W,Bronze
Seoul,1988,Tennis,Tennis,"TURNBULL, Wendy",AUS,Women,doubles,W,Bronze
Seoul,1988,Tennis,Tennis,"GARRISON, Zina",USA,Women,doubles,W,Gold
Seoul,1988,Tennis,Tennis,"SHRIVER, Pamela Howard",USA,Women,doubles,W,Gold
Seoul,1988,Tennis,Tennis,"NOVOTNA, Jana",TCH,Women,doubles,W,Silver
Seoul,1988,Tennis,Tennis,"SUKOVA, Helena",TCH,Women,doubles,W,Silver
Seoul,1988,Tennis,Tennis,"EDBERG, Stefan",SWE,Men,singles,M,Bronze
Seoul,1988,Tennis,Tennis,"GILBERT, Bradley N.",USA,Men,singles,M,Bronze
Seoul,1988,Tennis,Tennis,"MECIR, Miloslav",TCH,Men,singles,M,Gold
Seoul,1988,Tennis,Tennis,"MAYOTTE, Timothy C.",USA,Men,singles,M,Silver
Seoul,1988,Tennis,Tennis,"GARRISON, Zina",USA,Women,singles,W,Bronze
Seoul,1988,Tennis,Tennis,"MALEEVA-FRAGNIERE, Manuela",BUL,Women,singles,W,Bronze
Seoul,1988,Tennis,Tennis,"GRAF, Steffi",FRG,Women,singles,W,Gold
Seoul,1988,Tennis,Tennis,"SABATINI, Gabriela",ARG,Women,singles,W,Silver
Seoul,1988,Volleyball,Volleyball,"CASTELLANI, Daniel Jorge",ARG,Men,volleyball,M,Bronze
Seoul,1988,Volleyball,Volleyball,"COLLA, Daniel M.",ARG,Men,volleyball,M,Bronze
Seoul,1988,Volleyball,Volleyball,"CONTE, Hugo Nestor",ARG,Men,volleyball,M,Bronze
Seoul,1988,Volleyball,Volleyball,"CUMINETTI, Juan Carlos",ARG,Men,volleyball,M,Bronze
Seoul,1988,Volleyball,Volleyball,"DE PALMA, Esteban",ARG,Men,volleyball,M,Bronze
Seoul,1988,Volleyball,Volleyball,"DIZ, Alejandro",ARG,Men,volleyball,M,Bronze
Seoul,1988,Volleyball,Volleyball,"KANTOR, Waldo Ariel",ARG,Men,volleyball,M,Bronze
Seoul,1988,Volleyball,Volleyball,"MARTINEZ, Esteban Eduardo",ARG,Men,volleyball,M,Bronze
Seoul,1988,Volleyball,Volleyball,"QUIROGA, Raul Nicolas",ARG,Men,volleyball,M,Bronze
Seoul,1988,Volleyball,Volleyball,"URIARTE, Jon Emili",ARG,Men,volleyball,M,Bronze
Seoul,1988,Volleyball,Volleyball,"WEBER, Carlos",ARG,Men,volleyball,M,Bronze
Seoul,1988,Volleyball,Volleyball,"ZULIANELLO, Claudio F.",ARG,Men,volleyball,M,Bronze
Seoul,1988,Volleyball,Volleyball,"BUCK, Craig Werner",USA,Men,volleyball,M,Gold
Seoul,1988,Volleyball,Volleyball,"CTVRTLIK, Robert Jan",USA,Men,volleyball,M,Gold
Seoul,1988,Volleyball,Volleyball,"FORTUNE, Scott Thomas",USA,Men,volleyball,M,Gold
Seoul,1988,Volleyball,Volleyball,"KIRALY, Charles",USA,Men,volleyball,M,Gold
Seoul,1988,Volleyball,Volleyball,"LUYTIES, Ricci Judson",USA,Men,volleyball,M,Gold
Seoul,1988,Volleyball,Volleyball,"PARTIE, Robert Douglas",USA,Men,volleyball,M,Gold
Seoul,1988,Volleyball,Volleyball,"ROOT, Jonathan Edward",USA,Men,volleyball,M,Gold
Seoul,1988,Volleyball,Volleyball,"SATO, Eric",USA,Men,volleyball,M,Gold
Seoul,1988,Volleyball,Volleyball,"SAUNDERS, David Patrick",USA,Men,volleyball,M,Gold
Seoul,1988,Volleyball,Volleyball,"STORK, Jeffrey Malcolm",USA,Men,volleyball,M,Gold
Seoul,1988,Volleyball,Volleyball,"TANNER, Troy R.",USA,Men,volleyball,M,Gold
Seoul,1988,Volleyball,Volleyball,"TIMMONS, Steve Dennis",USA,Men,volleyball,M,Gold
Seoul,1988,Volleyball,Volleyball,"ANTONOV, Yaroslav",URS,Men,volleyball,M,Silver
Seoul,1988,Volleyball,Volleyball,"CHEREDNIK, Yuri",URS,Men,volleyball,M,Silver
Seoul,1988,Volleyball,Volleyball,"KRASILNIKOV, Yevgeni",URS,Men,volleyball,M,Silver
Seoul,1988,Volleyball,Volleyball,"KUZNETSOV, Andrei",URS,Men,volleyball,M,Silver
Seoul,1988,Volleyball,Volleyball,"LOSEV, Valeri",URS,Men,volleyball,M,Silver
Seoul,1988,Volleyball,Volleyball,"PANCHENKO, Yuri",URS,Men,volleyball,M,Silver
Seoul,1988,Volleyball,Volleyball,"RUNOV, Igor",URS,Men,volleyball,M,Silver
Seoul,1988,Volleyball,Volleyball,"SAPEGA, Yuri",URS,Men,volleyball,M,Silver
Seoul,1988,Volleyball,Volleyball,"SHKURIKHIN, Vladimir",URS,Men,volleyball,M,Silver
Seoul,1988,Volleyball,Volleyball,"SOROKOLET, Aleksandr",URS,Men,volleyball,M,Silver
Seoul,1988,Volleyball,Volleyball,"VILDE, Raimundas",URS,Men,volleyball,M,Silver
Seoul,1988,Volleyball,Volleyball,"ZAITSEV, Viacheslav",URS,Men,volleyball,M,Silver
Seoul,1988,Volleyball,Volleyball,"CUI, Yong-Mei",CHN,Women,volleyball,W,Bronze
Seoul,1988,Volleyball,Volleyball,"HOU, Yu-Zhu",CHN,Women,volleyball,W,Bronze
Seoul,1988,Volleyball,Volleyball,"JIANG, Ying",CHN,Women,volleyball,W,Bronze
Seoul,1988,Volleyball,Volleyball,"LI, Guo-Jun",CHN,Women,volleyball,W,Bronze
Seoul,1988,Volleyball,Volleyball,"LI, Yue-Ming",CHN,Women,volleyball,W,Bronze
Seoul,1988,Volleyball,Volleyball,"SU, Huijuan",CHN,Women,volleyball,W,Bronze
Seoul,1988,Volleyball,Volleyball,"WANG, Ya-Jun",CHN,Women,volleyball,W,Bronze
Seoul,1988,Volleyball,Volleyball,"WU, Dan",CHN,Women,volleyball,W,Bronze
Seoul,1988,Volleyball,Volleyball,"YANG, Xiao-Jun",CHN,Women,volleyball,W,Bronze
Seoul,1988,Volleyball,Volleyball,"YANG, Xi-Lan",CHN,Women,volleyball,W,Bronze
Seoul,1988,Volleyball,Volleyball,"ZHAO, Hong",CHN,Women,volleyball,W,Bronze
Seoul,1988,Volleyball,Volleyball,"ZHENG, Mei-Zhu",CHN,Women,volleyball,W,Bronze
Seoul,1988,Volleyball,Volleyball,"KORYTOVA, Svetlana",URS,Women,volleyball,W,Gold
Seoul,1988,Volleyball,Volleyball,"KRAINOVA, Tatyana",URS,Women,volleyball,W,Gold
Seoul,1988,Volleyball,Volleyball,"KRIVOSHEEVA, Olga",URS,Women,volleyball,W,Gold
Seoul,1988,Volleyball,Volleyball,"KUMYSH, Marina",URS,Women,volleyball,W,Gold
Seoul,1988,Volleyball,Volleyball,"NIKULINA, Marina",URS,Women,volleyball,W,Gold
Seoul,1988,Volleyball,Volleyball,"OGIENKO, Valentina",URS,Women,volleyball,W,Gold
Seoul,1988,Volleyball,Volleyball,"OVCHINNIKOVA, Elena",URS,Women,volleyball,W,Gold
Seoul,1988,Volleyball,Volleyball,"PARKHOMCHUK, Irina",URS,Women,volleyball,W,Gold
Seoul,1988,Volleyball,Volleyball,"SHKURNOVA, Olga",URS,Women,volleyball,W,Gold
Seoul,1988,Volleyball,Volleyball,"SIDORENKO, Tatyana",URS,Women,volleyball,W,Gold
Seoul,1988,Volleyball,Volleyball,"SMIRNOVA, Irina",URS,Women,volleyball,W,Gold
Seoul,1988,Volleyball,Volleyball,"VOLKOVA, Elena",URS,Women,volleyball,W,Gold
Seoul,1988,Volleyball,Volleyball,"CERVERA, Luisa",PER,Women,volleyball,W,Silver
Seoul,1988,Volleyball,Volleyball,"DE LA GUERRA, Alejandra",PER,Women,volleyball,W,Silver
Seoul,1988,Volleyball,Volleyball,"FAJARDO, Denisse",PER,Women,volleyball,W,Silver
Seoul,1988,Volleyball,Volleyball,"GALLARDO, Miriam",PER,Women,volleyball,W,Silver
Seoul,1988,Volleyball,Volleyball,"GARCIA, Rosa",PER,Women,volleyball,W,Silver
