Moscow,1980,Athletics,Athletics,"KOLPAKOVA, Tatiana",URS,Women,long jump,W,Gold
Moscow,1980,Athletics,Athletics,"WUJAK, Brigitte",GDR,Women,long jump,W,Silver
Moscow,1980,Athletics,Athletics,"DZHUMANAZAROV, Setymkul",URS,Men,marathon,M,Bronze
Moscow,1980,Athletics,Athletics,"CIERPINSKI, Waldemar",GDR,Men,marathon,M,Gold
Moscow,1980,Athletics,Athletics,"NIJBOER, Gerard",NED,Men,marathon,M,Silver
Moscow,1980,Athletics,Athletics,"KURAGINA, Olga",URS,Women,pentathlon,W,Bronze
Moscow,1980,Athletics,Athletics,"TKACHENKO, Nadezhda",URS,Women,pentathlon,W,Gold
Moscow,1980,Athletics,Athletics,"RUKAVISHNIKOVA, Olga",URS,Women,pentathlon,W,Silver
Moscow,1980,Athletics,Athletics,"KOZAKIEWICZ, Wladyslaw",POL,Men,pole vault,M,Gold
Moscow,1980,Athletics,Athletics,"SLUSARSKI, Tadeusz",POL,Men,pole vault,M,Silver
Moscow,1980,Athletics,Athletics,"VOLKOV, Konstantin",URS,Men,pole vault,M,Silver
Moscow,1980,Athletics,Athletics,"BEYER, Udo",GDR,Men,shot put,M,Bronze
Moscow,1980,Athletics,Athletics,"KISELEV, Vladimir",URS,Men,shot put,M,Gold
Moscow,1980,Athletics,Athletics,"BARYSHNIKOV, Aleksandr",URS,Men,shot put,M,Silver
Moscow,1980,Athletics,Athletics,"DROESE-PUFE, Margitta",GDR,Women,shot put,W,Bronze
Moscow,1980,Athletics,Athletics,"SCHOKNECHT-SLUPIANEK, Ilona",GDR,Women,shot put,W,Gold
Moscow,1980,Athletics,Athletics,"KRACHEVSKAIA, Svetlana",URS,Women,shot put,W,Silver
Moscow,1980,Athletics,Athletics,"DE OLIVEIRA, Joao Carlos",BRA,Men,triple jump,M,Bronze
Moscow,1980,Athletics,Athletics,"UUDMAE, Yaak",URS,Men,triple jump,M,Gold
Moscow,1980,Athletics,Athletics,"SANEEV, Viktor",URS,Men,triple jump,M,Silver
Moscow,1980,Basketball,Basketball,"BELOSTENNYI, Aleksandr",URS,Men,basketball,M,Bronze
Moscow,1980,Basketball,Basketball,"BELOV, Sergei",URS,Men,basketball,M,Bronze
Moscow,1980,Basketball,Basketball,"DERIUGIN, Nikolai",URS,Men,basketball,M,Bronze
Moscow,1980,Basketball,Basketball,"EREMIN, Stanislav",URS,Men,basketball,M,Bronze
Moscow,1980,Basketball,Basketball,"IOVAISHA, Sergei",URS,Men,basketball,M,Bronze
Moscow,1980,Basketball,Basketball,"LOPATOV, Andrei",URS,Men,basketball,M,Bronze
Moscow,1980,Basketball,Basketball,"MILOSERDOV, Valeri",URS,Men,basketball,M,Bronze
Moscow,1980,Basketball,Basketball,"MYSHKIN, Anatoli",URS,Men,basketball,M,Bronze
Moscow,1980,Basketball,Basketball,"SALNIKOV, Aleksandr",URS,Men,basketball,M,Bronze
Moscow,1980,Basketball,Basketball,"TARAKANOV, Sergei",URS,Men,basketball,M,Bronze
Moscow,1980,Basketball,Basketball,"TKACHENKO, Vladimir",URS,Men,basketball,M,Bronze
Moscow,1980,Basketball,Basketball,"ZHIGILY, Vladimir",URS,Men,basketball,M,Bronze
Moscow,1980,Basketball,Basketball,"COSIC, Kresimir",YUG,Men,basketball,M,Gold
Moscow,1980,Basketball,Basketball,"DALIPAGIC, Drazen",YUG,Men,basketball,M,Gold
Moscow,1980,Basketball,Basketball,"DELIBASIC, Mirza",YUG,Men,basketball,M,Gold
Moscow,1980,Basketball,Basketball,"JERKOV, Zeljko",YUG,Men,basketball,M,Gold
Moscow,1980,Basketball,Basketball,"KICANOVIC, Dragan",YUG,Men,basketball,M,Gold
Moscow,1980,Basketball,Basketball,"KNEGO, Andro",YUG,Men,basketball,M,Gold
Moscow,1980,Basketball,Basketball,"KRSTULOVIC, Duje",YUG,Men,basketball,M,Gold
Moscow,1980,Basketball,Basketball,"NAKIC-VOJNOVIC, Mihovil",YUG,Men,basketball,M,Gold
Moscow,1980,Basketball,Basketball,"RADOVANOVIC, Ratko",YUG,Men,basketball,M,Gold
Moscow,1980,Basketball,Basketball,"SKROCE, Branko",YUG,Men,basketball,M,Gold
Moscow,1980,Basketball,Basketball,"SLAVNIC, Zoran",YUG,Men,basketball,M,Gold
Moscow,1980,Basketball,Basketball,"ZIZIC, Rajko",YUG,Men,basketball,M,Gold
Moscow,1980,Basketball,Basketball,"BONAMICO, Marco",ITA,Men,basketball,M,Silver
Moscow,1980,Basketball,Basketball,"BRUNAMONTI, Roberto",ITA,Men,basketball,M,Silver
Moscow,1980,Basketball,Basketball,"DELLA FIORI, Fabrizio",ITA,Men,basketball,M,Silver
Moscow,1980,Basketball,Basketball,"GENERALI, Pietro",ITA,Men,basketball,M,Silver
Moscow,1980,Basketball,Basketball,"GILARDI, Enrico",ITA,Men,basketball,M,Silver
Moscow,1980,Basketball,Basketball,"MARZORATI, Pierluigi",ITA,Men,basketball,M,Silver
Moscow,1980,Basketball,Basketball,"MENEGHIN, Dino",ITA,Men,basketball,M,Silver
Moscow,1980,Basketball,Basketball,"SACCHETTI, Romeo",ITA,Men,basketball,M,Silver
Moscow,1980,Basketball,Basketball,"SOLFRINI, Marco",ITA,Men,basketball,M,Silver
Moscow,1980,Basketball,Basketball,"SYLVESTER, Michael",ITA,Men,basketball,M,Silver
Moscow,1980,Basketball,Basketball,"VECCHIATIO, Renzo",ITA,Men,basketball,M,Silver
Moscow,1980,Basketball,Basketball,"VILLALTA, Renato",ITA,Men,basketball,M,Silver
Moscow,1980,Basketball,Basketball,"BECIRSPAHIC, Mersada",YUG,Women,basketball,W,Bronze
Moscow,1980,Basketball,Basketball,"BJEDOV, Mira",YUG,Women,basketball,W,Bronze
Moscow,1980,Basketball,Basketball,"DESPOTOVIC, Vesna",YUG,Women,basketball,W,Bronze
Moscow,1980,Basketball,Basketball,"DJURASKOVIC, Vera",YUG,Women,basketball,W,Bronze
Moscow,1980,Basketball,Basketball,"DJURKOVIC, Zorica",YUG,Women,basketball,W,Bronze
Moscow,1980,Basketball,Basketball,"KOMNENOVIC, Jelica",YUG,Women,basketball,W,Bronze
Moscow,1980,Basketball,Basketball,"MAJSTOROVIC, Biljana",YUG,Women,basketball,W,Bronze
Moscow,1980,Basketball,Basketball,"MITIC, Vukica",YUG,Women,basketball,W,Bronze
Moscow,1980,Basketball,Basketball,"OZEGOVIC, Sanja",YUG,Women,basketball,W,Bronze
Moscow,1980,Basketball,Basketball,"PEKIC, Sofija",YUG,Women,basketball,W,Bronze
Moscow,1980,Basketball,Basketball,"PERAZIC, Jasmina",YUG,Women,basketball,W,Bronze
Moscow,1980,Basketball,Basketball,"TONKOVIC, Marija",YUG,Women,basketball,W,Bronze
Moscow,1980,Basketball,Basketball,"BARISHEVA-KOROSTELEVA, Olga",URS,Women,basketball,W,Gold
Moscow,1980,Basketball,Basketball,"BESSELENE, Vida",URS,Women,basketball,W,Gold
Moscow,1980,Basketball,Basketball,"FERYABNIKOVA, Nelli",URS,Women,basketball,W,Gold
Moscow,1980,Basketball,Basketball,"IVINSKAIA, Tatiana",URS,Women,basketball,W,Gold
Moscow,1980,Basketball,Basketball,"OVECHKINA, Tatiana",URS,Women,basketball,W,Gold
Moscow,1980,Basketball,Basketball,"ROGOZHINA, Liudmila",URS,Women,basketball,W,Gold
Moscow,1980,Basketball,Basketball,"RUPSHENE, Angelia",URS,Women,basketball,W,Gold
Moscow,1980,Basketball,Basketball,"SEMENOVA, Iuliana",URS,Women,basketball,W,Gold
Moscow,1980,Basketball,Basketball,"SHARMAI, Liubov",URS,Women,basketball,W,Gold
Moscow,1980,Basketball,Basketball,"SHUVAEVA-OLKHOVA, Nadezhda",URS,Women,basketball,W,Gold
Moscow,1980,Basketball,Basketball,"SUKHARNOVA, Olga",URS,Women,basketball,W,Gold
Moscow,1980,Basketball,Basketball,"ZAKHAROVA-NADIROVA, Tatiana",URS,Women,basketball,W,Gold
Moscow,1980,Basketball,Basketball,"BOGDANOVA, Krasimira",BUL,Women,basketball,W,Silver
Moscow,1980,Basketball,Basketball,"BRAINOVA, Diana",BUL,Women,basketball,W,Silver
Moscow,1980,Basketball,Basketball,"DERMENDJIEVA, Vania",BUL,Women,basketball,W,Silver
Moscow,1980,Basketball,Basketball,"GERMANOVA, Silvia",BUL,Women,basketball,W,Silver
Moscow,1980,Basketball,Basketball,"GOLTCHEVA, Nadka",BUL,Women,basketball,W,Silver
Moscow,1980,Basketball,Basketball,"MAKAVEEVA, Petkana",BUL,Women,basketball,W,Silver
Moscow,1980,Basketball,Basketball,"METODIEVA, Penka",BUL,Women,basketball,W,Silver
Moscow,1980,Basketball,Basketball,"MIKHAILOVA, Angelina",BUL,Women,basketball,W,Silver
Moscow,1980,Basketball,Basketball,"MIKHAILOVA, Snezhana",BUL,Women,basketball,W,Silver
Moscow,1980,Basketball,Basketball,"RADKOVA, Kostadinka",BUL,Women,basketball,W,Silver
Moscow,1980,Basketball,Basketball,"SLAVTCHEVA-STEFANOVA, Evladia",BUL,Women,basketball,W,Silver
Moscow,1980,Basketball,Basketball,"STOYANOVA, Penka",BUL,Women,basketball,W,Silver
Moscow,1980,Boxing,Boxing,"LI, Byong Uk",PRK,Men,- 48kg (light-flyweight),M,Bronze
Moscow,1980,Boxing,Boxing,"MUSTAFOV, Ismail",BUL,Men,- 48kg (light-flyweight),M,Bronze
Moscow,1980,Boxing,Boxing,"SABIROV, Shamil",URS,Men,- 48kg (light-flyweight),M,Gold
Moscow,1980,Boxing,Boxing,"RAMOS, Hipolito",CUB,Men,- 48kg (light-flyweight),M,Silver
Moscow,1980,Boxing,Boxing,"FANGHÄNEL, Jürgen",GDR,Men,+ 81kg (heavyweight),M,Bronze
Moscow,1980,Boxing,Boxing,"LEVAI, Istvan",HUN,Men,+ 81kg (heavyweight),M,Bronze
Moscow,1980,Boxing,Boxing,"STEVENSON, Teofilo",CUB,Men,+ 81kg (heavyweight),M,Gold
Moscow,1980,Boxing,Boxing,"ZAEV, Piotr",URS,Men,+ 81kg (heavyweight),M,Silver
Moscow,1980,Boxing,Boxing,"RUSSELL, Hugh",IRL,Men,48 - 51kg (flyweight),M,Bronze
Moscow,1980,Boxing,Boxing,"VARADI, Janos",HUN,Men,48 - 51kg (flyweight),M,Bronze
Moscow,1980,Boxing,Boxing,"LESOV, Petr",BUL,Men,48 - 51kg (flyweight),M,Gold
Moscow,1980,Boxing,Boxing,"MIROSHNICHENKO, Viktor",URS,Men,48 - 51kg (flyweight),M,Silver
Moscow,1980,Boxing,Boxing,"ANTHONY, Michael",GUY,Men,51 - 54kg (bantamweight),M,Bronze
Moscow,1980,Boxing,Boxing,"CIPERE, Dumitru",ROU,Men,51 - 54kg (bantamweight),M,Bronze
Moscow,1980,Boxing,Boxing,"HERNANDEZ, Juan",CUB,Men,51 - 54kg (bantamweight),M,Gold
Moscow,1980,Boxing,Boxing,"PINANGO, Bernardo Jose",VEN,Men,51 - 54kg (bantamweight),M,Silver
Moscow,1980,Boxing,Boxing,"KOSEDOWSKI, Krzysztof",POL,Men,54 - 57kg (featherweight),M,Bronze
Moscow,1980,Boxing,Boxing,"RYBAKOV, Viktor",URS,Men,54 - 57kg (featherweight),M,Bronze
Moscow,1980,Boxing,Boxing,"FINK, Rudi",GDR,Men,54 - 57kg (featherweight),M,Gold
Moscow,1980,Boxing,Boxing,"HORTA, Adolfo",CUB,Men,54 - 57kg (featherweight),M,Silver
Moscow,1980,Boxing,Boxing,"ADACH, Kazimierz",POL,Men,57 - 60kg (lightweight),M,Bronze
Moscow,1980,Boxing,Boxing,"NOWAKOWSKI, Richard",GDR,Men,57 - 60kg (lightweight),M,Bronze
Moscow,1980,Boxing,Boxing,"HERRERA VERA, Angel",CUB,Men,57 - 60kg (lightweight),M,Gold
Moscow,1980,Boxing,Boxing,"DEMIANENKO, Viktor",URS,Men,57 - 60kg (lightweight),M,Silver
Moscow,1980,Boxing,Boxing,"AGUILAR, Jose",CUB,Men,60 - 63.5kg (light-welterweight),M,Bronze
Moscow,1980,Boxing,Boxing,"WILLIS, Anthony",GBR,Men,60 - 63.5kg (light-welterweight),M,Bronze
Moscow,1980,Boxing,Boxing,"OLIVA, Patrizio",ITA,Men,60 - 63.5kg (light-welterweight),M,Gold
Moscow,1980,Boxing,Boxing,"KONAKBAEV, Serik",URS,Men,60 - 63.5kg (light-welterweight),M,Silver
Moscow,1980,Boxing,Boxing,"KRÜGER, Karl-Heinz",GDR,Men,63.5 - 67kg (welterweight),M,Bronze
Moscow,1980,Boxing,Boxing,"SZCZERBA, Kazimierz",POL,Men,63.5 - 67kg (welterweight),M,Bronze
Moscow,1980,Boxing,Boxing,"ALDAMA CABRERA, Andres",CUB,Men,63.5 - 67kg (welterweight),M,Gold
Moscow,1980,Boxing,Boxing,"MUGABI, John",UGA,Men,63.5 - 67kg (welterweight),M,Silver
Moscow,1980,Boxing,Boxing,"FRANEK, Jan",TCH,Men,67 - 71kg (light-middleweight),M,Bronze
Moscow,1980,Boxing,Boxing,"KÄSTNER, Detlef",GDR,Men,67 - 71kg (light-middleweight),M,Bronze
Moscow,1980,Boxing,Boxing,"MARTINEZ, Armando",CUB,Men,67 - 71kg (light-middleweight),M,Gold
Moscow,1980,Boxing,Boxing,"KOSHKIN, Aleksandr",URS,Men,67 - 71kg (light-middleweight),M,Silver
Moscow,1980,Boxing,Boxing,"RYBICKI, Jerzy",POL,Men,71-75kg,M,Bronze
Moscow,1980,Boxing,Boxing,"SILAGHI, Valentin",ROU,Men,71-75kg,M,Bronze
Moscow,1980,Boxing,Boxing,"GOMEZ, Jose",CUB,Men,71-75kg,M,Gold
Moscow,1980,Boxing,Boxing,"SAVCHENKO, Viktor",URS,Men,71-75kg,M,Silver
Moscow,1980,Boxing,Boxing,"BAUCH, Herbert",GDR,Men,75 - 81kg (light-heavyweight),M,Bronze
Moscow,1980,Boxing,Boxing,"ROJAS, Ricardo",CUB,Men,75 - 81kg (light-heavyweight),M,Bronze
Moscow,1980,Boxing,Boxing,"KACAR, Slobodan",YUG,Men,75 - 81kg (light-heavyweight),M,Gold
Moscow,1980,Boxing,Boxing,"SKRZECZ, Pawel",POL,Men,75 - 81kg (light-heavyweight),M,Silver
Moscow,1980,Canoe / Kayak,Canoe / Kayak F,"LEUE, Eckhard",GDR,Men,C-1 1000m (canoe single),M,Bronze
Moscow,1980,Canoe / Kayak,Canoe / Kayak F,"LIUBENOV, Liubomir",BUL,Men,C-1 1000m (canoe single),M,Gold
Moscow,1980,Canoe / Kayak,Canoe / Kayak F,"POSTREKHIN, Sergei",URS,Men,C-1 1000m (canoe single),M,Silver
Moscow,1980,Canoe / Kayak,Canoe / Kayak F,"HEUKRODT, Olaf",GDR,Men,C-1 500m (canoe single),M,Bronze
Moscow,1980,Canoe / Kayak,Canoe / Kayak F,"POSTREKHIN, Sergei",URS,Men,C-1 500m (canoe single),M,Gold
Moscow,1980,Canoe / Kayak,Canoe / Kayak F,"LIUBENOV, Liubomir",BUL,Men,C-1 500m (canoe single),M,Silver
Moscow,1980,Canoe / Kayak,Canoe / Kayak F,"LOBANOV, Yuri",URS,Men,C-2 1000m (canoe double),M,Bronze
Moscow,1980,Canoe / Kayak,Canoe / Kayak F,"YURCHENKO, Vasili",URS,Men,C-2 1000m (canoe double),M,Bronze
Moscow,1980,Canoe / Kayak,Canoe / Kayak F,"PATZAICHIN, Ivan",ROU,Men,C-2 1000m (canoe double),M,Gold
Moscow,1980,Canoe / Kayak,Canoe / Kayak F,"SIMIONOV, Toma",ROU,Men,C-2 1000m (canoe double),M,Gold
Moscow,1980,Canoe / Kayak,Canoe / Kayak F,"HEUKRODT, Olaf",GDR,Men,C-2 1000m (canoe double),M,Silver
Moscow,1980,Canoe / Kayak,Canoe / Kayak F,"MADEJA, Uwe",GDR,Men,C-2 1000m (canoe double),M,Silver
Moscow,1980,Canoe / Kayak,Canoe / Kayak F,"ANANIEV, Borislav",BUL,Men,C-2 500m (canoe double),M,Bronze
Moscow,1980,Canoe / Kayak,Canoe / Kayak F,"ILKOV, Nikolai",BUL,Men,C-2 500m (canoe double),M,Bronze
Moscow,1980,Canoe / Kayak,Canoe / Kayak F,"FOLTAN, Laszlo",HUN,Men,C-2 500m (canoe double),M,Gold
Moscow,1980,Canoe / Kayak,Canoe / Kayak F,"VASKUTI, Istvan",HUN,Men,C-2 500m (canoe double),M,Gold
Moscow,1980,Canoe / Kayak,Canoe / Kayak F,"CAPUSTA, Petre",ROU,Men,C-2 500m (canoe double),M,Silver
Moscow,1980,Canoe / Kayak,Canoe / Kayak F,"PATZAICHIN, Ivan",ROU,Men,C-2 500m (canoe double),M,Silver
Moscow,1980,Canoe / Kayak,Canoe / Kayak F,"BIRLADEANU, Ion",ROU,Men,K-1 1000m (kayak single),M,Bronze
Moscow,1980,Canoe / Kayak,Canoe / Kayak F,"HELM, Rüdiger",GDR,Men,K-1 1000m (kayak single),M,Gold
Moscow,1980,Canoe / Kayak,Canoe / Kayak F,"LEBAS, Alain",FRA,Men,K-1 1000m (kayak single),M,Silver
Moscow,1980,Canoe / Kayak,Canoe / Kayak F,"DIBA, Vasile",ROU,Men,K-1 500m (kayak single),M,Bronze
Moscow,1980,Canoe / Kayak,Canoe / Kayak F,"PARFENOVICH, Vladimir",URS,Men,K-1 500m (kayak single),M,Gold
Moscow,1980,Canoe / Kayak,Canoe / Kayak F,"SUMEGI, John",AUS,Men,K-1 500m (kayak single),M,Silver
Moscow,1980,Canoe / Kayak,Canoe / Kayak F,"MELNIKOVA, Antonina",URS,Women,K-1 500m (kayak single),W,Bronze
Moscow,1980,Canoe / Kayak,Canoe / Kayak F,"FISCHER, Birgit",GDR,Women,K-1 500m (kayak single),W,Gold
Moscow,1980,Canoe / Kayak,Canoe / Kayak F,"GESHEVA, Vania",BUL,Women,K-1 500m (kayak single),W,Silver
Moscow,1980,Canoe / Kayak,Canoe / Kayak F,"MENENDEZ RODRIGUEZ, Herminio",ESP,Men,K-2 1000m (kayak double),M,Bronze
Moscow,1980,Canoe / Kayak,Canoe / Kayak F,"RAMOS MISIONE, Luis Gregorio",ESP,Men,K-2 1000m (kayak double),M,Bronze
Moscow,1980,Canoe / Kayak,Canoe / Kayak F,"CHUKHRAI, Sergei",URS,Men,K-2 1000m (kayak double),M,Gold
Moscow,1980,Canoe / Kayak,Canoe / Kayak F,"PARFENOVICH, Vladimir",URS,Men,K-2 1000m (kayak double),M,Gold
Moscow,1980,Canoe / Kayak,Canoe / Kayak F,"JOOS, Istvan",HUN,Men,K-2 1000m (kayak double),M,Silver
Moscow,1980,Canoe / Kayak,Canoe / Kayak F,"SZABO, Istvan",HUN,Men,K-2 1000m (kayak double),M,Silver
Moscow,1980,Canoe / Kayak,Canoe / Kayak F,"HELM, Rüdiger",GDR,Men,K-2 500m (kayak double),M,Bronze
Moscow,1980,Canoe / Kayak,Canoe / Kayak F,"OLBRICHT, Bernd",GDR,Men,K-2 500m (kayak double),M,Bronze
Moscow,1980,Canoe / Kayak,Canoe / Kayak F,"CHUKHRAI, Sergei",URS,Men,K-2 500m (kayak double),M,Gold
Moscow,1980,Canoe / Kayak,Canoe / Kayak F,"PARFENOVICH, Vladimir",URS,Men,K-2 500m (kayak double),M,Gold
Moscow,1980,Canoe / Kayak,Canoe / Kayak F,"DEL RIEGO GORDON, Guillermo",ESP,Men,K-2 500m (kayak double),M,Silver
Moscow,1980,Canoe / Kayak,Canoe / Kayak F,"MENENDEZ RODRIGUEZ, Herminio",ESP,Men,K-2 500m (kayak double),M,Silver
Moscow,1980,Canoe / Kayak,Canoe / Kayak F,"RAKUSZ, Eva",HUN,Women,K-2 500m (kayak double),W,Bronze
Moscow,1980,Canoe / Kayak,Canoe / Kayak F,"ZAKARIAS, Maria",HUN,Women,K-2 500m (kayak double),W,Bronze
Moscow,1980,Canoe / Kayak,Canoe / Kayak F,"BISCHOF, Martina",GDR,Women,K-2 500m (kayak double),W,Gold
Moscow,1980,Canoe / Kayak,Canoe / Kayak F,"GENÄUSS, Carsta",GDR,Women,K-2 500m (kayak double),W,Gold
Moscow,1980,Canoe / Kayak,Canoe / Kayak F,"GOPOVA-TROFIMOVA, Nina",URS,Women,K-2 500m (kayak double),W,Silver
Moscow,1980,Canoe / Kayak,Canoe / Kayak F,"KREFT-ALEKSEEVA, Galina",URS,Women,K-2 500m (kayak double),W,Silver
Moscow,1980,Canoe / Kayak,Canoe / Kayak F,"BORISOV, Borislav",BUL,Men,K-4 1000m (kayak four),M,Bronze
Moscow,1980,Canoe / Kayak,Canoe / Kayak F,"KHRISTOV, Lazar",BUL,Men,K-4 1000m (kayak four),M,Bronze
Moscow,1980,Canoe / Kayak,Canoe / Kayak F,"MANEV, Ivan",BUL,Men,K-4 1000m (kayak four),M,Bronze
Moscow,1980,Canoe / Kayak,Canoe / Kayak F,"MILENKOV, Bojiar",BUL,Men,K-4 1000m (kayak four),M,Bronze
Moscow,1980,Canoe / Kayak,Canoe / Kayak F,"DUVIGNEAU, Bernd",GDR,Men,K-4 1000m (kayak four),M,Gold
Moscow,1980,Canoe / Kayak,Canoe / Kayak F,"HELM, Rüdiger",GDR,Men,K-4 1000m (kayak four),M,Gold
Moscow,1980,Canoe / Kayak,Canoe / Kayak F,"MARG, Harald",GDR,Men,K-4 1000m (kayak four),M,Gold
Moscow,1980,Canoe / Kayak,Canoe / Kayak F,"OLBRICHT, Bernd",GDR,Men,K-4 1000m (kayak four),M,Gold
Moscow,1980,Canoe / Kayak,Canoe / Kayak F,"DIBA, Vasile",ROU,Men,K-4 1000m (kayak four),M,Silver
Moscow,1980,Canoe / Kayak,Canoe / Kayak F,"ESEANU, Nicusor",ROU,Men,K-4 1000m (kayak four),M,Silver
Moscow,1980,Canoe / Kayak,Canoe / Kayak F,"GEANTA, Ion",ROU,Men,K-4 1000m (kayak four),M,Silver
Moscow,1980,Canoe / Kayak,Canoe / Kayak F,"ZAFIU, Mihai",ROU,Men,K-4 1000m (kayak four),M,Silver
Moscow,1980,Cycling,Cycling Road,"BARINOV, Yuri",URS,Men,individual road race,M,Bronze
Moscow,1980,Cycling,Cycling Road,"SUKHORUCHENKOV, Sergei",URS,Men,individual road race,M,Gold
Moscow,1980,Cycling,Cycling Road,"LANG, Stanislaw",POL,Men,individual road race,M,Silver
Moscow,1980,Cycling,Cycling Road,"KLASA, Michal",TCH,Men,team time trial,M,Bronze
Moscow,1980,Cycling,Cycling Road,"KONECNY, Vlastibor",TCH,Men,team time trial,M,Bronze
Moscow,1980,Cycling,Cycling Road,"KOSTADINOV, Alipi",TCH,Men,team time trial,M,Bronze
Moscow,1980,Cycling,Cycling Road,"SKODA, Jiri",TCH,Men,team time trial,M,Bronze
Moscow,1980,Cycling,Cycling Road,"KASHIRIN, Yuri",URS,Men,team time trial,M,Gold
Moscow,1980,Cycling,Cycling Road,"LOGVIN, Oleg",URS,Men,team time trial,M,Gold
Moscow,1980,Cycling,Cycling Road,"SHELPAKOV, Sergei",URS,Men,team time trial,M,Gold
Moscow,1980,Cycling,Cycling Road,"YARKIN, Anatoli",URS,Men,team time trial,M,Gold
Moscow,1980,Cycling,Cycling Road,"BODEN, Falk",GDR,Men,team time trial,M,Silver
Moscow,1980,Cycling,Cycling Road,"DROGAN, Bernd",GDR,Men,team time trial,M,Silver
Moscow,1980,Cycling,Cycling Road,"HARTNICK, Hans-Joachim",GDR,Men,team time trial,M,Silver
Moscow,1980,Cycling,Cycling Road,"LUDWIG, Olaf",GDR,Men,team time trial,M,Silver
Moscow,1980,Cycling,Cycling Track,"WELLER, David",JAM,Men,1km time trial,M,Bronze
Moscow,1980,Cycling,Cycling Track,"THOMS, Lothar",GDR,Men,1km time trial,M,Gold
Moscow,1980,Cycling,Cycling Track,"PANFILOV, Aleksandr",URS,Men,1km time trial,M,Silver
Moscow,1980,Cycling,Cycling Track,"ÖRSTED, Hans-Henrik",DEN,Men,Individual Pursuit,M,Bronze
Moscow,1980,Cycling,Cycling Track,"DILL-BUNDI, Robert",SUI,Men,Individual Pursuit,M,Gold
Moscow,1980,Cycling,Cycling Track,"BONDUE, Alain",FRA,Men,Individual Pursuit,M,Silver
Moscow,1980,Cycling,Cycling Track,"KOPYLOV, Sergei",URS,Men,Sprint indivual,M,Bronze
Moscow,1980,Cycling,Cycling Track,"HESSLICH, Lutz",GDR,Men,Sprint indivual,M,Gold
Moscow,1980,Cycling,Cycling Track,"CAHARD, Yave",FRA,Men,Sprint indivual,M,Silver
Moscow,1980,Cycling,Cycling Track,"CERNY, Teodor",TCH,Men,Team Pursuit (4000m),M,Bronze
Moscow,1980,Cycling,Cycling Track,"PENC, Martin",TCH,Men,Team Pursuit (4000m),M,Bronze
Moscow,1980,Cycling,Cycling Track,"POKORNY, Jiri",TCH,Men,Team Pursuit (4000m),M,Bronze
Moscow,1980,Cycling,Cycling Track,"SLAMA, Igor",TCH,Men,Team Pursuit (4000m),M,Bronze
Moscow,1980,Cycling,Cycling Track,"MANAKOV, Viktor",URS,Men,Team Pursuit (4000m),M,Gold
Moscow,1980,Cycling,Cycling Track,"MOVCHAN, Valeri",URS,Men,Team Pursuit (4000m),M,Gold
Moscow,1980,Cycling,Cycling Track,"OSOKIN, Vladimir",URS,Men,Team Pursuit (4000m),M,Gold
Moscow,1980,Cycling,Cycling Track,"PETRAKOV, Vitali",URS,Men,Team Pursuit (4000m),M,Gold
Moscow,1980,Cycling,Cycling Track,"MORTAG, Gerald",GDR,Men,Team Pursuit (4000m),M,Silver
Moscow,1980,Cycling,Cycling Track,"UNTERWALDER, Uwe",GDR,Men,Team Pursuit (4000m),M,Silver
Moscow,1980,Cycling,Cycling Track,"WIEGAND, Matthias",GDR,Men,Team Pursuit (4000m),M,Silver
Moscow,1980,Cycling,Cycling Track,"WINKLER, Volker",GDR,Men,Team Pursuit (4000m),M,Silver
Moscow,1980,Equestrian,Dressage,"UGRYUMOV, Viktor",URS,Men,individual,X,Bronze
Moscow,1980,Equestrian,Dressage,IGROK,URS,Men,individual,X,Silver
Moscow,1980,Equestrian,Dressage,"KOVSHOV, Yuri",URS,Men,individual,X,Silver
Moscow,1980,Equestrian,Dressage,"THEURER-MAX, Elisabeth",AUT,Women,individual,X,Gold
Moscow,1980,Equestrian,Dressage,DECEBAL,ROU,Men,team,X,Bronze
Moscow,1980,Equestrian,Dressage,DERBIST,ROU,Men,team,X,Bronze
Moscow,1980,Equestrian,Dressage,"DONESCU, Anghelache",ROU,Men,team,X,Bronze
Moscow,1980,Equestrian,Dressage,"ROSCA, Petre",ROU,Men,team,X,Bronze
Moscow,1980,Equestrian,Dressage,"VELIKU, Dumitru",ROU,Men,team,X,Bronze
Moscow,1980,Equestrian,Dressage,IGROK,URS,Men,team,X,Gold
Moscow,1980,Equestrian,Dressage,"KOVSHOV, Yuri",URS,Men,team,X,Gold
Moscow,1980,Equestrian,Dressage,PLOT,URS,Men,team,X,Gold
Moscow,1980,Equestrian,Dressage,"UGRYUMOV, Viktor",URS,Men,team,X,Gold
Moscow,1980,Equestrian,Dressage,ALEKO,BUL,Men,team,X,Silver
Moscow,1980,Equestrian,Dressage,"GADZHEV, Georgi",BUL,Men,team,X,Silver
Moscow,1980,Equestrian,Dressage,"IVANOV, Svetoslav",BUL,Men,team,X,Silver
Moscow,1980,Equestrian,Dressage,"MANDADZHIEV, Petr",BUL,Men,team,X,Silver
Moscow,1980,Equestrian,Dressage,SCHIBOR,BUL,Men,team,X,Silver
Moscow,1980,Equestrian,Dressage,"MISEVICH, Vera",URS,Women,team,X,Gold
Moscow,1980,Equestrian,Eventing,PINTSET,URS,Men,individual,X,Bronze
Moscow,1980,Equestrian,Eventing,"SALNIKOV, Yuri",URS,Men,individual,X,Bronze
Moscow,1980,Equestrian,Eventing,"ROMAN, Federico Euro",ITA,Men,individual,X,Gold
Moscow,1980,Equestrian,Eventing,"BLINOV, Aleksandr",URS,Men,individual,X,Silver
Moscow,1980,Equestrian,Eventing,GALZUN,URS,Men,individual,X,Silver
Moscow,1980,Equestrian,Eventing,"BARCENA RIOS, David",MEX,Men,team,X,Bronze
Moscow,1980,Equestrian,Eventing,"MENDIVIL YOCUPICIO, Manuel",MEX,Men,team,X,Bronze
Moscow,1980,Equestrian,Eventing,"PEREZ SOTO, Soto Jose Luis",MEX,Men,team,X,Bronze
Moscow,1980,Equestrian,Eventing,"VAZQUEZ, Fabian",MEX,Men,team,X,Bronze
Moscow,1980,Equestrian,Eventing,"BLINOV, Aleksandr",URS,Men,team,X,Gold
Moscow,1980,Equestrian,Eventing,GALZUN,URS,Men,team,X,Gold
Moscow,1980,Equestrian,Eventing,GELESPONT,URS,Men,team,X,Gold
Moscow,1980,Equestrian,Eventing,PINTSET,URS,Men,team,X,Gold
Moscow,1980,Equestrian,Eventing,"ROGOZHIN, Sergei",URS,Men,team,X,Gold
Moscow,1980,Equestrian,Eventing,"SALNIKOV, Yuri",URS,Men,team,X,Gold
Moscow,1980,Equestrian,Eventing,TSKHETI,URS,Men,team,X,Gold
Moscow,1980,Equestrian,Eventing,"VOLKOV, Valeri",URS,Men,team,X,Gold
Moscow,1980,Equestrian,Eventing,"ROMAN, Federico Euro",ITA,Men,team,X,Silver
Moscow,1980,Equestrian,Eventing,"ROMAN, Mauro",ITA,Men,team,X,Silver
Moscow,1980,Equestrian,Eventing,BOMBONA,MEX,Women,team,X,Bronze
Moscow,1980,Equestrian,Eventing,"CASAGRANDE, Anna",ITA,Women,team,X,Silver
Moscow,1980,Equestrian,Eventing,"SCIOCCHETTI, Marina",ITA,Women,team,X,Silver
Moscow,1980,Equestrian,Jumping,"PEREZ DE LA HERAS, Joaquin",MEX,Men,individual,X,Bronze
Moscow,1980,Equestrian,Jumping,"KOWALCZYK, Jan",POL,Men,individual,X,Gold
Moscow,1980,Equestrian,Jumping,ESPADRON,URS,Men,individual,X,Silver
Moscow,1980,Equestrian,Jumping,"KOROLKOV, Nikolai",URS,Men,individual,X,Silver
Moscow,1980,Equestrian,Jumping,"GOMEZ PORTUGAL, Jesus",MEX,Men,team,X,Bronze
Moscow,1980,Equestrian,Jumping,"PEREZ DE LA HERAS, Joaquin",MEX,Men,team,X,Bronze
Moscow,1980,Equestrian,Jumping,"TAZZER VALENCIA, Valencia Gerardo",MEX,Men,team,X,Bronze
Moscow,1980,Equestrian,Jumping,"VALDES LACARRA, Alberto",MEX,Men,team,X,Bronze
Moscow,1980,Equestrian,Jumping,"ASMAEV, Viktor",URS,Men,team,X,Gold
Moscow,1980,Equestrian,Jumping,"CHUKANOV, Viacheslav",URS,Men,team,X,Gold
Moscow,1980,Equestrian,Jumping,ESPADRON,URS,Men,team,X,Gold
Moscow,1980,Equestrian,Jumping,GEPATIT,URS,Men,team,X,Gold
Moscow,1980,Equestrian,Jumping,"KOROLKOV, Nikolai",URS,Men,team,X,Gold
Moscow,1980,Equestrian,Jumping,"POGANOVSKI, Viktor",URS,Men,team,X,Gold
Moscow,1980,Equestrian,Jumping,REIS,URS,Men,team,X,Gold
Moscow,1980,Equestrian,Jumping,TOPKI,URS,Men,team,X,Gold
Moscow,1980,Equestrian,Jumping,"BOBIK, Janusz",POL,Men,team,X,Silver
Moscow,1980,Equestrian,Jumping,"HARTMAN, Wieslaw",POL,Men,team,X,Silver
Moscow,1980,Equestrian,Jumping,"KOWALCZYK, Jan",POL,Men,team,X,Silver
Moscow,1980,Equestrian,Jumping,"KOZICKI, Marian",POL,Men,team,X,Silver
Moscow,1980,Equestrian,Jumping,LADY MIRKA,MEX,Women,team,X,Bronze
Moscow,1980,Fencing,Fencing,"RIBOUD, Philippe",FRA,Men,épée individual,M,Bronze
Moscow,1980,Fencing,Fencing,"HARMENBERG, Johan",SWE,Men,épée individual,M,Gold
Moscow,1980,Fencing,Fencing,"KOLSZONAY, Ernö",HUN,Men,épée individual,M,Silver
Moscow,1980,Fencing,Fencing,"ABUSHAKHMETOV, Aleksandr",URS,Men,épée team,M,Bronze
Moscow,1980,Fencing,Fencing,"KARAGIAN, Ashot",URS,Men,épée team,M,Bronze
Moscow,1980,Fencing,Fencing,"LUKOMSKY, Boris",URS,Men,épée team,M,Bronze
Moscow,1980,Fencing,Fencing,"MOZHAEV, Aleksandr",URS,Men,épée team,M,Bronze
Moscow,1980,Fencing,Fencing,"BOISSE, Philippe",FRA,Men,épée team,M,Gold
Moscow,1980,Fencing,Fencing,"GARDAS, Hubert",FRA,Men,épée team,M,Gold
Moscow,1980,Fencing,Fencing,"PICOT, Patrick",FRA,Men,épée team,M,Gold
Moscow,1980,Fencing,Fencing,"RIBOUD, Philippe",FRA,Men,épée team,M,Gold
Moscow,1980,Fencing,Fencing,"SALESSE, Michel",FRA,Men,épée team,M,Gold
Moscow,1980,Fencing,Fencing,"CHRONOWSKI, Ludomir",POL,Men,épée team,M,Silver
Moscow,1980,Fencing,Fencing,"JABLKOWSKI, Piotr",POL,Men,épée team,M,Silver
Moscow,1980,Fencing,Fencing,"LIS, Andrzej",POL,Men,épée team,M,Silver
Moscow,1980,Fencing,Fencing,"STRZALKA, Mariusz",POL,Men,épée team,M,Silver
Moscow,1980,Fencing,Fencing,"SWORNOWSKI, Leszek",POL,Men,épée team,M,Silver
Moscow,1980,Fencing,Fencing,"ROMANKOV, Aleksander",URS,Men,foil individual,M,Bronze
Moscow,1980,Fencing,Fencing,"SMIRNOV, Vladimir",URS,Men,foil individual,M,Gold
Moscow,1980,Fencing,Fencing,"JOLYOT, Pascal",FRA,Men,foil individual,M,Silver
Moscow,1980,Fencing,Fencing,"WYSOCZANSKA, Barbara",POL,Women,foil individual,W,Bronze
Moscow,1980,Fencing,Fencing,"TRINQUET-HACHIN, Pascale",FRA,Women,foil individual,W,Gold
Moscow,1980,Fencing,Fencing,"MAROS, Magda",HUN,Women,foil individual,W,Silver
Moscow,1980,Fencing,Fencing,"KOZIEJOWSKI, Lech",POL,Men,foil team,M,Bronze
Moscow,1980,Fencing,Fencing,"ROBAK, Adam",POL,Men,foil team,M,Bronze
Moscow,1980,Fencing,Fencing,"SYPNIEWSKI, Marian",POL,Men,foil team,M,Bronze
Moscow,1980,Fencing,Fencing,"ZYCH, Boguslaw",POL,Men,foil team,M,Bronze
Moscow,1980,Fencing,Fencing,"BONIN, Philippe",FRA,Men,foil team,M,Gold
Moscow,1980,Fencing,Fencing,"BOSCHERIE, Bruno",FRA,Men,foil team,M,Gold
Moscow,1980,Fencing,Fencing,"FLAMENT, Didier",FRA,Men,foil team,M,Gold
Moscow,1980,Fencing,Fencing,"JOLYOT, Pascal",FRA,Men,foil team,M,Gold
Moscow,1980,Fencing,Fencing,"PIETRUSZKA, Frederic",FRA,Men,foil team,M,Gold
Moscow,1980,Fencing,Fencing,"KARAGIAN, Ashot",URS,Men,foil team,M,Silver
Moscow,1980,Fencing,Fencing,"LAPITSKI, Vladimir",URS,Men,foil team,M,Silver
Moscow,1980,Fencing,Fencing,"ROMANKOV, Aleksander",URS,Men,foil team,M,Silver
Moscow,1980,Fencing,Fencing,"RUZIEV, Sabirzhan",URS,Men,foil team,M,Silver
Moscow,1980,Fencing,Fencing,"SMIRNOV, Vladimir",URS,Men,foil team,M,Silver
Moscow,1980,Fencing,Fencing,"KOVACS, Edit",HUN,Women,foil team,W,Bronze
Moscow,1980,Fencing,Fencing,"MAROS, Magda",HUN,Women,foil team,W,Bronze
Moscow,1980,Fencing,Fencing,"SCHWARCZENBERGER, Ildiko",HUN,Women,foil team,W,Bronze
Moscow,1980,Fencing,Fencing,"STEFANEK, Gertrud",HUN,Women,foil team,W,Bronze
Moscow,1980,Fencing,Fencing,"SZOCS, Zsuzsa",HUN,Women,foil team,W,Bronze
Moscow,1980,Fencing,Fencing,"BEGARD, Isabelle",FRA,Women,foil team,W,Gold
Moscow,1980,Fencing,Fencing,"BROUQUIER, Veronique",FRA,Women,foil team,W,Gold
Moscow,1980,Fencing,Fencing,"LATRILLE-GAUDIN, Brigitte",FRA,Women,foil team,W,Gold
Moscow,1980,Fencing,Fencing,"MUZIO, Christine",FRA,Women,foil team,W,Gold
Moscow,1980,Fencing,Fencing,"TRINQUET-HACHIN, Pascale",FRA,Women,foil team,W,Gold
Moscow,1980,Fencing,Fencing,"GILIAZOVA, Nailia",URS,Women,foil team,W,Silver
Moscow,1980,Fencing,Fencing,"NOVIKOVA-BELOVA, Elena",URS,Women,foil team,W,Silver
Moscow,1980,Fencing,Fencing,"SIDOROVA, Valentina",URS,Women,foil team,W,Silver
Moscow,1980,Fencing,Fencing,"TSAGARAEVA, Larisa",URS,Women,foil team,W,Silver
Moscow,1980,Fencing,Fencing,"USHAKOVA, Irina",URS,Women,foil team,W,Silver
Moscow,1980,Fencing,Fencing,"GEDOVARI, Imre",HUN,Men,sabre individual,M,Bronze
Moscow,1980,Fencing,Fencing,"KROVOPUSKOV, Viktor",URS,Men,sabre individual,M,Gold
Moscow,1980,Fencing,Fencing,"BURTSEV, Mikhail",URS,Men,sabre individual,M,Silver
Moscow,1980,Fencing,Fencing,"GEDOVARI, Imre",HUN,Men,sabre team,M,Bronze
Moscow,1980,Fencing,Fencing,"GEREVICH, Pal",HUN,Men,sabre team,M,Bronze
Moscow,1980,Fencing,Fencing,"HAMMANG, Ferenc",HUN,Men,sabre team,M,Bronze
Moscow,1980,Fencing,Fencing,"NEBALD, György",HUN,Men,sabre team,M,Bronze
Moscow,1980,Fencing,Fencing,"NEBALD, Rudolf",HUN,Men,sabre team,M,Bronze
Moscow,1980,Fencing,Fencing,"ALEKHIN, Nikolai",URS,Men,sabre team,M,Gold
Moscow,1980,Fencing,Fencing,"BURTSEV, Mikhail",URS,Men,sabre team,M,Gold
Moscow,1980,Fencing,Fencing,"KROVOPUSKOV, Viktor",URS,Men,sabre team,M,Gold
Moscow,1980,Fencing,Fencing,"NAZLYMOV, Vladimir",URS,Men,sabre team,M,Gold
Moscow,1980,Fencing,Fencing,"SIDYAK, Viktor",URS,Men,sabre team,M,Gold
Moscow,1980,Fencing,Fencing,"MAFFEI, Michele",ITA,Men,sabre team,M,Silver
Moscow,1980,Fencing,Fencing,"MEGLIO, Ferdinando",ITA,Men,sabre team,M,Silver
Moscow,1980,Fencing,Fencing,"MONTANO, Mario Aldo",ITA,Men,sabre team,M,Silver
Moscow,1980,Fencing,Fencing,"ROMANO, Marco",ITA,Men,sabre team,M,Silver
Moscow,1980,Fencing,Fencing,"SCALZO, Giovanni",ITA,Men,sabre team,M,Silver
Moscow,1980,Football,Football,"ANDREEV, Sergei",URS,Men,football,M,Bronze
Moscow,1980,Football,Football,"BALTACHA, Sergei",URS,Men,football,M,Bronze
Moscow,1980,Football,Football,"BESSONOV, Vladimir",URS,Men,football,M,Bronze
Moscow,1980,Football,Football,"CHELEBADZE, Revaz",URS,Men,football,M,Bronze
Moscow,1980,Football,Football,"CHERENKOV, Fiodor",URS,Men,football,M,Bronze
Moscow,1980,Football,Football,"CHIVADZE, Aleksandr",URS,Men,football,M,Bronze
Moscow,1980,Football,Football,"DASAEV, Rinat",URS,Men,football,M,Bronze
Moscow,1980,Football,Football,"GAVRILOV, Yuri",URS,Men,football,M,Bronze
Moscow,1980,Football,Football,"GAZZAEV, Valeri",URS,Men,football,M,Bronze
Moscow,1980,Football,Football,"KHIDIATULLIN, Vagiz",URS,Men,football,M,Bronze
Moscow,1980,Football,Football,"NIKULIN, Sergei",URS,Men,football,M,Bronze
Moscow,1980,Football,Football,"OGANESIAN, Khoren",URS,Men,football,M,Bronze
Moscow,1980,Football,Football,"PILGUI, Vladimir",URS,Men,football,M,Bronze
Moscow,1980,Football,Football,"PROKOPENKO, Aleksandr",URS,Men,football,M,Bronze
Moscow,1980,Football,Football,"ROMANTSEV, Oleg",URS,Men,football,M,Bronze
Moscow,1980,Football,Football,"SHAVLO, Sergei",URS,Men,football,M,Bronze
Moscow,1980,Football,Football,"SULAKVELIDZE, Tengiz",URS,Men,football,M,Bronze
Moscow,1980,Football,Football,"BERGER, Jan",TCH,Men,football,M,Gold
Moscow,1980,Football,Football,"KUNZO, Frantisek",TCH,Men,football,M,Gold
Moscow,1980,Football,Football,"LICKA, Werner",TCH,Men,football,M,Gold
Moscow,1980,Football,Football,"MACELA, Ludek",TCH,Men,football,M,Gold
Moscow,1980,Football,Football,"MAZURA, Josef",TCH,Men,football,M,Gold
Moscow,1980,Football,Football,"NEMEC, Petr",TCH,Men,football,M,Gold
Moscow,1980,Football,Football,"NETOLICHKA, Jaroslav",TCH,Men,football,M,Gold
Moscow,1980,Football,Football,"POKLUDA, Lubos",TCH,Men,football,M,Gold
Moscow,1980,Football,Football,"RADIMEC, Libor",TCH,Men,football,M,Gold
Moscow,1980,Football,Football,"ROTT, Oldrich",TCH,Men,football,M,Gold
Moscow,1980,Football,Football,"RYGEL, Zdenek",TCH,Men,football,M,Gold
Moscow,1980,Football,Football,"SEMAN, Stanislav",TCH,Men,football,M,Gold
Moscow,1980,Football,Football,"SREINER, Zdenek",TCH,Men,football,M,Gold
Moscow,1980,Football,Football,"STAMBACHR, Frantisek",TCH,Men,football,M,Gold
Moscow,1980,Football,Football,"SVOBODA, Jindrich",TCH,Men,football,M,Gold
Moscow,1980,Football,Football,"VACLAVICEK, Rostislav",TCH,Men,football,M,Gold
Moscow,1980,Football,Football,"VIZEK, Ladislav",TCH,Men,football,M,Gold
Moscow,1980,Football,Football,"BAHRINGER, Jurgen",GDR,Men,football,M,Silver
Moscow,1980,Football,Football,"BAUM, Frank",GDR,Men,football,M,Silver
Moscow,1980,Football,Football,"HOUSE, Lothar",GDR,Men,football,M,Silver
Moscow,1980,Football,Football,"JAKUBOWSKI, Bernd",GDR,Men,football,M,Silver
Moscow,1980,Football,Football,"KUHN, Dieter",GDR,Men,football,M,Silver
Moscow,1980,Football,Football,"LIEBERS, Matthias",GDR,Men,football,M,Silver
Moscow,1980,Football,Football,"MULLER, Matthias",GDR,Men,football,M,Silver
Moscow,1980,Football,Football,"NETZ, Wolf-Rudiger",GDR,Men,football,M,Silver
Moscow,1980,Football,Football,"PETER, Werner",GDR,Men,football,M,Silver
Moscow,1980,Football,Football,"RUDWALEIT, Bodo",GDR,Men,football,M,Silver
Moscow,1980,Football,Football,"SCHNUPHASE, Rudiger",GDR,Men,football,M,Silver
Moscow,1980,Football,Football,"STEINBACH, Wolfgang",GDR,Men,football,M,Silver
Moscow,1980,Football,Football,"TERLETZKI, Frank",GDR,Men,football,M,Silver
Moscow,1980,Football,Football,"TRAUTMANN, Andreas",GDR,Men,football,M,Silver
Moscow,1980,Football,Football,"TRIELOFF, Norbert",GDR,Men,football,M,Silver
Moscow,1980,Football,Football,"UHLIG, Frank",GDR,Men,football,M,Silver
Moscow,1980,Football,Football,"ULLRICH, Artur",GDR,Men,football,M,Silver
Moscow,1980,Gymnastics,Artistic G.,"SHAPOSHNIKOVA, Natalia",URS,Women,balance beam,W,Bronze
Moscow,1980,Gymnastics,Artistic G.,"COMANECI, Nadia",ROU,Women,balance beam,W,Gold
Moscow,1980,Gymnastics,Artistic G.,"DAVYDOVA, Elena",URS,Women,balance beam,W,Silver
Moscow,1980,Gymnastics,Artistic G.,"DITYATIN, Aleksandr",URS,Men,floor exercises,M,Bronze
Moscow,1980,Gymnastics,Artistic G.,"BRÜCKNER, Roland",GDR,Men,floor exercises,M,Gold
Moscow,1980,Gymnastics,Artistic G.,"ANDRIANOV, Nikolay",URS,Men,floor exercises,M,Silver
Moscow,1980,Gymnastics,Artistic G.,"GNAUCK, Maxi",GDR,Women,floor exercises,W,Bronze
Moscow,1980,Gymnastics,Artistic G.,"SHAPOSHNIKOVA, Natalia",URS,Women,floor exercises,W,Bronze
Moscow,1980,Gymnastics,Artistic G.,"COMANECI, Nadia",ROU,Women,floor exercises,W,Gold
Moscow,1980,Gymnastics,Artistic G.,"KIM, Nelli",URS,Women,floor exercises,W,Gold
Moscow,1980,Gymnastics,Artistic G.,"ANDRIANOV, Nikolay",URS,Men,horizontal bar,M,Bronze
Moscow,1980,Gymnastics,Artistic G.,"DELTCHEV, Stoyan",BUL,Men,horizontal bar,M,Gold
Moscow,1980,Gymnastics,Artistic G.,"DITYATIN, Aleksandr",URS,Men,horizontal bar,M,Silver
Moscow,1980,Gymnastics,Artistic G.,"DELTCHEV, Stoyan",BUL,Men,individual all-round,M,Bronze
Moscow,1980,Gymnastics,Artistic G.,"DITYATIN, Aleksandr",URS,Men,individual all-round,M,Gold
Moscow,1980,Gymnastics,Artistic G.,"ANDRIANOV, Nikolay",URS,Men,individual all-round,M,Silver
Moscow,1980,Gymnastics,Artistic G.,"DAVYDOVA, Elena",URS,Women,individual all-round,W,Gold
Moscow,1980,Gymnastics,Artistic G.,"COMANECI, Nadia",ROU,Women,individual all-round,W,Silver
Moscow,1980,Gymnastics,Artistic G.,"GNAUCK, Maxi",GDR,Women,individual all-round,W,Silver
Moscow,1980,Gymnastics,Artistic G.,"BRÜCKNER, Roland",GDR,Men,parallel bars,M,Bronze
Moscow,1980,Gymnastics,Artistic G.,"TKACHEV, Aleksandr",URS,Men,parallel bars,M,Gold
Moscow,1980,Gymnastics,Artistic G.,"DITYATIN, Aleksandr",URS,Men,parallel bars,M,Silver
Moscow,1980,Gymnastics,Artistic G.,"NIKOLAY, Michael",GDR,Men,pommel horse,M,Bronze
Moscow,1980,Gymnastics,Artistic G.,"MAGYAR, Zoltan",HUN,Men,pommel horse,M,Gold
Moscow,1980,Gymnastics,Artistic G.,"DITYATIN, Aleksandr",URS,Men,pommel horse,M,Silver
Moscow,1980,Gymnastics,Artistic G.,"TABAK, Jiri",TCH,Men,rings,M,Bronze
Moscow,1980,Gymnastics,Artistic G.,"DITYATIN, Aleksandr",URS,Men,rings,M,Gold
Moscow,1980,Gymnastics,Artistic G.,"TKACHEV, Aleksandr",URS,Men,rings,M,Silver
Moscow,1980,Gymnastics,Artistic G.,"DONATH, Ferenc",HUN,Men,team competition,M,Bronze
Moscow,1980,Gymnastics,Artistic G.,"GUCZOGHY, György",HUN,Men,team competition,M,Bronze
Moscow,1980,Gymnastics,Artistic G.,"KELEMEN, Zoltan",HUN,Men,team competition,M,Bronze
Moscow,1980,Gymnastics,Artistic G.,"KOVACS, Peter",HUN,Men,team competition,M,Bronze
Moscow,1980,Gymnastics,Artistic G.,"MAGYAR, Zoltan",HUN,Men,team competition,M,Bronze
Moscow,1980,Gymnastics,Artistic G.,"VAMOS, Istvan",HUN,Men,team competition,M,Bronze
Moscow,1980,Gymnastics,Artistic G.,"ANDRIANOV, Nikolay",URS,Men,team competition,M,Gold
Moscow,1980,Gymnastics,Artistic G.,"AZARIAN, Eduard",URS,Men,team competition,M,Gold
Moscow,1980,Gymnastics,Artistic G.,"DITYATIN, Aleksandr",URS,Men,team competition,M,Gold
Moscow,1980,Gymnastics,Artistic G.,"MAKUTS, Bogdan",URS,Men,team competition,M,Gold
Moscow,1980,Gymnastics,Artistic G.,"MARKELOV, Vladimir",URS,Men,team competition,M,Gold
Moscow,1980,Gymnastics,Artistic G.,"TKACHEV, Aleksandr",URS,Men,team competition,M,Gold
Moscow,1980,Gymnastics,Artistic G.,"BRONST, Andreas",GDR,Men,team competition,M,Silver
Moscow,1980,Gymnastics,Artistic G.,"BRÜCKNER, Roland",GDR,Men,team competition,M,Silver
Moscow,1980,Gymnastics,Artistic G.,"HEMMANN, Ralf-Peter",GDR,Men,team competition,M,Silver
Moscow,1980,Gymnastics,Artistic G.,"HOFFMANN, Lutz",GDR,Men,team competition,M,Silver
Moscow,1980,Gymnastics,Artistic G.,"MACK, Lutz",GDR,Men,team competition,M,Silver
Moscow,1980,Gymnastics,Artistic G.,"NIKOLAY, Michael",GDR,Men,team competition,M,Silver
Moscow,1980,Gymnastics,Artistic G.,"GNAUCK, Maxi",GDR,Women,team competition,W,Bronze
Moscow,1980,Gymnastics,Artistic G.,"HINDORFF, Silvia",GDR,Women,team competition,W,Bronze
Moscow,1980,Gymnastics,Artistic G.,"KRÄKER, Steffi",GDR,Women,team competition,W,Bronze
Moscow,1980,Gymnastics,Artistic G.,"RENSCH, Katharina",GDR,Women,team competition,W,Bronze
Moscow,1980,Gymnastics,Artistic G.,"SUBE, Karola",GDR,Women,team competition,W,Bronze
Moscow,1980,Gymnastics,Artistic G.,"SÜSS, Birgit",GDR,Women,team competition,W,Bronze
Moscow,1980,Gymnastics,Artistic G.,"DAVYDOVA, Elena",URS,Women,team competition,W,Gold
Moscow,1980,Gymnastics,Artistic G.,"FILATOVA, Maria",URS,Women,team competition,W,Gold
Moscow,1980,Gymnastics,Artistic G.,"KIM, Nelli",URS,Women,team competition,W,Gold
Moscow,1980,Gymnastics,Artistic G.,"NAIMUSHINA, Elena",URS,Women,team competition,W,Gold
Moscow,1980,Gymnastics,Artistic G.,"SHAPOSHNIKOVA, Natalia",URS,Women,team competition,W,Gold
Moscow,1980,Gymnastics,Artistic G.,"ZAKHAROVA, Stella",URS,Women,team competition,W,Gold
Moscow,1980,Gymnastics,Artistic G.,"COMANECI, Nadia",ROU,Women,team competition,W,Silver
Moscow,1980,Gymnastics,Artistic G.,"DUNKA, Rodica",ROU,Women,team competition,W,Silver
Moscow,1980,Gymnastics,Artistic G.,"EBERLE, Emilia",ROU,Women,team competition,W,Silver
Moscow,1980,Gymnastics,Artistic G.,"GRIGORAS, Cristina Elena",ROU,Women,team competition,W,Silver
Moscow,1980,Gymnastics,Artistic G.,"RÜHN, Melita",ROU,Women,team competition,W,Silver
Moscow,1980,Gymnastics,Artistic G.,"TURNER, Dumitrita",ROU,Women,team competition,W,Silver
Moscow,1980,Gymnastics,Artistic G.,"FILATOVA, Maria",URS,Women,uneven bars,W,Bronze
Moscow,1980,Gymnastics,Artistic G.,"KRÄKER, Steffi",GDR,Women,uneven bars,W,Bronze
Moscow,1980,Gymnastics,Artistic G.,"RÜHN, Melita",ROU,Women,uneven bars,W,Bronze
Moscow,1980,Gymnastics,Artistic G.,"GNAUCK, Maxi",GDR,Women,uneven bars,W,Gold
Moscow,1980,Gymnastics,Artistic G.,"EBERLE, Emilia",ROU,Women,uneven bars,W,Silver
Moscow,1980,Gymnastics,Artistic G.,"BRÜCKNER, Roland",GDR,Men,vault,M,Bronze
Moscow,1980,Gymnastics,Artistic G.,"ANDRIANOV, Nikolay",URS,Men,vault,M,Gold
Moscow,1980,Gymnastics,Artistic G.,"DITYATIN, Aleksandr",URS,Men,vault,M,Silver
Moscow,1980,Gymnastics,Artistic G.,"RÜHN, Melita",ROU,Women,vault,W,Bronze
Moscow,1980,Gymnastics,Artistic G.,"SHAPOSHNIKOVA, Natalia",URS,Women,vault,W,Gold
Moscow,1980,Gymnastics,Artistic G.,"KRÄKER, Steffi",GDR,Women,vault,W,Silver
Moscow,1980,Handball,Handball,"BIRTALAN, Stefan",ROU,Men,handball,M,Bronze
Moscow,1980,Handball,Handball,"BOROS, Iosif",ROU,Men,handball,M,Bronze
Moscow,1980,Handball,Handball,"COSMA, Adrian",ROU,Men,handball,M,Bronze
Moscow,1980,Handball,Handball,"DRAGANITA, Cezar",ROU,Men,handball,M,Bronze
Moscow,1980,Handball,Handball,"DUMITRU, Marian",ROU,Men,handball,M,Bronze
Moscow,1980,Handball,Handball,"DURAU, Cornel",ROU,Men,handball,M,Bronze
Moscow,1980,Handball,Handball,"FOLKER, Alexandru",ROU,Men,handball,M,Bronze
Moscow,1980,Handball,Handball,"IONESCU, Claudiu Eugen",ROU,Men,handball,M,Bronze
Moscow,1980,Handball,Handball,"MUNTEANU, Nicolae",ROU,Men,handball,M,Bronze
Moscow,1980,Handball,Handball,"STINGA, Vasile",ROU,Men,handball,M,Bronze
Moscow,1980,Handball,Handball,"VASILACHE, Lucian",ROU,Men,handball,M,Bronze
Moscow,1980,Handball,Handball,"VASILCA, Neculai",ROU,Men,handball,M,Bronze
Moscow,1980,Handball,Handball,"VOINEA, Maricel",ROU,Men,handball,M,Bronze
