Atlanta,1996,Volleyball,Volleyball,"BRDJOVIC, Dejan",YUG,Men,volleyball,M,Bronze
Atlanta,1996,Volleyball,Volleyball,"DJURIC, Djordje",YUG,Men,volleyball,M,Bronze
Atlanta,1996,Volleyball,Volleyball,"GERIC, Andrija",YUG,Men,volleyball,M,Bronze
Atlanta,1996,Volleyball,Volleyball,"GRBIC, Nikola",YUG,Men,volleyball,M,Bronze
Atlanta,1996,Volleyball,Volleyball,"GRBIC, Vladimir",YUG,Men,volleyball,M,Bronze
Atlanta,1996,Volleyball,Volleyball,"JOKANOVIC, Rajko",YUG,Men,volleyball,M,Bronze
Atlanta,1996,Volleyball,Volleyball,"KOVAC, Slobodan",YUG,Men,volleyball,M,Bronze
Atlanta,1996,Volleyball,Volleyball,"MESTER, Djula",YUG,Men,volleyball,M,Bronze
Atlanta,1996,Volleyball,Volleyball,"PETROVIC, Zarko",YUG,Men,volleyball,M,Bronze
Atlanta,1996,Volleyball,Volleyball,"TANASKOVIC, Zeljko",YUG,Men,volleyball,M,Bronze
Atlanta,1996,Volleyball,Volleyball,"VUJEVIC, Goran",YUG,Men,volleyball,M,Bronze
Atlanta,1996,Volleyball,Volleyball,"BLANGE, Peter",NED,Men,volleyball,M,Gold
Atlanta,1996,Volleyball,Volleyball,"GORTZEN, Guido",NED,Men,volleyball,M,Gold
Atlanta,1996,Volleyball,Volleyball,"GRABERT, Rob",NED,Men,volleyball,M,Gold
Atlanta,1996,Volleyball,Volleyball,"HELD, Henk-Jan",NED,Men,volleyball,M,Gold
Atlanta,1996,Volleyball,Volleyball,"LATUHIHIN, Misha",NED,Men,volleyball,M,Gold
Atlanta,1996,Volleyball,Volleyball,"POSTHUMA, Jan",NED,Men,volleyball,M,Gold
Atlanta,1996,Volleyball,Volleyball,"RODENBURG, Brecht",NED,Men,volleyball,M,Gold
Atlanta,1996,Volleyball,Volleyball,"SCHUIL, Richard",NED,Men,volleyball,M,Gold
Atlanta,1996,Volleyball,Volleyball,"VAN DE GOOR, Bas",NED,Men,volleyball,M,Gold
Atlanta,1996,Volleyball,Volleyball,"VAN DE GOOR, Mike",NED,Men,volleyball,M,Gold
Atlanta,1996,Volleyball,Volleyball,"VAN DER MEULEN, Olof",NED,Men,volleyball,M,Gold
Atlanta,1996,Volleyball,Volleyball,"ZWERVER, Ronald",NED,Men,volleyball,M,Gold
Atlanta,1996,Volleyball,Volleyball,"BERNARDI, Lorenzo",ITA,Men,volleyball,M,Silver
Atlanta,1996,Volleyball,Volleyball,"BOVOLENTA, Vigor",ITA,Men,volleyball,M,Silver
Atlanta,1996,Volleyball,Volleyball,"BRACCI, Marco",ITA,Men,volleyball,M,Silver
Atlanta,1996,Volleyball,Volleyball,"CANTAGALLI, Luca",ITA,Men,volleyball,M,Silver
Atlanta,1996,Volleyball,Volleyball,"GARDINI, Andrea",ITA,Men,volleyball,M,Silver
Atlanta,1996,Volleyball,Volleyball,"GIANI, Andrea",ITA,Men,volleyball,M,Silver
Atlanta,1996,Volleyball,Volleyball,"GRAVINA, Pasquale",ITA,Men,volleyball,M,Silver
Atlanta,1996,Volleyball,Volleyball,"MEONI, Marco",ITA,Men,volleyball,M,Silver
Atlanta,1996,Volleyball,Volleyball,"PAPI, Samuele",ITA,Men,volleyball,M,Silver
Atlanta,1996,Volleyball,Volleyball,"SARTORETTI, Andrea",ITA,Men,volleyball,M,Silver
Atlanta,1996,Volleyball,Volleyball,"TOFOLI, Paolo",ITA,Men,volleyball,M,Silver
Atlanta,1996,Volleyball,Volleyball,"ZORZI, Andrea",ITA,Men,volleyball,M,Silver
Atlanta,1996,Volleyball,Volleyball,"ALVARES, Ana Margarita",BRA,Women,volleyball,W,Bronze
Atlanta,1996,Volleyball,Volleyball,"BARROS, Leila",BRA,Women,volleyball,W,Bronze
Atlanta,1996,Volleyball,Volleyball,"BODZIAK, Ericleia ""Filo""",BRA,Women,volleyball,W,Bronze
Atlanta,1996,Volleyball,Volleyball,"CALDEIRA, Hilma Aparecida",BRA,Women,volleyball,W,Bronze
Atlanta,1996,Volleyball,Volleyball,"CONNELLY, Ana Paula",BRA,Women,volleyball,W,Bronze
Atlanta,1996,Volleyball,Volleyball,"CUNHA, Marcia Regina",BRA,Women,volleyball,W,Bronze
Atlanta,1996,Volleyball,Volleyball,"DIAS, Virna",BRA,Women,volleyball,W,Bronze
Atlanta,1996,Volleyball,Volleyball,"MOSER, Ana Beatriz",BRA,Women,volleyball,W,Bronze
Atlanta,1996,Volleyball,Volleyball,"SANGLARD, Ana Flavia",BRA,Women,volleyball,W,Bronze
Atlanta,1996,Volleyball,Volleyball,"SOUZA, Helia",BRA,Women,volleyball,W,Bronze
Atlanta,1996,Volleyball,Volleyball,"SURUAGY, Sandra",BRA,Women,volleyball,W,Bronze
Atlanta,1996,Volleyball,Volleyball,"VENTURINI, Fernanda",BRA,Women,volleyball,W,Bronze
Atlanta,1996,Volleyball,Volleyball,"AGUERO, Taimaris",CUB,Women,volleyball,W,Gold
Atlanta,1996,Volleyball,Volleyball,"BELL, Regla Maritza",CUB,Women,volleyball,W,Gold
Atlanta,1996,Volleyball,Volleyball,"CARVAJAL, Magaly Esther",CUB,Women,volleyball,W,Gold
Atlanta,1996,Volleyball,Volleyball,"COSTA, Marlenis",CUB,Women,volleyball,W,Gold
Atlanta,1996,Volleyball,Volleyball,"FERNANDEZ, Ana Ibis",CUB,Women,volleyball,W,Gold
Atlanta,1996,Volleyball,Volleyball,"FRANCIA, Mirka",CUB,Women,volleyball,W,Gold
Atlanta,1996,Volleyball,Volleyball,"GATO, Idalmis",CUB,Women,volleyball,W,Gold
Atlanta,1996,Volleyball,Volleyball,"IZQUIERDO, Lilia",CUB,Women,volleyball,W,Gold
Atlanta,1996,Volleyball,Volleyball,"LUIS, Alejandrina",CUB,Women,volleyball,W,Gold
Atlanta,1996,Volleyball,Volleyball,"O'FARRILL, Raisa",CUB,Women,volleyball,W,Gold
Atlanta,1996,Volleyball,Volleyball,"RUIZ, Yumilka",CUB,Women,volleyball,W,Gold
Atlanta,1996,Volleyball,Volleyball,"TORRES, Regla",CUB,Women,volleyball,W,Gold
Atlanta,1996,Volleyball,Volleyball,"CUI, Yong-Mei",CHN,Women,volleyball,W,Silver
Atlanta,1996,Volleyball,Volleyball,"HE, Qi",CHN,Women,volleyball,W,Silver
Atlanta,1996,Volleyball,Volleyball,"LAI, Yawen",CHN,Women,volleyball,W,Silver
Atlanta,1996,Volleyball,Volleyball,"LI, Yan",CHN,Women,volleyball,W,Silver
Atlanta,1996,Volleyball,Volleyball,"LIU, Xiaoning",CHN,Women,volleyball,W,Silver
Atlanta,1996,Volleyball,Volleyball,"PAN, Wenli",CHN,Women,volleyball,W,Silver
Atlanta,1996,Volleyball,Volleyball,"SUN, Yue",CHN,Women,volleyball,W,Silver
Atlanta,1996,Volleyball,Volleyball,"WANG, Lina",CHN,Women,volleyball,W,Silver
Atlanta,1996,Volleyball,Volleyball,"WANG, Yi",CHN,Women,volleyball,W,Silver
Atlanta,1996,Volleyball,Volleyball,"WANG, Ziling",CHN,Women,volleyball,W,Silver
Atlanta,1996,Volleyball,Volleyball,"WU, Yongmei",CHN,Women,volleyball,W,Silver
Atlanta,1996,Volleyball,Volleyball,"ZHU, Yunying",CHN,Women,volleyball,W,Silver
Atlanta,1996,Weightlifting,Weightlifting,"MINCHEV, Sevdalin",BUL,Men,"- 54kg, total (flyweight)",M,Bronze
Atlanta,1996,Weightlifting,Weightlifting,"MUTLU, Halil",TUR,Men,"- 54kg, total (flyweight)",M,Gold
Atlanta,1996,Weightlifting,Weightlifting,"ZHANG, Xiangsen",CHN,Men,"- 54kg, total (flyweight)",M,Silver
Atlanta,1996,Weightlifting,Weightlifting,"BOTEV, Stefan",AUS,Men,"+ 108kg, total (super heavyweight)",M,Bronze
Atlanta,1996,Weightlifting,Weightlifting,"CHEMERKIN, Andrey",RUS,Men,"+ 108kg, total (super heavyweight)",M,Gold
Atlanta,1996,Weightlifting,Weightlifting,"WELLER, Ronny",GER,Men,"+ 108kg, total (super heavyweight)",M,Silver
Atlanta,1996,Weightlifting,Weightlifting,"PECHALOV, Nikolay",BUL,Men,"54 - 59kg, total (bantamweight)",M,Bronze
Atlanta,1996,Weightlifting,Weightlifting,"TANG, Ningsheng",CHN,Men,"54 - 59kg, total (bantamweight)",M,Gold
Atlanta,1996,Weightlifting,Weightlifting,"SAMPANIS, Leonidas",GRE,Men,"54 - 59kg, total (bantamweight)",M,Silver
Atlanta,1996,Weightlifting,Weightlifting,"XIAO, Jiangang",CHN,Men,"59 - 64kg, total (featherweight)",M,Bronze
Atlanta,1996,Weightlifting,Weightlifting,"SULEYMANOGLU, Naim",TUR,Men,"59 - 64kg, total (featherweight)",M,Gold
Atlanta,1996,Weightlifting,Weightlifting,"LEONIDIS, Valerios",GRE,Men,"59 - 64kg, total (featherweight)",M,Silver
Atlanta,1996,Weightlifting,Weightlifting,"FERI, Attila",HUN,Men,"64 - 70kg, total (lightweight)",M,Bronze
Atlanta,1996,Weightlifting,Weightlifting,"ZHAN, Xugang",CHN,Men,"64 - 70kg, total (lightweight)",M,Gold
Atlanta,1996,Weightlifting,Weightlifting,"KIM, Myong Nam",PRK,Men,"64 - 70kg, total (lightweight)",M,Silver
Atlanta,1996,Weightlifting,Weightlifting,"JON, Chol Ho",PRK,Men,"70 - 76kg, total (middleweight)",M,Bronze
Atlanta,1996,Weightlifting,Weightlifting,"LARA, Pablo",CUB,Men,"70 - 76kg, total (middleweight)",M,Gold
Atlanta,1996,Weightlifting,Weightlifting,"YOTOV, Yoto Vassilev",BUL,Men,"70 - 76kg, total (middleweight)",M,Silver
Atlanta,1996,Weightlifting,Weightlifting,"COFALIK, Andrzej",POL,Men,"76 - 83kg, total (light-heavyweight)",M,Bronze
Atlanta,1996,Weightlifting,Weightlifting,"DIMAS, Pyrros",GRE,Men,"76 - 83kg, total (light-heavyweight)",M,Gold
Atlanta,1996,Weightlifting,Weightlifting,"HUSTER, Marc",GER,Men,"76 - 83kg, total (light-heavyweight)",M,Silver
Atlanta,1996,Weightlifting,Weightlifting,"CARUSO, Oliver",GER,Men,"83 - 91kg, total (middle-heavyweight)",M,Bronze
Atlanta,1996,Weightlifting,Weightlifting,"PETROV, Aleksey",RUS,Men,"83 - 91kg, total (middle-heavyweight)",M,Gold
Atlanta,1996,Weightlifting,Weightlifting,"KOKAS, Leonidas",GRE,Men,"83 - 91kg, total (middle-heavyweight)",M,Silver
Atlanta,1996,Weightlifting,Weightlifting,"HORDIYCHUK, Mykola",UKR,Men,"91 - 99kg, total (first-heavyweight)",M,Bronze
Atlanta,1996,Weightlifting,Weightlifting,"KAKIASVILIS, Akakios",GRE,Men,"91 - 99kg, total (first-heavyweight)",M,Gold
Atlanta,1996,Weightlifting,Weightlifting,"KHRAPATY, Anatoli",KAZ,Men,"91 - 99kg, total (first-heavyweight)",M,Silver
Atlanta,1996,Weightlifting,Weightlifting,"VLAD, Nicu",ROU,Men,"99 - 108kg, total (heavyweight)",M,Bronze
Atlanta,1996,Weightlifting,Weightlifting,"TAIMAZOV, Timour",UKR,Men,"99 - 108kg, total (heavyweight)",M,Gold
Atlanta,1996,Weightlifting,Weightlifting,"SYRTSOV, Serguei",RUS,Men,"99 - 108kg, total (heavyweight)",M,Silver
Atlanta,1996,Wrestling,Wrestling Free.,"VILA, Alexis",CUB,Men,- 48kg (light-flyweight),M,Bronze
Atlanta,1996,Wrestling,Wrestling Free.,"KIM, Il",PRK,Men,- 48kg (light-flyweight),M,Gold
Atlanta,1996,Wrestling,Wrestling Free.,"MKRCHYAN, Armen",ARM,Men,- 48kg (light-flyweight),M,Silver
Atlanta,1996,Wrestling,Wrestling Free.,"BAUMGARTNER, Bruce Robert",USA,Men,100 - 130kg (super heavyweight),M,Bronze
Atlanta,1996,Wrestling,Wrestling Free.,"DEMIR, Mahmut",TUR,Men,100 - 130kg (super heavyweight),M,Gold
Atlanta,1996,Wrestling,Wrestling Free.,"MEDVEDEV, Aleksey",BLR,Men,100 - 130kg (super heavyweight),M,Silver
Atlanta,1996,Wrestling,Wrestling Free.,"MAMYROV, Maulen",KAZ,Men,48 - 52kg (flyweight),M,Bronze
Atlanta,1996,Wrestling,Wrestling Free.,"DIMITROV, Valentin Yordanov",BUL,Men,48 - 52kg (flyweight),M,Gold
Atlanta,1996,Wrestling,Wrestling Free.,"ABDULLAYEV, Namig",AZE,Men,48 - 52kg (flyweight),M,Silver
Atlanta,1996,Wrestling,Wrestling Free.,"RI, Yong Sam",PRK,Men,52 - 57kg (bantamweight),M,Bronze
Atlanta,1996,Wrestling,Wrestling Free.,"CROSS, Kendall Duane",USA,Men,52 - 57kg (bantamweight),M,Gold
Atlanta,1996,Wrestling,Wrestling Free.,"SISSAOURI, Giuvi",CAN,Men,52 - 57kg (bantamweight),M,Silver
Atlanta,1996,Wrestling,Wrestling Free.,"TEDEYEV, Elbrus",UKR,Men,57 - 62kg (featherweight),M,Bronze
Atlanta,1996,Wrestling,Wrestling Free.,"BRANDS, Tom",USA,Men,57 - 62kg (featherweight),M,Gold
Atlanta,1996,Wrestling,Wrestling Free.,"JANG, Jae-Sung",KOR,Men,57 - 62kg (featherweight),M,Silver
Atlanta,1996,Wrestling,Wrestling Free.,"ZOZIROV, Zaza",UKR,Men,62 - 68kg (lightweight),M,Bronze
Atlanta,1996,Wrestling,Wrestling Free.,"BOGIYEV, Vadim",RUS,Men,62 - 68kg (lightweight),M,Gold
Atlanta,1996,Wrestling,Wrestling Free.,"SAUNDERS, Townsend",USA,Men,62 - 68kg (lightweight),M,Silver
Atlanta,1996,Wrestling,Wrestling Free.,"OTA, Takuya",JPN,Men,68 - 74kg (welterweight),M,Bronze
Atlanta,1996,Wrestling,Wrestling Free.,"SAYTIEV, Buvaysa",RUS,Men,68 - 74kg (welterweight),M,Gold
Atlanta,1996,Wrestling,Wrestling Free.,"PARK, Jang-Soon",KOR,Men,68 - 74kg (welterweight),M,Silver
Atlanta,1996,Wrestling,Wrestling Free.,"KHADEM AZGHADI, Amir Reza",IRI,Men,74 - 82kg (middleweight),M,Bronze
Atlanta,1996,Wrestling,Wrestling Free.,"MAGOMEDOV, Khadzhimurad",RUS,Men,74 - 82kg (middleweight),M,Gold
Atlanta,1996,Wrestling,Wrestling Free.,"YANG, Hyun-Mo",KOR,Men,74 - 82kg (middleweight),M,Silver
Atlanta,1996,Wrestling,Wrestling Free.,"KURTANIDZE, Eldari",GEO,Men,82 - 90kg (light-heavyweight),M,Bronze
Atlanta,1996,Wrestling,Wrestling Free.,"KHADEM AZGHADI, Rasul",IRI,Men,82 - 90kg (light-heavyweight),M,Gold
Atlanta,1996,Wrestling,Wrestling Free.,"KHADARTSEV, Makharbek",RUS,Men,82 - 90kg (light-heavyweight),M,Silver
Atlanta,1996,Wrestling,Wrestling Free.,"SABEJEW, Arawat",GER,Men,90 - 100kg (heavyweight),M,Bronze
Atlanta,1996,Wrestling,Wrestling Free.,"ANGLE, Kurt",USA,Men,90 - 100kg (heavyweight),M,Gold
Atlanta,1996,Wrestling,Wrestling Free.,"JADIDI, Abbas",IRI,Men,90 - 100kg (heavyweight),M,Silver
Atlanta,1996,Wrestling,Wrestling Gre-R,"GULYOV, Zafar",RUS,Men,- 48kg (light-flyweight),M,Bronze
Atlanta,1996,Wrestling,Wrestling Gre-R,"SIM, Kwon-Ho",KOR,Men,- 48kg (light-flyweight),M,Gold
Atlanta,1996,Wrestling,Wrestling Gre-R,"PAVLOV, Aleksandr",BLR,Men,- 48kg (light-flyweight),M,Silver
Atlanta,1996,Wrestling,Wrestling Gre-R,"MOUREIKO, Serguei",MDA,Men,100 - 130kg (super heavyweight),M,Bronze
Atlanta,1996,Wrestling,Wrestling Gre-R,"KARELIN, Aleksandr",RUS,Men,100 - 130kg (super heavyweight),M,Gold
Atlanta,1996,Wrestling,Wrestling Gre-R,"GHAFFARI, Siamak",USA,Men,100 - 130kg (super heavyweight),M,Silver
Atlanta,1996,Wrestling,Wrestling Gre-R,"KALASHNIKOV, Andriy",UKR,Men,48 - 52kg (flyweight),M,Bronze
Atlanta,1996,Wrestling,Wrestling Gre-R,"NAZARYAN, Armen",ARM,Men,48 - 52kg (flyweight),M,Gold
Atlanta,1996,Wrestling,Wrestling Gre-R,"PAULSON, Brandon",USA,Men,48 - 52kg (flyweight),M,Silver
Atlanta,1996,Wrestling,Wrestling Gre-R,"SHENG, Zetian",CHN,Men,52 - 57kg (bantamweight),M,Bronze
Atlanta,1996,Wrestling,Wrestling Gre-R,"MELNICHENKO, Yuriy",KAZ,Men,52 - 57kg (bantamweight),M,Gold
Atlanta,1996,Wrestling,Wrestling Gre-R,"HALL, Dennis",USA,Men,52 - 57kg (bantamweight),M,Silver
Atlanta,1996,Wrestling,Wrestling Gre-R,"PIRIM, Akif",TUR,Men,57 - 62kg (featherweight),M,Bronze
Atlanta,1996,Wrestling,Wrestling Gre-R,"ZAWADZKI, Wlodzimierz",POL,Men,57 - 62kg (featherweight),M,Gold
Atlanta,1996,Wrestling,Wrestling Gre-R,"MAREN, Juan Luis",CUB,Men,57 - 62kg (featherweight),M,Silver
Atlanta,1996,Wrestling,Wrestling Gre-R,"TRETYAKOV, Aleksandr",RUS,Men,62 - 68kg (lightweight),M,Bronze
Atlanta,1996,Wrestling,Wrestling Gre-R,"WOLNY, Ryszard",POL,Men,62 - 68kg (lightweight),M,Gold
Atlanta,1996,Wrestling,Wrestling Gre-R,"YOLOUZ, Ghani",FRA,Men,62 - 68kg (lightweight),M,Silver
Atlanta,1996,Wrestling,Wrestling Gre-R,"TRACZ, Jozef",POL,Men,68 - 74kg (welterweight),M,Bronze
Atlanta,1996,Wrestling,Wrestling Gre-R,"ASCUY AGUILERA, Feliberto",CUB,Men,68 - 74kg (welterweight),M,Gold
Atlanta,1996,Wrestling,Wrestling Gre-R,"ASELL, Marko",FIN,Men,68 - 74kg (welterweight),M,Silver
Atlanta,1996,Wrestling,Wrestling Gre-R,"TSILENT, Valeriy",BLR,Men,74 - 82kg (middleweight),M,Bronze
Atlanta,1996,Wrestling,Wrestling Gre-R,"YERLIKAYA, Hamza",TUR,Men,74 - 82kg (middleweight),M,Gold
Atlanta,1996,Wrestling,Wrestling Gre-R,"ZANDER, Thomas",GER,Men,74 - 82kg (middleweight),M,Silver
Atlanta,1996,Wrestling,Wrestling Gre-R,"BULLMANN, Maik",GER,Men,82 - 90kg (light-heavyweight),M,Bronze
Atlanta,1996,Wrestling,Wrestling Gre-R,"OLEYNYK, Vyacheslav",UKR,Men,82 - 90kg (light-heavyweight),M,Gold
Atlanta,1996,Wrestling,Wrestling Gre-R,"FAFINSKI, Jacek",POL,Men,82 - 90kg (light-heavyweight),M,Silver
Atlanta,1996,Wrestling,Wrestling Gre-R,"LJUNGBERG, Mikael",SWE,Men,90 - 100kg (heavyweight),M,Bronze
Atlanta,1996,Wrestling,Wrestling Gre-R,"WRONSKI, Andrzej",POL,Men,90 - 100kg (heavyweight),M,Gold
Atlanta,1996,Wrestling,Wrestling Gre-R,"LISHTVAN, Sergey",BLR,Men,90 - 100kg (heavyweight),M,Silver
Sydney,2000,Aquatics,Diving,"SAUTIN, Dmitry",RUS,Men,10m platform,M,Bronze
Sydney,2000,Aquatics,Diving,"TIAN, Liang",CHN,Men,10m platform,M,Gold
Sydney,2000,Aquatics,Diving,"HU, Jia",CHN,Men,10m platform,M,Silver
Sydney,2000,Aquatics,Diving,"MONTMINY, Anne Katherine",CAN,Women,10m platform,W,Bronze
Sydney,2000,Aquatics,Diving,"WILKINSON, Laura",USA,Women,10m platform,W,Gold
Sydney,2000,Aquatics,Diving,"LI, Na",CHN,Women,10m platform,W,Silver
Sydney,2000,Aquatics,Diving,"SAUTIN, Dmitry",RUS,Men,3m springboard,M,Bronze
Sydney,2000,Aquatics,Diving,"XIONG, Ni",CHN,Men,3m springboard,M,Gold
Sydney,2000,Aquatics,Diving,"PLATAS, Fernando",MEX,Men,3m springboard,M,Silver
Sydney,2000,Aquatics,Diving,"LINDNER, Doerte",GER,Women,3m springboard,W,Bronze
Sydney,2000,Aquatics,Diving,"FU, Mingxia",CHN,Women,3m springboard,W,Gold
Sydney,2000,Aquatics,Diving,"GUO, Jingjing",CHN,Women,3m springboard,W,Silver
Sydney,2000,Aquatics,Diving,"HEMPEL, Jan",GER,Men,synchronized diving 10m platform,M,Bronze
Sydney,2000,Aquatics,Diving,"MEYER, Heiko",GER,Men,synchronized diving 10m platform,M,Bronze
Sydney,2000,Aquatics,Diving,"LOUKACHINE, Igor",RUS,Men,synchronized diving 10m platform,M,Gold
Sydney,2000,Aquatics,Diving,"SAUTIN, Dmitry",RUS,Men,synchronized diving 10m platform,M,Gold
Sydney,2000,Aquatics,Diving,"HU, Jia",CHN,Men,synchronized diving 10m platform,M,Silver
Sydney,2000,Aquatics,Diving,"TIAN, Liang",CHN,Men,synchronized diving 10m platform,M,Silver
Sydney,2000,Aquatics,Diving,"GILMORE, Rebecca",AUS,Women,synchronized diving 10m platform,W,Bronze
Sydney,2000,Aquatics,Diving,"TOURKY, Loudy",AUS,Women,synchronized diving 10m platform,W,Bronze
Sydney,2000,Aquatics,Diving,"LI, Na",CHN,Women,synchronized diving 10m platform,W,Gold
Sydney,2000,Aquatics,Diving,"SANG, Xue",CHN,Women,synchronized diving 10m platform,W,Gold
Sydney,2000,Aquatics,Diving,"HEYMANS, Emilie",CAN,Women,synchronized diving 10m platform,W,Silver
Sydney,2000,Aquatics,Diving,"MONTMINY, Anne Katherine",CAN,Women,synchronized diving 10m platform,W,Silver
Sydney,2000,Aquatics,Diving,"NEWBERY, Robert",AUS,Men,synchronized diving 3m springboard,M,Bronze
Sydney,2000,Aquatics,Diving,"PULLAR, Dean",AUS,Men,synchronized diving 3m springboard,M,Bronze
Sydney,2000,Aquatics,Diving,"XIAO, Hailiang",CHN,Men,synchronized diving 3m springboard,M,Gold
Sydney,2000,Aquatics,Diving,"XIONG, Ni",CHN,Men,synchronized diving 3m springboard,M,Gold
Sydney,2000,Aquatics,Diving,"DOBROSKOK, Alexandre",RUS,Men,synchronized diving 3m springboard,M,Silver
Sydney,2000,Aquatics,Diving,"SAUTIN, Dmitry",RUS,Men,synchronized diving 3m springboard,M,Silver
Sydney,2000,Aquatics,Diving,"SOROKINA, Ganna",UKR,Women,synchronized diving 3m springboard,W,Bronze
Sydney,2000,Aquatics,Diving,"ZHUPINA, Olena",UKR,Women,synchronized diving 3m springboard,W,Bronze
Sydney,2000,Aquatics,Diving,"ILYINA, Vera",RUS,Women,synchronized diving 3m springboard,W,Gold
Sydney,2000,Aquatics,Diving,"PAKHALINA, Ioulia",RUS,Women,synchronized diving 3m springboard,W,Gold
Sydney,2000,Aquatics,Diving,"FU, Mingxia",CHN,Women,synchronized diving 3m springboard,W,Silver
Sydney,2000,Aquatics,Diving,"GUO, Jingjing",CHN,Women,synchronized diving 3m springboard,W,Silver
Sydney,2000,Aquatics,Swimming,"THELOKE, Stev",GER,Men,100m backstroke,M,Bronze
Sydney,2000,Aquatics,Swimming,"KRAYZELBURG, Lenny",USA,Men,100m backstroke,M,Gold
Sydney,2000,Aquatics,Swimming,"WELSH, Matthew",AUS,Men,100m backstroke,M,Silver
Sydney,2000,Aquatics,Swimming,"ZHIVANEVSKAYA, Nina Alexandrovna",ESP,Women,100m backstroke,W,Bronze
Sydney,2000,Aquatics,Swimming,"MOCANU, Diana",ROU,Women,100m backstroke,W,Gold
Sydney,2000,Aquatics,Swimming,"NAKAMURA, Mai",JPN,Women,100m backstroke,W,Silver
Sydney,2000,Aquatics,Swimming,"SLUDNOV, Roman",RUS,Men,100m breaststroke,M,Bronze
Sydney,2000,Aquatics,Swimming,"FIORAVANTI, Domenico",ITA,Men,100m breaststroke,M,Gold
Sydney,2000,Aquatics,Swimming,"MOSES, Ed",USA,Men,100m breaststroke,M,Silver
Sydney,2000,Aquatics,Swimming,"HEYNS, Penelope",RSA,Women,100m breaststroke,W,Bronze
Sydney,2000,Aquatics,Swimming,"QUANN, Megan",USA,Women,100m breaststroke,W,Gold
Sydney,2000,Aquatics,Swimming,"JONES, Leisel",AUS,Women,100m breaststroke,W,Silver
Sydney,2000,Aquatics,Swimming,"HUEGILL, Geoff",AUS,Men,100m butterfly,M,Bronze
Sydney,2000,Aquatics,Swimming,"FROLANDER, Lars",SWE,Men,100m butterfly,M,Gold
Sydney,2000,Aquatics,Swimming,"KLIM, Michael",AUS,Men,100m butterfly,M,Silver
Sydney,2000,Aquatics,Swimming,"TORRES, Dara",USA,Women,100m butterfly,W,Bronze
Sydney,2000,Aquatics,Swimming,"DE BRUIJN, Inge",NED,Women,100m butterfly,W,Gold
Sydney,2000,Aquatics,Swimming,"MORAVCOVA, Martina",SVK,Women,100m butterfly,W,Silver
Sydney,2000,Aquatics,Swimming,"HALL, Gary Jr.",USA,Men,100m freestyle,M,Bronze
Sydney,2000,Aquatics,Swimming,"VAN DEN HOOGENBAND, Pieter",NED,Men,100m freestyle,M,Gold
Sydney,2000,Aquatics,Swimming,"POPOV, Alexander",RUS,Men,100m freestyle,M,Silver
Sydney,2000,Aquatics,Swimming,"THOMPSON, Jenny",USA,Women,100m freestyle,W,Bronze
Sydney,2000,Aquatics,Swimming,"TORRES, Dara",USA,Women,100m freestyle,W,Bronze
Sydney,2000,Aquatics,Swimming,"DE BRUIJN, Inge",NED,Women,100m freestyle,W,Gold
Sydney,2000,Aquatics,Swimming,"ALSHAMMAR, Therese",SWE,Women,100m freestyle,W,Silver
Sydney,2000,Aquatics,Swimming,"THOMPSON, Chris",USA,Men,1500m freestyle,M,Bronze
Sydney,2000,Aquatics,Swimming,"HACKETT, Grant",AUS,Men,1500m freestyle,M,Gold
Sydney,2000,Aquatics,Swimming,"PERKINS, Kieren John",AUS,Men,1500m freestyle,M,Silver
Sydney,2000,Aquatics,Swimming,"WELSH, Matthew",AUS,Men,200m backstroke,M,Bronze
Sydney,2000,Aquatics,Swimming,"KRAYZELBURG, Lenny",USA,Men,200m backstroke,M,Gold
Sydney,2000,Aquatics,Swimming,"PEIRSOL, Aaron",USA,Men,200m backstroke,M,Silver
Sydney,2000,Aquatics,Swimming,"NAKAO, Miki",JPN,Women,200m backstroke,W,Bronze
Sydney,2000,Aquatics,Swimming,"MOCANU, Diana",ROU,Women,200m backstroke,W,Gold
Sydney,2000,Aquatics,Swimming,"MARACINEANU, Roxana",FRA,Women,200m backstroke,W,Silver
Sydney,2000,Aquatics,Swimming,"RUMMOLO, Davide",ITA,Men,200m breaststroke,M,Bronze
Sydney,2000,Aquatics,Swimming,"FIORAVANTI, Domenico",ITA,Men,200m breaststroke,M,Gold
Sydney,2000,Aquatics,Swimming,"PARKIN, Terence",RSA,Men,200m breaststroke,M,Silver
Sydney,2000,Aquatics,Swimming,"BEARD, Amanda",USA,Women,200m breaststroke,W,Bronze
Sydney,2000,Aquatics,Swimming,"KOVACS, Agnes",HUN,Women,200m breaststroke,W,Gold
Sydney,2000,Aquatics,Swimming,"KOWAL, Kristy",USA,Women,200m breaststroke,W,Silver
Sydney,2000,Aquatics,Swimming,"NORRIS, Justin",AUS,Men,200m butterfly,M,Bronze
Sydney,2000,Aquatics,Swimming,"MALCHOW, Tom",USA,Men,200m butterfly,M,Gold
Sydney,2000,Aquatics,Swimming,"SYLANTYEV, Denys",UKR,Men,200m butterfly,M,Silver
Sydney,2000,Aquatics,Swimming,"THOMAS, Petria",AUS,Women,200m butterfly,W,Bronze
Sydney,2000,Aquatics,Swimming,"HYMAN, Misty",USA,Women,200m butterfly,W,Gold
Sydney,2000,Aquatics,Swimming,"O'NEILL, Susan",AUS,Women,200m butterfly,W,Silver
Sydney,2000,Aquatics,Swimming,"ROSOLINO, Massimiliano",ITA,Men,200m freestyle,M,Bronze
Sydney,2000,Aquatics,Swimming,"VAN DEN HOOGENBAND, Pieter",NED,Men,200m freestyle,M,Gold
Sydney,2000,Aquatics,Swimming,"THORPE, Ian",AUS,Men,200m freestyle,M,Silver
Sydney,2000,Aquatics,Swimming,"POLL AHRENS, Claudia",CRC,Women,200m freestyle,W,Bronze
Sydney,2000,Aquatics,Swimming,"O'NEILL, Susan",AUS,Women,200m freestyle,W,Gold
Sydney,2000,Aquatics,Swimming,"MORAVCOVA, Martina",SVK,Women,200m freestyle,W,Silver
Sydney,2000,Aquatics,Swimming,"WILKENS, Tom",USA,Men,200m individual medley,M,Bronze
Sydney,2000,Aquatics,Swimming,"ROSOLINO, Massimiliano",ITA,Men,200m individual medley,M,Gold
Sydney,2000,Aquatics,Swimming,"DOLAN, Tom",USA,Men,200m individual medley,M,Silver
Sydney,2000,Aquatics,Swimming,"TEUSCHER, Cristina",USA,Women,200m individual medley,W,Bronze
Sydney,2000,Aquatics,Swimming,"KLOCHKOVA, Yana",UKR,Women,200m individual medley,W,Gold
Sydney,2000,Aquatics,Swimming,"CASLARU, Beatrice",ROU,Women,200m individual medley,W,Silver
Sydney,2000,Aquatics,Swimming,"KELLER, Klete",USA,Men,400m freestyle,M,Bronze
Sydney,2000,Aquatics,Swimming,"THORPE, Ian",AUS,Men,400m freestyle,M,Gold
Sydney,2000,Aquatics,Swimming,"ROSOLINO, Massimiliano",ITA,Men,400m freestyle,M,Silver
Sydney,2000,Aquatics,Swimming,"POLL AHRENS, Claudia",CRC,Women,400m freestyle,W,Bronze
Sydney,2000,Aquatics,Swimming,"BENNETT, Brooke",USA,Women,400m freestyle,W,Gold
Sydney,2000,Aquatics,Swimming,"MUNZ, Diana",USA,Women,400m freestyle,W,Silver
Sydney,2000,Aquatics,Swimming,"MYDEN, Curtis Allen",CAN,Men,400m individual medley,M,Bronze
Sydney,2000,Aquatics,Swimming,"DOLAN, Tom",USA,Men,400m individual medley,M,Gold
Sydney,2000,Aquatics,Swimming,"VENDT, Erik",USA,Men,400m individual medley,M,Silver
Sydney,2000,Aquatics,Swimming,"CASLARU, Beatrice",ROU,Women,400m individual medley,W,Bronze
Sydney,2000,Aquatics,Swimming,"KLOCHKOVA, Yana",UKR,Women,400m individual medley,W,Gold
Sydney,2000,Aquatics,Swimming,"TAJIMA, Yasuko",JPN,Women,400m individual medley,W,Silver
Sydney,2000,Aquatics,Swimming,"BORGES, Gustavo",BRA,Men,4x100m freestyle relay,M,Bronze
Sydney,2000,Aquatics,Swimming,"JAYME, Carlos",BRA,Men,4x100m freestyle relay,M,Bronze
Sydney,2000,Aquatics,Swimming,"SCHERER, Fernando",BRA,Men,4x100m freestyle relay,M,Bronze
Sydney,2000,Aquatics,Swimming,"SILVA FILHO, Edvaldo",BRA,Men,4x100m freestyle relay,M,Bronze
Sydney,2000,Aquatics,Swimming,"CALLUS, Ashley",AUS,Men,4x100m freestyle relay,M,Gold
Sydney,2000,Aquatics,Swimming,"FYDLER, Christopher John",AUS,Men,4x100m freestyle relay,M,Gold
Sydney,2000,Aquatics,Swimming,"KLIM, Michael",AUS,Men,4x100m freestyle relay,M,Gold
Sydney,2000,Aquatics,Swimming,"PEARSON, Todd",AUS,Men,4x100m freestyle relay,M,Gold
Sydney,2000,Aquatics,Swimming,"PINE, Adam",AUS,Men,4x100m freestyle relay,M,Gold
Sydney,2000,Aquatics,Swimming,"THORPE, Ian",AUS,Men,4x100m freestyle relay,M,Gold
Sydney,2000,Aquatics,Swimming,"DAVIS, Josh",USA,Men,4x100m freestyle relay,M,Silver
Sydney,2000,Aquatics,Swimming,"ERVIN, Anthony",USA,Men,4x100m freestyle relay,M,Silver
Sydney,2000,Aquatics,Swimming,"HALL, Gary Jr.",USA,Men,4x100m freestyle relay,M,Silver
Sydney,2000,Aquatics,Swimming,"LEZAK, Jason",USA,Men,4x100m freestyle relay,M,Silver
Sydney,2000,Aquatics,Swimming,"TUCKER, Scott",USA,Men,4x100m freestyle relay,M,Silver
Sydney,2000,Aquatics,Swimming,"WALKER, Neil",USA,Men,4x100m freestyle relay,M,Silver
Sydney,2000,Aquatics,Swimming,"ALSHAMMAR, Therese",SWE,Women,4x100m freestyle relay,W,Bronze
Sydney,2000,Aquatics,Swimming,"JOHNCKE, Louise",SWE,Women,4x100m freestyle relay,W,Bronze
Sydney,2000,Aquatics,Swimming,"KAMMERLING, Anna-Karin",SWE,Women,4x100m freestyle relay,W,Bronze
Sydney,2000,Aquatics,Swimming,"LILLHAGE, Josefin",SWE,Women,4x100m freestyle relay,W,Bronze
Sydney,2000,Aquatics,Swimming,"SJOBERG, Johanna",SWE,Women,4x100m freestyle relay,W,Bronze
Sydney,2000,Aquatics,Swimming,"SVAHNSTROM, Malin",SWE,Women,4x100m freestyle relay,W,Bronze
Sydney,2000,Aquatics,Swimming,"PHENIX, Erin Ashley",USA,Women,4x100m freestyle relay,W,Gold
Sydney,2000,Aquatics,Swimming,"SHEALY, Courtney",USA,Women,4x100m freestyle relay,W,Gold
Sydney,2000,Aquatics,Swimming,"TAPPIN, Ashley T",USA,Women,4x100m freestyle relay,W,Gold
Sydney,2000,Aquatics,Swimming,"THOMPSON, Jenny",USA,Women,4x100m freestyle relay,W,Gold
Sydney,2000,Aquatics,Swimming,"TORRES, Dara",USA,Women,4x100m freestyle relay,W,Gold
Sydney,2000,Aquatics,Swimming,"VAN DYKEN, Amy",USA,Women,4x100m freestyle relay,W,Gold
Sydney,2000,Aquatics,Swimming,"DE BRUIJN, Inge",NED,Women,4x100m freestyle relay,W,Silver
Sydney,2000,Aquatics,Swimming,"GROOT, Chantal",NED,Women,4x100m freestyle relay,W,Silver
Sydney,2000,Aquatics,Swimming,"HENNEKEN, Thamar",NED,Women,4x100m freestyle relay,W,Silver
Sydney,2000,Aquatics,Swimming,"VAN RIJN, Wilma",NED,Women,4x100m freestyle relay,W,Silver
Sydney,2000,Aquatics,Swimming,"VAN ROOIJEN, Manon",NED,Women,4x100m freestyle relay,W,Silver
Sydney,2000,Aquatics,Swimming,"KRUPPA, Jens",GER,Men,4x100m medley relay,M,Bronze
Sydney,2000,Aquatics,Swimming,"RUPPRATH, Thomas",GER,Men,4x100m medley relay,M,Bronze
Sydney,2000,Aquatics,Swimming,"SPANNEBERG, Torsten",GER,Men,4x100m medley relay,M,Bronze
Sydney,2000,Aquatics,Swimming,"THELOKE, Stev",GER,Men,4x100m medley relay,M,Bronze
Sydney,2000,Aquatics,Swimming,"CROCKER, Ian",USA,Men,4x100m medley relay,M,Gold
Sydney,2000,Aquatics,Swimming,"HALL, Gary Jr.",USA,Men,4x100m medley relay,M,Gold
Sydney,2000,Aquatics,Swimming,"HANNAN, Tommy",USA,Men,4x100m medley relay,M,Gold
Sydney,2000,Aquatics,Swimming,"KRAYZELBURG, Lenny",USA,Men,4x100m medley relay,M,Gold
Sydney,2000,Aquatics,Swimming,"LEZAK, Jason",USA,Men,4x100m medley relay,M,Gold
Sydney,2000,Aquatics,Swimming,"MOSES, Ed",USA,Men,4x100m medley relay,M,Gold
Sydney,2000,Aquatics,Swimming,"WALKER, Neil",USA,Men,4x100m medley relay,M,Gold
Sydney,2000,Aquatics,Swimming,"HARRISON, Regan",AUS,Men,4x100m medley relay,M,Silver
Sydney,2000,Aquatics,Swimming,"HUEGILL, Geoff",AUS,Men,4x100m medley relay,M,Silver
Sydney,2000,Aquatics,Swimming,"KLIM, Michael",AUS,Men,4x100m medley relay,M,Silver
Sydney,2000,Aquatics,Swimming,"MITCHELL, Ryan",AUS,Men,4x100m medley relay,M,Silver
Sydney,2000,Aquatics,Swimming,"PINE, Adam",AUS,Men,4x100m medley relay,M,Silver
Sydney,2000,Aquatics,Swimming,"THORPE, Ian",AUS,Men,4x100m medley relay,M,Silver
Sydney,2000,Aquatics,Swimming,"WATSON, Josh",AUS,Men,4x100m medley relay,M,Silver
Sydney,2000,Aquatics,Swimming,"WELSH, Matthew",AUS,Men,4x100m medley relay,M,Silver
Sydney,2000,Aquatics,Swimming,"MINAMOTO, Sumika",JPN,Women,4x100m medley relay,W,Bronze
Sydney,2000,Aquatics,Swimming,"NAKAMURA, Mai",JPN,Women,4x100m medley relay,W,Bronze
Sydney,2000,Aquatics,Swimming,"ONISHI, Junko",JPN,Women,4x100m medley relay,W,Bronze
Sydney,2000,Aquatics,Swimming,"TANAKA, Masami",JPN,Women,4x100m medley relay,W,Bronze
Sydney,2000,Aquatics,Swimming,"BEDFORD, B J",USA,Women,4x100m medley relay,W,Gold
Sydney,2000,Aquatics,Swimming,"QUANN, Megan",USA,Women,4x100m medley relay,W,Gold
Sydney,2000,Aquatics,Swimming,"SHEALY, Courtney",USA,Women,4x100m medley relay,W,Gold
Sydney,2000,Aquatics,Swimming,"STITTS, Staciana",USA,Women,4x100m medley relay,W,Gold
Sydney,2000,Aquatics,Swimming,"TAPPIN, Ashley T",USA,Women,4x100m medley relay,W,Gold
Sydney,2000,Aquatics,Swimming,"THOMPSON, Jenny",USA,Women,4x100m medley relay,W,Gold
Sydney,2000,Aquatics,Swimming,"TORRES, Dara",USA,Women,4x100m medley relay,W,Gold
Sydney,2000,Aquatics,Swimming,"VAN DYKEN, Amy",USA,Women,4x100m medley relay,W,Gold
Sydney,2000,Aquatics,Swimming,"CALUB, Dyana",AUS,Women,4x100m medley relay,W,Silver
Sydney,2000,Aquatics,Swimming,"JONES, Leisel",AUS,Women,4x100m medley relay,W,Silver
Sydney,2000,Aquatics,Swimming,"O'NEILL, Susan",AUS,Women,4x100m medley relay,W,Silver
Sydney,2000,Aquatics,Swimming,"ROONEY, Giaan",AUS,Women,4x100m medley relay,W,Silver
Sydney,2000,Aquatics,Swimming,"RYAN, Sarah",AUS,Women,4x100m medley relay,W,Silver
Sydney,2000,Aquatics,Swimming,"THOMAS, Petria",AUS,Women,4x100m medley relay,W,Silver
Sydney,2000,Aquatics,Swimming,"WHITE, Tarnee",AUS,Women,4x100m medley relay,W,Silver
Sydney,2000,Aquatics,Swimming,"KENKHUIS, Johan",NED,Men,4x200m freestyle relay,M,Bronze
Sydney,2000,Aquatics,Swimming,"VAN DEN HOOGENBAND, Pieter",NED,Men,4x200m freestyle relay,M,Bronze
Sydney,2000,Aquatics,Swimming,"VAN DER ZIJDEN, Mark",NED,Men,4x200m freestyle relay,M,Bronze
Sydney,2000,Aquatics,Swimming,"WOUDA, Marcel",NED,Men,4x200m freestyle relay,M,Bronze
Sydney,2000,Aquatics,Swimming,"ZUIJDWEG, Martijn",NED,Men,4x200m freestyle relay,M,Bronze
Sydney,2000,Aquatics,Swimming,"HACKETT, Grant",AUS,Men,4x200m freestyle relay,M,Gold
Sydney,2000,Aquatics,Swimming,"KIRBY, William",AUS,Men,4x200m freestyle relay,M,Gold
Sydney,2000,Aquatics,Swimming,"KLIM, Michael",AUS,Men,4x200m freestyle relay,M,Gold
Sydney,2000,Aquatics,Swimming,"KOWALSKI, Daniel",AUS,Men,4x200m freestyle relay,M,Gold
Sydney,2000,Aquatics,Swimming,"PEARSON, Todd",AUS,Men,4x200m freestyle relay,M,Gold
Sydney,2000,Aquatics,Swimming,"THORPE, Ian",AUS,Men,4x200m freestyle relay,M,Gold
Sydney,2000,Aquatics,Swimming,"CARVIN, Chad",USA,Men,4x200m freestyle relay,M,Silver
Sydney,2000,Aquatics,Swimming,"DAVIS, Josh",USA,Men,4x200m freestyle relay,M,Silver
Sydney,2000,Aquatics,Swimming,"DUSING, Nate",USA,Men,4x200m freestyle relay,M,Silver
Sydney,2000,Aquatics,Swimming,"GOLDBLATT, Scott",USA,Men,4x200m freestyle relay,M,Silver
Sydney,2000,Aquatics,Swimming,"KELLER, Klete",USA,Men,4x200m freestyle relay,M,Silver
Sydney,2000,Aquatics,Swimming,"RAUCH, Jamie",USA,Men,4x200m freestyle relay,M,Silver
Sydney,2000,Aquatics,Swimming,"BUSCHSCHULTE, Antje",GER,Women,4x200m freestyle relay,W,Bronze
Sydney,2000,Aquatics,Swimming,"FREITAG, Meike",GER,Women,4x200m freestyle relay,W,Bronze
Sydney,2000,Aquatics,Swimming,"HARSTICK, Sara",GER,Women,4x200m freestyle relay,W,Bronze
Sydney,2000,Aquatics,Swimming,"KIELGASS, Kerstin",GER,Women,4x200m freestyle relay,W,Bronze
Sydney,2000,Aquatics,Swimming,"STEFFEN, Britta",GER,Women,4x200m freestyle relay,W,Bronze
Sydney,2000,Aquatics,Swimming,"VAN ALMSICK, Franziska",GER,Women,4x200m freestyle relay,W,Bronze
Sydney,2000,Aquatics,Swimming,"ARSENAULT, Samantha",USA,Women,4x200m freestyle relay,W,Gold
Sydney,2000,Aquatics,Swimming,"BENKO, Lindsay",USA,Women,4x200m freestyle relay,W,Gold
Sydney,2000,Aquatics,Swimming,"BLACK, Kim",USA,Women,4x200m freestyle relay,W,Gold
Sydney,2000,Aquatics,Swimming,"MUNZ, Diana",USA,Women,4x200m freestyle relay,W,Gold
Sydney,2000,Aquatics,Swimming,"STOWERS, Julia",USA,Women,4x200m freestyle relay,W,Gold
Sydney,2000,Aquatics,Swimming,"THOMPSON, Jenny",USA,Women,4x200m freestyle relay,W,Gold
Sydney,2000,Aquatics,Swimming,"GRAHAM, Elka",AUS,Women,4x200m freestyle relay,W,Silver
Sydney,2000,Aquatics,Swimming,"O'NEILL, Susan",AUS,Women,4x200m freestyle relay,W,Silver
Sydney,2000,Aquatics,Swimming,"ROONEY, Giaan",AUS,Women,4x200m freestyle relay,W,Silver
Sydney,2000,Aquatics,Swimming,"THOMAS, Petria",AUS,Women,4x200m freestyle relay,W,Silver
Sydney,2000,Aquatics,Swimming,"THOMSON, Kirsten",AUS,Women,4x200m freestyle relay,W,Silver
Sydney,2000,Aquatics,Swimming,"VAN LINT, Jacinta",AUS,Women,4x200m freestyle relay,W,Silver
Sydney,2000,Aquatics,Swimming,"VAN DEN HOOGENBAND, Pieter",NED,Men,50m freestyle,M,Bronze
Sydney,2000,Aquatics,Swimming,"ERVIN, Anthony",USA,Men,50m freestyle,M,Gold
Sydney,2000,Aquatics,Swimming,"HALL, Gary Jr.",USA,Men,50m freestyle,M,Gold
Sydney,2000,Aquatics,Swimming,"TORRES, Dara",USA,Women,50m freestyle,W,Bronze
Sydney,2000,Aquatics,Swimming,"DE BRUIJN, Inge",NED,Women,50m freestyle,W,Gold
Sydney,2000,Aquatics,Swimming,"ALSHAMMAR, Therese",SWE,Women,50m freestyle,W,Silver
Sydney,2000,Aquatics,Swimming,"SANDENO, Kaitlin",USA,Women,800m freestyle,W,Bronze
Sydney,2000,Aquatics,Swimming,"BENNETT, Brooke",USA,Women,800m freestyle,W,Gold
Sydney,2000,Aquatics,Swimming,"KLOCHKOVA, Yana",UKR,Women,800m freestyle,W,Silver
Sydney,2000,Aquatics,Synchronized S.,"DEDIEU, Virginie",FRA,Women,duet,W,Bronze
Sydney,2000,Aquatics,Synchronized S.,"LIGNOT, Myriam",FRA,Women,duet,W,Bronze
Sydney,2000,Aquatics,Synchronized S.,"BRUSNIKINA, Olga",RUS,Women,duet,W,Gold
Sydney,2000,Aquatics,Synchronized S.,"KISSELEVA, Maria",RUS,Women,duet,W,Gold
Sydney,2000,Aquatics,Synchronized S.,"TACHIBANA, Miya",JPN,Women,duet,W,Silver
Sydney,2000,Aquatics,Synchronized S.,"TAKEDA, Miho",JPN,Women,duet,W,Silver
Sydney,2000,Aquatics,Synchronized S.,"BEAUMONT, Lyne",CAN,Women,team,W,Bronze
Sydney,2000,Aquatics,Synchronized S.,"CARVER-DIAS, Claire",CAN,Women,team,W,Bronze
Sydney,2000,Aquatics,Synchronized S.,"CHAN, Erin",CAN,Women,team,W,Bronze
Sydney,2000,Aquatics,Synchronized S.,"GARCEAU, Catherine",CAN,Women,team,W,Bronze
Sydney,2000,Aquatics,Synchronized S.,"LETOURNEAU, Fanny",CAN,Women,team,W,Bronze
Sydney,2000,Aquatics,Synchronized S.,"NORMAND, Kirstin",CAN,Women,team,W,Bronze
Sydney,2000,Aquatics,Synchronized S.,"TAILLON, Jacinthe",CAN,Women,team,W,Bronze
Sydney,2000,Aquatics,Synchronized S.,"TATHAM, Reidun",CAN,Women,team,W,Bronze
Sydney,2000,Aquatics,Synchronized S.,"AZAROVA, Elena",RUS,Women,team,W,Gold
Sydney,2000,Aquatics,Synchronized S.,"BRUSNIKINA, Olga",RUS,Women,team,W,Gold
Sydney,2000,Aquatics,Synchronized S.,"KISSELEVA, Maria",RUS,Women,team,W,Gold
Sydney,2000,Aquatics,Synchronized S.,"NOVOKSHCHENOVA, Olga",RUS,Women,team,W,Gold
Sydney,2000,Aquatics,Synchronized S.,"PERCHINA, Irina",RUS,Women,team,W,Gold
Sydney,2000,Aquatics,Synchronized S.,"SOIA, Elena",RUS,Women,team,W,Gold
Sydney,2000,Aquatics,Synchronized S.,"VASILIEVA, Yulia",RUS,Women,team,W,Gold
Sydney,2000,Aquatics,Synchronized S.,"VASSIOUKOVA, Olga",RUS,Women,team,W,Gold
Sydney,2000,Aquatics,Synchronized S.,"EGAMI, Ayano",JPN,Women,team,W,Silver
Sydney,2000,Aquatics,Synchronized S.,"FUJII, Raika",JPN,Women,team,W,Silver
Sydney,2000,Aquatics,Synchronized S.,"ISODA, Yoko",JPN,Women,team,W,Silver
Sydney,2000,Aquatics,Synchronized S.,"JIMBO, Rei",JPN,Women,team,W,Silver
Sydney,2000,Aquatics,Synchronized S.,"TACHIBANA, Miya",JPN,Women,team,W,Silver
Sydney,2000,Aquatics,Synchronized S.,"TAKEDA, Miho",JPN,Women,team,W,Silver
Sydney,2000,Aquatics,Synchronized S.,"YONEDA, Yoko",JPN,Women,team,W,Silver
Sydney,2000,Aquatics,Synchronized S.,"YONEDA, Yuko",JPN,Women,team,W,Silver
Sydney,2000,Aquatics,Water polo,"CIRIC, Aleksandar",YUG,Men,water polo,M,Bronze
Sydney,2000,Aquatics,Water polo,"IKODINOVIC, Danilo",YUG,Men,water polo,M,Bronze
Sydney,2000,Aquatics,Water polo,"JELENIC, Viktor",YUG,Men,water polo,M,Bronze
Sydney,2000,Aquatics,Water polo,"KULJACA, Nikola",YUG,Men,water polo,M,Bronze
Sydney,2000,Aquatics,Water polo,"SAPIC, Aleksandar",YUG,Men,water polo,M,Bronze
Sydney,2000,Aquatics,Water polo,"SAVIC, Dejan",YUG,Men,water polo,M,Bronze
Sydney,2000,Aquatics,Water polo,"SOSTAR, Aleksandar",YUG,Men,water polo,M,Bronze
Sydney,2000,Aquatics,Water polo,"TRBOJEVIC, Petar",YUG,Men,water polo,M,Bronze
Sydney,2000,Aquatics,Water polo,"USKOKOVIC, Veljko",YUG,Men,water polo,M,Bronze
Sydney,2000,Aquatics,Water polo,"VASOVIC, Jugoslav",YUG,Men,water polo,M,Bronze
Sydney,2000,Aquatics,Water polo,"VUJASINOVIC, Vladimir",YUG,Men,water polo,M,Bronze
Sydney,2000,Aquatics,Water polo,"VUKANIC, Nenad",YUG,Men,water polo,M,Bronze
Sydney,2000,Aquatics,Water polo,"ZIMONJIC, Predrag",YUG,Men,water polo,M,Bronze
Sydney,2000,Aquatics,Water polo,"BENEDEK, Tibor",HUN,Men,water polo,M,Gold
Sydney,2000,Aquatics,Water polo,"BIROS, Peter",HUN,Men,water polo,M,Gold
Sydney,2000,Aquatics,Water polo,"FODOR, Rajmund",HUN,Men,water polo,M,Gold
Sydney,2000,Aquatics,Water polo,"KASAS, Tamas",HUN,Men,water polo,M,Gold
Sydney,2000,Aquatics,Water polo,"KISS, Gergely",HUN,Men,water polo,M,Gold
Sydney,2000,Aquatics,Water polo,"KOSZ, Zoltan",HUN,Men,water polo,M,Gold
Sydney,2000,Aquatics,Water polo,"MARCZ, Tamas",HUN,Men,water polo,M,Gold
Sydney,2000,Aquatics,Water polo,"MOLNAR, Tamas",HUN,Men,water polo,M,Gold
Sydney,2000,Aquatics,Water polo,"STEINMETZ, Barnabas",HUN,Men,water polo,M,Gold
Sydney,2000,Aquatics,Water polo,"SZECSI, Zoltan",HUN,Men,water polo,M,Gold
Sydney,2000,Aquatics,Water polo,"SZEKELY, Bulcsu",HUN,Men,water polo,M,Gold
Sydney,2000,Aquatics,Water polo,"VARGA, Zsolt",HUN,Men,water polo,M,Gold
Sydney,2000,Aquatics,Water polo,"VARI, Attila",HUN,Men,water polo,M,Gold
Sydney,2000,Aquatics,Water polo,"BALACHOV, Roman",RUS,Men,water polo,M,Silver
Sydney,2000,Aquatics,Water polo,"DOUGUINE, Dmitri",RUS,Men,water polo,M,Silver
Sydney,2000,Aquatics,Water polo,"ERYSHOV, Alexandre",RUS,Men,water polo,M,Silver
Sydney,2000,Aquatics,Water polo,"GARBOUZOV, Serguei",RUS,Men,water polo,M,Silver
Sydney,2000,Aquatics,Water polo,"GORSHKOV, Dmitry",RUS,Men,water polo,M,Silver
Sydney,2000,Aquatics,Water polo,"IATSEV, Iouri",RUS,Men,water polo,M,Silver
Sydney,2000,Aquatics,Water polo,"KOZLOV, Nikolai",RUS,Men,water polo,M,Silver
Sydney,2000,Aquatics,Water polo,"MAXIMOV, Nikolai",RUS,Men,water polo,M,Silver
Sydney,2000,Aquatics,Water polo,"REKETCHINSKI, Andrei",RUS,Men,water polo,M,Silver
Sydney,2000,Aquatics,Water polo,"STRATAN, Dmitri",RUS,Men,water polo,M,Silver
Sydney,2000,Aquatics,Water polo,"TCHOMAKHIDZE, Revaz",RUS,Men,water polo,M,Silver
Sydney,2000,Aquatics,Water polo,"ZAKIROV, Marat",RUS,Men,water polo,M,Silver
Sydney,2000,Aquatics,Water polo,"ZINNOUROV, Irek",RUS,Men,water polo,M,Silver
Sydney,2000,Aquatics,Water polo,"AKOBIA, Marina",RUS,Women,water polo,W,Bronze
Sydney,2000,Aquatics,Water polo,"ANIKEEVA, Ekaterina",RUS,Women,water polo,W,Bronze
Sydney,2000,Aquatics,Water polo,"KONOUKH, Sofia",RUS,Women,water polo,W,Bronze
Sydney,2000,Aquatics,Water polo,"KOROLEVA, Maria",RUS,Women,water polo,W,Bronze
Sydney,2000,Aquatics,Water polo,"KOUTOUZOVA, Natalia",RUS,Women,water polo,W,Bronze
Sydney,2000,Aquatics,Water polo,"KOUZINA, Svetlana",RUS,Women,water polo,W,Bronze
Sydney,2000,Aquatics,Water polo,"PETROVA, Ioulia",RUS,Women,water polo,W,Bronze
Sydney,2000,Aquatics,Water polo,"PETROVA, Tatiana",RUS,Women,water polo,W,Bronze
Sydney,2000,Aquatics,Water polo,"RYTOVA, Galina",RUS,Women,water polo,W,Bronze
Sydney,2000,Aquatics,Water polo,"SMUROVA, Elena",RUS,Women,water polo,W,Bronze
Sydney,2000,Aquatics,Water polo,"TOKOUN, Elena",RUS,Women,water polo,W,Bronze
Sydney,2000,Aquatics,Water polo,"TOLKOUNOVA, Irina",RUS,Women,water polo,W,Bronze
Sydney,2000,Aquatics,Water polo,"VASSILIEVA, Ekaterina",RUS,Women,water polo,W,Bronze
Sydney,2000,Aquatics,Water polo,"CASTLE, Naomi",AUS,Women,water polo,W,Gold
Sydney,2000,Aquatics,Water polo,"FOX, Joanne",AUS,Women,water polo,W,Gold
Sydney,2000,Aquatics,Water polo,"GUSTERSON, Bridgette",AUS,Women,water polo,W,Gold
Sydney,2000,Aquatics,Water polo,"HANKIN, Simone",AUS,Women,water polo,W,Gold
Sydney,2000,Aquatics,Water polo,"HIGGINS, Yvette",AUS,Women,water polo,W,Gold
Sydney,2000,Aquatics,Water polo,"HOOPER, Kate",AUS,Women,water polo,W,Gold
Sydney,2000,Aquatics,Water polo,"MAYER, Bronwyn",AUS,Women,water polo,W,Gold
Sydney,2000,Aquatics,Water polo,"MILLER, Gail",AUS,Women,water polo,W,Gold
Sydney,2000,Aquatics,Water polo,"MILLS, Melissa",AUS,Women,water polo,W,Gold
Sydney,2000,Aquatics,Water polo,"WATSON, Debbie",AUS,Women,water polo,W,Gold
Sydney,2000,Aquatics,Water polo,"WEEKES, Liz",AUS,Women,water polo,W,Gold
Sydney,2000,Aquatics,Water polo,"WOODHOUSE, Danielle",AUS,Women,water polo,W,Gold
Sydney,2000,Aquatics,Water polo,"WOODS, Taryn",AUS,Women,water polo,W,Gold
Sydney,2000,Aquatics,Water polo,"BEAUREGARD, Robin",USA,Women,water polo,W,Silver
Sydney,2000,Aquatics,Water polo,"ESTES, Ellen",USA,Women,water polo,W,Silver
Sydney,2000,Aquatics,Water polo,"JOHNSON, Courtney",USA,Women,water polo,W,Silver
Sydney,2000,Aquatics,Water polo,"LORENZ, Ericka",USA,Women,water polo,W,Silver
Sydney,2000,Aquatics,Water polo,"MOODY, Heather",USA,Women,water polo,W,Silver
Sydney,2000,Aquatics,Water polo,"ORWIG, Bernice",USA,Women,water polo,W,Silver
Sydney,2000,Aquatics,Water polo,"O'TOOLE, Maureen",USA,Women,water polo,W,Silver
Sydney,2000,Aquatics,Water polo,"PAYNE, Nicolle",USA,Women,water polo,W,Silver
Sydney,2000,Aquatics,Water polo,"PETRI, Heather",USA,Women,water polo,W,Silver
Sydney,2000,Aquatics,Water polo,"SHEEHY, Kathy",USA,Women,water polo,W,Silver
Sydney,2000,Aquatics,Water polo,"SIMMONS, Coralie",USA,Women,water polo,W,Silver
Sydney,2000,Aquatics,Water polo,"SWAIL, Julie",USA,Women,water polo,W,Silver
Sydney,2000,Aquatics,Water polo,"VILLA, Brenda",USA,Women,water polo,W,Silver
Sydney,2000,Archery,Archery,"VAN ALTEN, Wietse",NED,Men,individual (FITA Olympic round - 70m),M,Bronze
Sydney,2000,Archery,Archery,"FAIRWEATHER, Simon",AUS,Men,individual (FITA Olympic round - 70m),M,Gold
Sydney,2000,Archery,Archery,"WUNDERLE, Victor",USA,Men,individual (FITA Olympic round - 70m),M,Silver
Sydney,2000,Archery,Archery,"KIM, Soo-Nyung",KOR,Women,individual (FITA Olympic round - 70m),W,Bronze
Sydney,2000,Archery,Archery,"YUN, Mi-Jin",KOR,Women,individual (FITA Olympic round - 70m),W,Gold
Sydney,2000,Archery,Archery,"KIM, Nam-Soon",KOR,Women,individual (FITA Olympic round - 70m),W,Silver
Sydney,2000,Archery,Archery,"JOHNSON, Richard",USA,Men,team (FITA Olympic round - 70m),M,Bronze
Sydney,2000,Archery,Archery,"WHITE, Rodney",USA,Men,team (FITA Olympic round - 70m),M,Bronze
Sydney,2000,Archery,Archery,"WUNDERLE, Victor",USA,Men,team (FITA Olympic round - 70m),M,Bronze
Sydney,2000,Archery,Archery,"JANG, Yong-Ho",KOR,Men,team (FITA Olympic round - 70m),M,Gold
