London,1948,Canoe / Kayak,Canoe / Kayak F,"KUDRNA, Bohumil",TCH,Men,C-2 1000m (canoe double),M,Gold
London,1948,Canoe / Kayak,Canoe / Kayak F,"LYSAK, Steven John",USA,Men,C-2 1000m (canoe double),M,Silver
London,1948,Canoe / Kayak,Canoe / Kayak F,"MACKNOWSKI, Stephen Albert",USA,Men,C-2 1000m (canoe double),M,Silver
London,1948,Canoe / Kayak,Canoe / Kayak F,"SKABO, Eivind",NOR,Men,K-1 10000m,M,Bronze
London,1948,Canoe / Kayak,Canoe / Kayak F,"FREDRIKSSON, Gert",SWE,Men,K-1 10000m,M,Gold
London,1948,Canoe / Kayak,Canoe / Kayak F,"WIRES, Kurt Oskar",FIN,Men,K-1 10000m,M,Silver
London,1948,Canoe / Kayak,Canoe / Kayak F,"EBERHART, Henri",FRA,Men,K-1 1000m (kayak single),M,Bronze
London,1948,Canoe / Kayak,Canoe / Kayak F,"FREDRIKSSON, Gert",SWE,Men,K-1 1000m (kayak single),M,Gold
London,1948,Canoe / Kayak,Canoe / Kayak F,"ANDERSEN, Johan Frederik Kobberup",DEN,Men,K-1 1000m (kayak single),M,Silver
London,1948,Canoe / Kayak,Canoe / Kayak F,"SCHWINGL, Friederike",AUT,Women,K-1 500m (kayak single),W,Bronze
London,1948,Canoe / Kayak,Canoe / Kayak F,"HOFF, Karen",DEN,Women,K-1 500m (kayak single),W,Gold
London,1948,Canoe / Kayak,Canoe / Kayak F,"VAN DER ANKER-DOEDENS, Alida Geertruida",NED,Women,K-1 500m (kayak single),W,Silver
London,1948,Canoe / Kayak,Canoe / Kayak F,"AXELSSON, Thor",FIN,Men,K-2 10000m,M,Bronze
London,1948,Canoe / Kayak,Canoe / Kayak F,"BJÖRKLÖF, Nils",FIN,Men,K-2 10000m,M,Bronze
London,1948,Canoe / Kayak,Canoe / Kayak F,"AKERLUND, Gunnar",SWE,Men,K-2 10000m,M,Gold
London,1948,Canoe / Kayak,Canoe / Kayak F,"WETTERSTRÖM, Hans",SWE,Men,K-2 10000m,M,Gold
London,1948,Canoe / Kayak,Canoe / Kayak F,"MATHISEN, Ivar",NOR,Men,K-2 10000m,M,Silver
London,1948,Canoe / Kayak,Canoe / Kayak F,"OSTBYE, Knut",NOR,Men,K-2 10000m,M,Silver
London,1948,Canoe / Kayak,Canoe / Kayak F,"AXELSSON, Thor",FIN,Men,K-2 1000m (kayak double),M,Bronze
London,1948,Canoe / Kayak,Canoe / Kayak F,"BJÖRKLÖF, Nils",FIN,Men,K-2 1000m (kayak double),M,Bronze
London,1948,Canoe / Kayak,Canoe / Kayak F,"BERGLUND, Hans",SWE,Men,K-2 1000m (kayak double),M,Gold
London,1948,Canoe / Kayak,Canoe / Kayak F,"KLINGSTRÖM, Lennart",SWE,Men,K-2 1000m (kayak double),M,Gold
London,1948,Canoe / Kayak,Canoe / Kayak F,"HANSEN, Ejvind Willy",DEN,Men,K-2 1000m (kayak double),M,Silver
London,1948,Canoe / Kayak,Canoe / Kayak F,"JENSEN, Jakob Bernhard Christian",DEN,Men,K-2 1000m (kayak double),M,Silver
London,1948,Cycling,Cycling Road,"WOUTERS, Lode Alphonse",BEL,Men,individual road race,M,Bronze
London,1948,Cycling,Cycling Road,"BEYAERT, Jose",FRA,Men,individual road race,M,Gold
London,1948,Cycling,Cycling Road,"VOORTING, Gerardus Petrus",NED,Men,individual road race,M,Silver
London,1948,Cycling,Cycling Road,"BEYAERT, Jose",FRA,Men,team time trial,M,Bronze
London,1948,Cycling,Cycling Road,"DUPONT, Jacques",FRA,Men,team time trial,M,Bronze
London,1948,Cycling,Cycling Road,"MOINEAU, Alain",FRA,Men,team time trial,M,Bronze
London,1948,Cycling,Cycling Road,"DELATHOUWER, Leon",BEL,Men,team time trial,M,Gold
London,1948,Cycling,Cycling Road,"VAN ROSOSBROECK, Eugene",BEL,Men,team time trial,M,Gold
London,1948,Cycling,Cycling Road,"WOUTERS, Lode Alphonse",BEL,Men,team time trial,M,Gold
London,1948,Cycling,Cycling Road,"MAITLAND, Robert John",GBR,Men,team time trial,M,Silver
London,1948,Cycling,Cycling Road,"SCOTT, Cyril Ian",GBR,Men,team time trial,M,Silver
London,1948,Cycling,Cycling Road,"THOMAS, Gordon W.",GBR,Men,team time trial,M,Silver
London,1948,Cycling,Cycling Track,"GODWIN, Thomas Charles",GBR,Men,1km time trial,M,Bronze
London,1948,Cycling,Cycling Track,"DUPONT, Jacques",FRA,Men,1km time trial,M,Gold
London,1948,Cycling,Cycling Track,"NIHANT, Pierre",BEL,Men,1km time trial,M,Silver
London,1948,Cycling,Cycling Track,"DRON, Georges",FRA,Men,2000m tandem,M,Bronze
London,1948,Cycling,Cycling Track,"FAYE, Rene",FRA,Men,2000m tandem,M,Bronze
London,1948,Cycling,Cycling Track,"PERONA, Renato",ITA,Men,2000m tandem,M,Gold
London,1948,Cycling,Cycling Track,"TERRUZZI, Ferdinando",ITA,Men,2000m tandem,M,Gold
London,1948,Cycling,Cycling Track,"BANNISTER, Alan",GBR,Men,2000m tandem,M,Silver
London,1948,Cycling,Cycling Track,"HARRIS, Reginald Hargreaves",GBR,Men,2000m tandem,M,Silver
London,1948,Cycling,Cycling Track,"SCHANDORFF, Axel Carl",DEN,Men,Sprint indivual,M,Bronze
London,1948,Cycling,Cycling Track,"GHELLA, Mario",ITA,Men,Sprint indivual,M,Gold
London,1948,Cycling,Cycling Track,"HARRIS, Reginald Hargreaves",GBR,Men,Sprint indivual,M,Silver
London,1948,Cycling,Cycling Track,"GELDARD, Robert Alan",GBR,Men,Team Pursuit (4000m),M,Bronze
London,1948,Cycling,Cycling Track,"GODWIN, Thomas Charles",GBR,Men,Team Pursuit (4000m),M,Bronze
London,1948,Cycling,Cycling Track,"RICKETTS, David Edward",GBR,Men,Team Pursuit (4000m),M,Bronze
London,1948,Cycling,Cycling Track,"WATERS, Wilfrid",GBR,Men,Team Pursuit (4000m),M,Bronze
London,1948,Cycling,Cycling Track,"ADAM, Pierre",FRA,Men,Team Pursuit (4000m),M,Gold
London,1948,Cycling,Cycling Track,"BLUSSON, Serge",FRA,Men,Team Pursuit (4000m),M,Gold
London,1948,Cycling,Cycling Track,"COSTE, Charles",FRA,Men,Team Pursuit (4000m),M,Gold
London,1948,Cycling,Cycling Track,"DECANALI, Fernand",FRA,Men,Team Pursuit (4000m),M,Gold
London,1948,Cycling,Cycling Track,"BENFENATI, Arnaldo",ITA,Men,Team Pursuit (4000m),M,Silver
London,1948,Cycling,Cycling Track,"BERNARDI, Guido",ITA,Men,Team Pursuit (4000m),M,Silver
London,1948,Cycling,Cycling Track,"CITTERIO, Anselmo",ITA,Men,Team Pursuit (4000m),M,Silver
London,1948,Cycling,Cycling Track,"PUCCI, Rino",ITA,Men,Team Pursuit (4000m),M,Silver
London,1948,Equestrian,Dressage,"BOLTENSTERN JR., Gustaf Adolf",SWE,Men,individual,X,Bronze
London,1948,Equestrian,Dressage,"MOSER, Hans",SUI,Men,individual,X,Gold
London,1948,Equestrian,Dressage,"JOUSSEAUME, Andre Rene",FRA,Men,individual,X,Silver
London,1948,Equestrian,Dressage,"PAES, Fernando Silva",POR,Men,team,X,Bronze
London,1948,Equestrian,Dressage,"SILVA, Luiz",POR,Men,team,X,Bronze
London,1948,Equestrian,Dressage,"VALADAS, Francisco",POR,Men,team,X,Bronze
London,1948,Equestrian,Dressage,"BURET, Maurice",FRA,Men,team,X,Gold
London,1948,Equestrian,Dressage,"JOUSSEAUME, Andre Rene",FRA,Men,team,X,Gold
London,1948,Equestrian,Dressage,"SAINT-FORT PAILLARD, Jean Gerard",FRA,Men,team,X,Gold
London,1948,Equestrian,Dressage,"BORG, Robert John",USA,Men,team,X,Silver
London,1948,Equestrian,Dressage,"HENRY, Frank Sherman",USA,Men,team,X,Silver
London,1948,Equestrian,Dressage,"THOMSON, Earl Foster",USA,Men,team,X,Silver
London,1948,Equestrian,Eventing,"SELFELT, Robert",SWE,Men,individual,X,Bronze
London,1948,Equestrian,Eventing,"CHEVALLIER, Bernard",FRA,Men,individual,X,Gold
London,1948,Equestrian,Eventing,"HENRY, Frank Sherman",USA,Men,individual,X,Silver
London,1948,Equestrian,Eventing,"CAMPERO, Raul",MEX,Men,team,X,Bronze
London,1948,Equestrian,Eventing,"MARILES CORTES, Humberto",MEX,Men,team,X,Bronze
London,1948,Equestrian,Eventing,"SOLANO CHAGOYA, Joaquin",MEX,Men,team,X,Bronze
London,1948,Equestrian,Eventing,"ANDERSON, Charles Howard",USA,Men,team,X,Gold
London,1948,Equestrian,Eventing,"HENRY, Frank Sherman",USA,Men,team,X,Gold
London,1948,Equestrian,Eventing,"THOMSON, Earl Foster",USA,Men,team,X,Gold
London,1948,Equestrian,Eventing,"SELFELT, Robert",SWE,Men,team,X,Silver
London,1948,Equestrian,Eventing,"STAHRE, Olof",SWE,Men,team,X,Silver
London,1948,Equestrian,Eventing,"SVENSSON, Sigurd",SWE,Men,team,X,Silver
London,1948,Equestrian,Jumping,"D'ORGEIX, Jean Francois",FRA,Men,individual,X,Bronze
London,1948,Equestrian,Jumping,"MARILES CORTES, Humberto",MEX,Men,individual,X,Gold
London,1948,Equestrian,Jumping,"URIZA CASTRO, Ruben",MEX,Men,individual,X,Silver
London,1948,Equestrian,Jumping,"CARR, Arthur",GBR,Men,team,X,Bronze
London,1948,Equestrian,Jumping,"LLEWELLYN, Harry Morton",GBR,Men,team,X,Bronze
London,1948,Equestrian,Jumping,"NICOLL, Henry Morison Vere",GBR,Men,team,X,Bronze
London,1948,Equestrian,Jumping,"MARILES CORTES, Humberto",MEX,Men,team,X,Gold
London,1948,Equestrian,Jumping,"URIZA CASTRO, Ruben",MEX,Men,team,X,Gold
London,1948,Equestrian,Jumping,"VALDEZ RAMOS, Alberto",MEX,Men,team,X,Gold
London,1948,Equestrian,Jumping,"GARCIA CRUZ, Jaime",ESP,Men,team,X,Silver
London,1948,Equestrian,Jumping,"GAVILAN Y PONCE DE LEON, Marcelino",ESP,Men,team,X,Silver
London,1948,Equestrian,Jumping,"NAVARRO MORENES, Jose",ESP,Men,team,X,Silver
London,1948,Fencing,Fencing,"MANGIAROTTI, Edoardo",ITA,Men,épée individual,M,Bronze
London,1948,Fencing,Fencing,"CANTONE, Luigi",ITA,Men,épée individual,M,Gold
London,1948,Fencing,Fencing,"ZAPPELLI, Oswald",SUI,Men,épée individual,M,Silver
London,1948,Fencing,Fencing,"CARLESON, Per Hjalmar",SWE,Men,épée team,M,Bronze
London,1948,Fencing,Fencing,"CERVELL, Frank",SWE,Men,épée team,M,Bronze
London,1948,Fencing,Fencing,"FORSSELL, Carl",SWE,Men,épée team,M,Bronze
London,1948,Fencing,Fencing,"LJUNGQUIST, Bengt",SWE,Men,épée team,M,Bronze
London,1948,Fencing,Fencing,"THOFELT, Sven",SWE,Men,épée team,M,Bronze
London,1948,Fencing,Fencing,"TOLLBOM, Arne",SWE,Men,épée team,M,Bronze
London,1948,Fencing,Fencing,"ARTIGAS, Edouard",FRA,Men,épée team,M,Gold
London,1948,Fencing,Fencing,"DESPRETS, Marcel",FRA,Men,épée team,M,Gold
London,1948,Fencing,Fencing,"GUERIN, Henri",FRA,Men,épée team,M,Gold
London,1948,Fencing,Fencing,"HUET, Maurice",FRA,Men,épée team,M,Gold
London,1948,Fencing,Fencing,"LEPAGE, Henri",FRA,Men,épée team,M,Gold
London,1948,Fencing,Fencing,"PECHEUX, Michel",FRA,Men,épée team,M,Gold
London,1948,Fencing,Fencing,"AGOSTONI, Carlo",ITA,Men,épée team,M,Silver
London,1948,Fencing,Fencing,"CANTONE, Luigi",ITA,Men,épée team,M,Silver
London,1948,Fencing,Fencing,"MANDRUZZATO, Marc Antonio",ITA,Men,épée team,M,Silver
London,1948,Fencing,Fencing,"MANGIAROTTI, Dario",ITA,Men,épée team,M,Silver
London,1948,Fencing,Fencing,"MANGIAROTTI, Edoardo",ITA,Men,épée team,M,Silver
London,1948,Fencing,Fencing,"MARINI, Fiorenzo",ITA,Men,épée team,M,Silver
London,1948,Fencing,Fencing,"MASZLAY, Lajos",HUN,Men,foil individual,M,Bronze
London,1948,Fencing,Fencing,"BUHAN, Jehan",FRA,Men,foil individual,M,Gold
London,1948,Fencing,Fencing,"D'ORIOLA, Christian",FRA,Men,foil individual,M,Silver
London,1948,Fencing,Fencing,"PREIS-MÜLLER, Ellen S.",AUT,Women,foil individual,W,Bronze
London,1948,Fencing,Fencing,"ELEK, Ilona",HUN,Women,foil individual,W,Gold
London,1948,Fencing,Fencing,"LACHMANN, Karen Vilhelmine",DEN,Women,foil individual,W,Silver
London,1948,Fencing,Fencing,"BRU, Raymond",BEL,Men,foil team,M,Bronze
London,1948,Fencing,Fencing,"DE BOURGIGNON, Georges Camille",BEL,Men,foil team,M,Bronze
London,1948,Fencing,Fencing,"PATERNOSTER, Henri",BEL,Men,foil team,M,Bronze
London,1948,Fencing,Fencing,"VALCKE, Paul Louis Jean",BEL,Men,foil team,M,Bronze
London,1948,Fencing,Fencing,"VAN DE WERWE DE VORSSELAERE, Andre",BEL,Men,foil team,M,Bronze
London,1948,Fencing,Fencing,"YVES, Edouard",BEL,Men,foil team,M,Bronze
London,1948,Fencing,Fencing,"BONIN, Andre",FRA,Men,foil team,M,Gold
London,1948,Fencing,Fencing,"BOUGNOL, René",FRA,Men,foil team,M,Gold
London,1948,Fencing,Fencing,"BUHAN, Jehan",FRA,Men,foil team,M,Gold
London,1948,Fencing,Fencing,"D'ORIOLA, Christian",FRA,Men,foil team,M,Gold
London,1948,Fencing,Fencing,"LATASTE, Jacques",FRA,Men,foil team,M,Gold
London,1948,Fencing,Fencing,"ROMMEL, Adrien",FRA,Men,foil team,M,Gold
London,1948,Fencing,Fencing,"DI ROSA, Manlio",ITA,Men,foil team,M,Silver
London,1948,Fencing,Fencing,"MANGIAROTTI, Edoardo",ITA,Men,foil team,M,Silver
London,1948,Fencing,Fencing,"NOSTINI, Giuliano",ITA,Men,foil team,M,Silver
London,1948,Fencing,Fencing,"NOSTINI, Renzo",ITA,Men,foil team,M,Silver
London,1948,Fencing,Fencing,"PELLINI, Giorgio",ITA,Men,foil team,M,Silver
London,1948,Fencing,Fencing,"RAGNO, Saverio",ITA,Men,foil team,M,Silver
London,1948,Fencing,Fencing,"KOVACS, Pal Adam",HUN,Men,sabre individual,M,Bronze
London,1948,Fencing,Fencing,"GEREVICH, Aladar",HUN,Men,sabre individual,M,Gold
London,1948,Fencing,Fencing,"PINTON, Vincenzo",ITA,Men,sabre individual,M,Silver
London,1948,Fencing,Fencing,"CETRULO, Dean Victor",USA,Men,sabre team,M,Bronze
London,1948,Fencing,Fencing,"COHN-ARMITAGE, Norman",USA,Men,sabre team,M,Bronze
London,1948,Fencing,Fencing,"DE CAPRILES, Miguel Angel",USA,Men,sabre team,M,Bronze
London,1948,Fencing,Fencing,"FLYNN, James Hummitzsch",USA,Men,sabre team,M,Bronze
London,1948,Fencing,Fencing,"NYILAS, Tibor Andrew",USA,Men,sabre team,M,Bronze
London,1948,Fencing,Fencing,"WORTH, George Vitez",USA,Men,sabre team,M,Bronze
London,1948,Fencing,Fencing,"BERCZELLY, Tibor",HUN,Men,sabre team,M,Gold
London,1948,Fencing,Fencing,"GEREVICH, Aladar",HUN,Men,sabre team,M,Gold
London,1948,Fencing,Fencing,"KARPATI, Rudolf",HUN,Men,sabre team,M,Gold
London,1948,Fencing,Fencing,"KOVACS, Pal Adam",HUN,Men,sabre team,M,Gold
London,1948,Fencing,Fencing,"PAPP, Bertalan",HUN,Men,sabre team,M,Gold
London,1948,Fencing,Fencing,"RAJCSANYI, Laszlo",HUN,Men,sabre team,M,Gold
London,1948,Fencing,Fencing,"DARE, Gastone",ITA,Men,sabre team,M,Silver
London,1948,Fencing,Fencing,"MONTANO, Aldo",ITA,Men,sabre team,M,Silver
London,1948,Fencing,Fencing,"NOSTINI, Renzo",ITA,Men,sabre team,M,Silver
London,1948,Fencing,Fencing,"PINTON, Vincenzo",ITA,Men,sabre team,M,Silver
London,1948,Fencing,Fencing,"RACCA, Mauro",ITA,Men,sabre team,M,Silver
London,1948,Fencing,Fencing,"TURCATO, Carlo",ITA,Men,sabre team,M,Silver
London,1948,Football,Football,"HANSEN, Jens Peter",DEN,Men,football,M,Bronze
London,1948,Football,Football,"HANSEN, John Angelo Valdemar Oster.",DEN,Men,football,M,Bronze
London,1948,Football,Football,"HANSEN, Karl Aage",DEN,Men,football,M,Bronze
London,1948,Football,Football,"JENSEN, Hans Viggo",DEN,Men,football,M,Bronze
London,1948,Football,Football,"JENSEN, Tage Ivan Linde",DEN,Men,football,M,Bronze
London,1948,Football,Football,"LUNDBERG, Knud",DEN,Men,football,M,Bronze
London,1948,Football,Football,"NIELSEN, Eigil Louis Marinus Ferdinand",DEN,Men,football,M,Bronze
London,1948,Football,Football,"ORNVOLD, Dion Erhardt",DEN,Men,football,M,Bronze
London,1948,Football,Football,"OVERGAARD, Knud Borge",DEN,Men,football,M,Bronze
London,1948,Football,Football,"PILMARK, Axel Peter",DEN,Men,football,M,Bronze
London,1948,Football,Football,"PLOGER, Johannes Theodor Louis",DEN,Men,football,M,Bronze
London,1948,Football,Football,"PRAEST, Carl Aage Andersen",DEN,Men,football,M,Bronze
London,1948,Football,Football,"SEEBACH, Holger",DEN,Men,football,M,Bronze
London,1948,Football,Football,"SÖRENSEN, Jörgen Leschly",DEN,Men,football,M,Bronze
London,1948,Football,Football,"ANDERSSON, Sune",SWE,Men,football,M,Gold
London,1948,Football,Football,"CARLSSON, Henry",SWE,Men,football,M,Gold
London,1948,Football,Football,"GREN, Gunnar",SWE,Men,football,M,Gold
London,1948,Football,Football,"LEANDER, Barje",SWE,Men,football,M,Gold
London,1948,Football,Football,"LIEDHOLM, Nils",SWE,Men,football,M,Gold
London,1948,Football,Football,"LINDBERG, Torsten",SWE,Men,football,M,Gold
London,1948,Football,Football,"NILSSON, Erik",SWE,Men,football,M,Gold
London,1948,Football,Football,"NORDAHL, Bertil",SWE,Men,football,M,Gold
London,1948,Football,Football,"NORDAHL, Gunnar",SWE,Men,football,M,Gold
London,1948,Football,Football,"NORDAHL, Knut",SWE,Men,football,M,Gold
London,1948,Football,Football,"ROSEN, Kjell",SWE,Men,football,M,Gold
London,1948,Football,Football,"ROSENGREN, Birger",SWE,Men,football,M,Gold
London,1948,Football,Football,"ATANASKOVIC, Aleksandar",YUG,Men,football,M,Silver
London,1948,Football,Football,"BOBEK, Stjepan",YUG,Men,football,M,Silver
London,1948,Football,Football,"BROZOVIC, Miroslav",YUG,Men,football,M,Silver
London,1948,Football,Football,"CAJKOVSKI, Zeljko",YUG,Men,football,M,Silver
London,1948,Football,Football,"CAJKOVSKI, Zlatko",YUG,Men,football,M,Silver
London,1948,Football,Football,"CIMERMANCIC, Zvonko",YUG,Men,football,M,Silver
London,1948,Football,Football,"JOVANOVIC, Miodrag",YUG,Men,football,M,Silver
London,1948,Football,Football,"LOVRIC, Ljubomir",YUG,Men,football,M,Silver
London,1948,Football,Football,"MIHAJLOVIC, Prvoslav",YUG,Men,football,M,Silver
London,1948,Football,Football,"MITIC, Rajko",YUG,Men,football,M,Silver
London,1948,Football,Football,"SOSTARIC, Franjo",YUG,Men,football,M,Silver
London,1948,Football,Football,"STANKOVIC, Branislav",YUG,Men,football,M,Silver
London,1948,Football,Football,"TOMASEVIC, Kosta",YUG,Men,football,M,Silver
London,1948,Football,Football,"VUKAS, Bernard",YUG,Men,football,M,Silver
London,1948,Football,Football,"WÖLFL, Franjo",YUG,Men,football,M,Silver
London,1948,Gymnastics,Artistic G.,"RUZICKA, Zdenek",TCH,Men,floor exercises,M,Bronze
London,1948,Gymnastics,Artistic G.,"PATAKI, Ferenc",HUN,Men,floor exercises,M,Gold
London,1948,Gymnastics,Artistic G.,"MOGYOROSI-KLENCS, Janos",HUN,Men,floor exercises,M,Silver
London,1948,Gymnastics,Artistic G.,"HUHTANEN, Veikko",FIN,Men,horizontal bar,M,Bronze
London,1948,Gymnastics,Artistic G.,"STALDER, Josef",SUI,Men,horizontal bar,M,Gold
London,1948,Gymnastics,Artistic G.,"LEHMANN, Walter",SUI,Men,horizontal bar,M,Silver
London,1948,Gymnastics,Artistic G.,"AALTONEN, Paavo Johannes",FIN,Men,individual all-round,M,Bronze
London,1948,Gymnastics,Artistic G.,"HUHTANEN, Veikko",FIN,Men,individual all-round,M,Gold
London,1948,Gymnastics,Artistic G.,"LEHMANN, Walter",SUI,Men,individual all-round,M,Silver
London,1948,Gymnastics,Artistic G.,"KIPFER, Christian",SUI,Men,parallel bars,M,Bronze
London,1948,Gymnastics,Artistic G.,"STALDER, Josef",SUI,Men,parallel bars,M,Bronze
London,1948,Gymnastics,Artistic G.,"REUSCH, Michael",SUI,Men,parallel bars,M,Gold
London,1948,Gymnastics,Artistic G.,"HUHTANEN, Veikko",FIN,Men,parallel bars,M,Silver
London,1948,Gymnastics,Artistic G.,"AALTONEN, Paavo Johannes",FIN,Men,pommel horse,M,Gold
London,1948,Gymnastics,Artistic G.,"HUHTANEN, Veikko",FIN,Men,pommel horse,M,Gold
London,1948,Gymnastics,Artistic G.,"SAVOLAINEN, Heikki",FIN,Men,pommel horse,M,Gold
London,1948,Gymnastics,Artistic G.,"RUZICKA, Zdenek",TCH,Men,rings,M,Bronze
London,1948,Gymnastics,Artistic G.,"FREI, Karl",SUI,Men,rings,M,Gold
London,1948,Gymnastics,Artistic G.,"REUSCH, Michael",SUI,Men,rings,M,Silver
London,1948,Gymnastics,Artistic G.,"BARANYAI, Laszlo",HUN,Men,team competition,M,Bronze
London,1948,Gymnastics,Artistic G.,"FEKETE, Jozsef",HUN,Men,team competition,M,Bronze
London,1948,Gymnastics,Artistic G.,"MOGYOROSI, Gyözö",HUN,Men,team competition,M,Bronze
London,1948,Gymnastics,Artistic G.,"MOGYOROSI-KLENCS, Janos",HUN,Men,team competition,M,Bronze
London,1948,Gymnastics,Artistic G.,"PATAKI, Ferenc",HUN,Men,team competition,M,Bronze
London,1948,Gymnastics,Artistic G.,"SANTHA, Lajos",HUN,Men,team competition,M,Bronze
London,1948,Gymnastics,Artistic G.,"TOTH, Lajos",HUN,Men,team competition,M,Bronze
London,1948,Gymnastics,Artistic G.,"VARKOI, Ferenc",HUN,Men,team competition,M,Bronze
London,1948,Gymnastics,Artistic G.,"AALTONEN, Paavo Johannes",FIN,Men,team competition,M,Gold
London,1948,Gymnastics,Artistic G.,"HUHTANEN, Veikko",FIN,Men,team competition,M,Gold
London,1948,Gymnastics,Artistic G.,"LAITINEN, Kalevi Johannes",FIN,Men,team competition,M,Gold
London,1948,Gymnastics,Artistic G.,"ROVE, Olavi Antero",FIN,Men,team competition,M,Gold
London,1948,Gymnastics,Artistic G.,"SAARVALA, Aleksanteri",FIN,Men,team competition,M,Gold
London,1948,Gymnastics,Artistic G.,"SALMI, Sulo Artur",FIN,Men,team competition,M,Gold
London,1948,Gymnastics,Artistic G.,"SAVOLAINEN, Heikki",FIN,Men,team competition,M,Gold
London,1948,Gymnastics,Artistic G.,"TERÄSVIRTA, Einari Allan",FIN,Men,team competition,M,Gold
London,1948,Gymnastics,Artistic G.,"FREI, Karl",SUI,Men,team competition,M,Silver
London,1948,Gymnastics,Artistic G.,"KIPFER, Christian",SUI,Men,team competition,M,Silver
London,1948,Gymnastics,Artistic G.,"LEHMANN, Walter",SUI,Men,team competition,M,Silver
London,1948,Gymnastics,Artistic G.,"LUCY, Robert",SUI,Men,team competition,M,Silver
London,1948,Gymnastics,Artistic G.,"REUSCH, Michael",SUI,Men,team competition,M,Silver
London,1948,Gymnastics,Artistic G.,"STALDER, Josef",SUI,Men,team competition,M,Silver
London,1948,Gymnastics,Artistic G.,"STUDER, Emil",SUI,Men,team competition,M,Silver
London,1948,Gymnastics,Artistic G.,"THALMANN, Melchior",SUI,Men,team competition,M,Silver
London,1948,Gymnastics,Artistic G.,"BAKANIC, Ladislava Aloisie",USA,Women,team competition,W,Bronze
London,1948,Gymnastics,Artistic G.,"BARONE, Marian Emma Twining",USA,Women,team competition,W,Bronze
London,1948,Gymnastics,Artistic G.,"CARRUCCIO-LENZ, Consetta Anne",USA,Women,team competition,W,Bronze
London,1948,Gymnastics,Artistic G.,"DALTON, Dorothy Catherine",USA,Women,team competition,W,Bronze
London,1948,Gymnastics,Artistic G.,"ELSTE-NEUMANN, Meta",USA,Women,team competition,W,Bronze
London,1948,Gymnastics,Artistic G.,"SCHIFANO, Helen Mary",USA,Women,team competition,W,Bronze
London,1948,Gymnastics,Artistic G.,"SCHROTH-LOMADY, Clara Marie",USA,Women,team competition,W,Bronze
London,1948,Gymnastics,Artistic G.,"SIMONIS, Anita Aline",USA,Women,team competition,W,Bronze
London,1948,Gymnastics,Artistic G.,"HONSOVA, Zdenka",TCH,Women,team competition,W,Gold
London,1948,Gymnastics,Artistic G.,"KOVAROVA, Marie",TCH,Women,team competition,W,Gold
London,1948,Gymnastics,Artistic G.,"MISAKOVA, Miloslava",TCH,Women,team competition,W,Gold
London,1948,Gymnastics,Artistic G.,"MÜLLEROVA, Milena",TCH,Women,team competition,W,Gold
London,1948,Gymnastics,Artistic G.,"RUZICKOVA, Vera",TCH,Women,team competition,W,Gold
London,1948,Gymnastics,Artistic G.,"SILHANOVA, Olga",TCH,Women,team competition,W,Gold
London,1948,Gymnastics,Artistic G.,"SRNCOVA, Bozena",TCH,Women,team competition,W,Gold
London,1948,Gymnastics,Artistic G.,"VERMIROVSKA, Zdenka",TCH,Women,team competition,W,Gold
London,1948,Gymnastics,Artistic G.,"FEHER, Anna",HUN,Women,team competition,W,Silver
London,1948,Gymnastics,Artistic G.,"GULYAS-KÖTELES, Erzsebet",HUN,Women,team competition,W,Silver
London,1948,Gymnastics,Artistic G.,"KARSICS-DARUHAZI, Iren",HUN,Women,team competition,W,Silver
London,1948,Gymnastics,Artistic G.,"KÖVI-ZALAI, Maria",HUN,Women,team competition,W,Silver
London,1948,Gymnastics,Artistic G.,"NAGY-SANDOR, Margit",HUN,Women,team competition,W,Silver
London,1948,Gymnastics,Artistic G.,"SARKANY-BALASZ, Erzebet",HUN,Women,team competition,W,Silver
London,1948,Gymnastics,Artistic G.,"TASS LEMHENYI, Olga",HUN,Women,team competition,W,Silver
London,1948,Gymnastics,Artistic G.,"VASARHELYI (WECKINGER), Edit",HUN,Women,team competition,W,Silver
London,1948,Gymnastics,Artistic G.,"MOGYOROSI-KLENCS, Janos",HUN,Men,vault,M,Bronze
London,1948,Gymnastics,Artistic G.,"PATAKI, Ferenc",HUN,Men,vault,M,Bronze
London,1948,Gymnastics,Artistic G.,"SOTORNIK, Leo",TCH,Men,vault,M,Bronze
London,1948,Gymnastics,Artistic G.,"AALTONEN, Paavo Johannes",FIN,Men,vault,M,Gold
London,1948,Gymnastics,Artistic G.,"ROVE, Olavi Antero",FIN,Men,vault,M,Silver
London,1948,Hockey,Hockey,"BOERSTRA, Andries Cornelis Dirk",NED,Men,hockey,M,Bronze
London,1948,Hockey,Hockey,"BOUWMAN, Hendricus Nicolaas",NED,Men,hockey,M,Bronze
London,1948,Hockey,Hockey,"BROMBERG, Pieter Marie Johan",NED,Men,hockey,M,Bronze
London,1948,Hockey,Hockey,"DERCKX, Henri Jean Joseph",NED,Men,hockey,M,Bronze
London,1948,Hockey,Hockey,"DRIJVER, Johan Frederik",NED,Men,hockey,M,Bronze
London,1948,Hockey,Hockey,"ESSER, Rius Theo",NED,Men,hockey,M,Bronze
London,1948,Hockey,Hockey,"KRUIZE, Jan Hendrik",NED,Men,hockey,M,Bronze
London,1948,Hockey,Hockey,"LANGHOUT, Jenne",NED,Men,hockey,M,Bronze
London,1948,Hockey,Hockey,"LOGGERE, Hermanus Pieter",NED,Men,hockey,M,Bronze
London,1948,Hockey,Hockey,"RICHTER, Antonius Maria",NED,Men,hockey,M,Bronze
London,1948,Hockey,Hockey,"TIEL, Edouard Herbert",NED,Men,hockey,M,Bronze
London,1948,Hockey,Hockey,"VAN HEEL, Willem",NED,Men,hockey,M,Bronze
London,1948,Hockey,Hockey,"AHKTAR, Hussain",IND,Men,hockey,M,Gold
London,1948,Hockey,Hockey,"CLAUDIUS, Leslie Walter",IND,Men,hockey,M,Gold
London,1948,Hockey,Hockey,"DATT, Keshava",IND,Men,hockey,M,Gold
London,1948,Hockey,Hockey,"D'SOUZA, Walter",IND,Men,hockey,M,Gold
London,1948,Hockey,Hockey,"FERNANDES, Lawrence",IND,Men,hockey,M,Gold
London,1948,Hockey,Hockey,"FRANCIS, Ranganandhan",IND,Men,hockey,M,Gold
London,1948,Hockey,Hockey,"GLACKEN, Gerald",IND,Men,hockey,M,Gold
London,1948,Hockey,Hockey,"JANSEN, Patrick",IND,Men,hockey,M,Gold
London,1948,Hockey,Hockey,"KUMAR, Amir Chand",IND,Men,hockey,M,Gold
London,1948,Hockey,Hockey,"LAL, Kishan",IND,Men,hockey,M,Gold
London,1948,Hockey,Hockey,"LATIF, Ur Rehman",IND,Men,hockey,M,Gold
London,1948,Hockey,Hockey,"PINTO, Leo",IND,Men,hockey,M,Gold
London,1948,Hockey,Hockey,"RAJPUT, Jaswant",IND,Men,hockey,M,Gold
London,1948,Hockey,Hockey,"RODRIGUES, Reginald",IND,Men,hockey,M,Gold
London,1948,Hockey,Hockey,"SINGH DOSANJH, Balbir",IND,Men,hockey,M,Gold
London,1948,Hockey,Hockey,"SINGH GENTLE, Randhir",IND,Men,hockey,M,Gold
London,1948,Hockey,Hockey,"SINGH, Grahanandan Nandy",IND,Men,hockey,M,Gold
London,1948,Hockey,Hockey,"SINGH, Kunwar Digvijai",IND,Men,hockey,M,Gold
London,1948,Hockey,Hockey,"SINGH, Trilochan",IND,Men,hockey,M,Gold
London,1948,Hockey,Hockey,"VAZ, Max",IND,Men,hockey,M,Gold
London,1948,Hockey,Hockey,"ADLARD, Robert Edward",GBR,Men,hockey,M,Silver
London,1948,Hockey,Hockey,"BORRETT, Norman Francis",GBR,Men,hockey,M,Silver
London,1948,Hockey,Hockey,"BRODIE, David L.S.",GBR,Men,hockey,M,Silver
London,1948,Hockey,Hockey,"DAVIS, Ronald",GBR,Men,hockey,M,Silver
London,1948,Hockey,Hockey,"GRIFFITHS, William Salterlee",GBR,Men,hockey,M,Silver
London,1948,Hockey,Hockey,"LINDSAY, Frederick Robin",GBR,Men,hockey,M,Silver
London,1948,Hockey,Hockey,"LINDSAY, William L.C.",GBR,Men,hockey,M,Silver
London,1948,Hockey,Hockey,"PEAKE, John Morris",GBR,Men,hockey,M,Silver
London,1948,Hockey,Hockey,"REYNOLDS, Frank O.",GBR,Men,hockey,M,Silver
London,1948,Hockey,Hockey,"SIME, George B.",GBR,Men,hockey,M,Silver
London,1948,Hockey,Hockey,"WALFORD, Michael Moore",GBR,Men,hockey,M,Silver
London,1948,Hockey,Hockey,"WHITE, William Neil",GBR,Men,hockey,M,Silver
London,1948,Modern Pentathlon,Modern Pentath.,"GÄRDIN, Gösta",SWE,Men,Individual competition,M,Bronze
London,1948,Modern Pentathlon,Modern Pentath.,"GRUT, William",SWE,Men,Individual competition,M,Gold
London,1948,Modern Pentathlon,Modern Pentath.,"MOORE, George Bissland",USA,Men,Individual competition,M,Silver
London,1948,Rowing,Rowing,"BONI, Bruno",ITA,Men,coxless pair (2-),M,Bronze
London,1948,Rowing,Rowing,"FANETTI, Felice",ITA,Men,coxless pair (2-),M,Bronze
London,1948,Rowing,Rowing,"LAURIE, William",GBR,Men,coxless pair (2-),M,Gold
London,1948,Rowing,Rowing,"WILSON, John",GBR,Men,coxless pair (2-),M,Gold
London,1948,Rowing,Rowing,"KALT, Hans",SUI,Men,coxless pair (2-),M,Silver
London,1948,Rowing,Rowing,"KALT, Josef",SUI,Men,coxless pair (2-),M,Silver
London,1948,Rowing,Rowing,"JONES, William",URU,Men,double sculls (2x),M,Bronze
London,1948,Rowing,Rowing,"RODRIGUEZ, Juan A.",URU,Men,double sculls (2x),M,Bronze
London,1948,Rowing,Rowing,"BURNELL, Richard Desborough",GBR,Men,double sculls (2x),M,Gold
London,1948,Rowing,Rowing,"BUSHNELL, Bertram Herbert Th.",GBR,Men,double sculls (2x),M,Gold
London,1948,Rowing,Rowing,"LARSEN, Aage Ernst",DEN,Men,double sculls (2x),M,Silver
London,1948,Rowing,Rowing,"PARSNER, Ebbe Vestermann",DEN,Men,double sculls (2x),M,Silver
London,1948,Rowing,Rowing,"GRAN OLSEN/GRANGARD, Halfdan",NOR,Men,eight with coxswain (8+),M,Bronze
London,1948,Rowing,Rowing,"HANSEN, Hans Egil",NOR,Men,eight with coxswain (8+),M,Bronze
London,1948,Rowing,Rowing,"KRAAKENES, Harald",NOR,Men,eight with coxswain (8+),M,Bronze
London,1948,Rowing,Rowing,"KRAAKENES, Thorstein",NOR,Men,eight with coxswain (8+),M,Bronze
London,1948,Rowing,Rowing,"LEPSOË, Kristoffer",NOR,Men,eight with coxswain (8+),M,Bronze
London,1948,Rowing,Rowing,"MONSSEN, Carl Henrik",NOR,Men,eight with coxswain (8+),M,Bronze
London,1948,Rowing,Rowing,"MONSSEN, Sigurd",NOR,Men,eight with coxswain (8+),M,Bronze
London,1948,Rowing,Rowing,"NAESS, Leif",NOR,Men,eight with coxswain (8+),M,Bronze
London,1948,Rowing,Rowing,"PEDERSEN, Thor",NOR,Men,eight with coxswain (8+),M,Bronze
London,1948,Rowing,Rowing,"AHLGREN, George Lewis",USA,Men,eight with coxswain (8+),M,Gold
London,1948,Rowing,Rowing,"BROWN, David Preston",USA,Men,eight with coxswain (8+),M,Gold
London,1948,Rowing,Rowing,"BUTLER, Lloyd Lemarr",USA,Men,eight with coxswain (8+),M,Gold
London,1948,Rowing,Rowing,"HARDY, James Herbert",USA,Men,eight with coxswain (8+),M,Gold
London,1948,Rowing,Rowing,"PURCHASE, Ralph Kenneth",USA,Men,eight with coxswain (8+),M,Gold
London,1948,Rowing,Rowing,"SMITH, Justus Ketcham",USA,Men,eight with coxswain (8+),M,Gold
London,1948,Rowing,Rowing,"STACK, John Charles",USA,Men,eight with coxswain (8+),M,Gold
London,1948,Rowing,Rowing,"TURNER, David Lindsay",USA,Men,eight with coxswain (8+),M,Gold
London,1948,Rowing,Rowing,"TURNER, Ian Gordon",USA,Men,eight with coxswain (8+),M,Gold
London,1948,Rowing,Rowing,"BARTON, Christopher Bertram",GBR,Men,eight with coxswain (8+),M,Silver
London,1948,Rowing,Rowing,"BIRCHER, Ernest Augustus Paul",GBR,Men,eight with coxswain (8+),M,Silver
London,1948,Rowing,Rowing,"DEARLOVE, Jack G.",GBR,Men,eight with coxswain (8+),M,Silver
London,1948,Rowing,Rowing,"LAPAGE, Michael Clement",GBR,Men,eight with coxswain (8+),M,Silver
London,1948,Rowing,Rowing,"LLOYD, Charles Brian Murray",GBR,Men,eight with coxswain (8+),M,Silver
London,1948,Rowing,Rowing,"MASSEY, Paul Mackintosh O.",GBR,Men,eight with coxswain (8+),M,Silver
London,1948,Rowing,Rowing,"MELLOWS, Alfred Paul",GBR,Men,eight with coxswain (8+),M,Silver
London,1948,Rowing,Rowing,"MEYRICK, David John Charlton",GBR,Men,eight with coxswain (8+),M,Silver
London,1948,Rowing,Rowing,"RICHARDSON, Guy Colquhoun",GBR,Men,eight with coxswain (8+),M,Silver
London,1948,Rowing,Rowing,"GATES, Gregory Crozier",USA,Men,four without coxswain (4-),M,Bronze
London,1948,Rowing,Rowing,"GRIFFING, Stuart Lane",USA,Men,four without coxswain (4-),M,Bronze
London,1948,Rowing,Rowing,"KINGSBURY, Frederick John Iv",USA,Men,four without coxswain (4-),M,Bronze
London,1948,Rowing,Rowing,"PEREW, Roben Strahan",USA,Men,four without coxswain (4-),M,Bronze
London,1948,Rowing,Rowing,"FAGGI, Francesco",ITA,Men,four without coxswain (4-),M,Gold
London,1948,Rowing,Rowing,"INVERNIZZI, Giovanni",ITA,Men,four without coxswain (4-),M,Gold
London,1948,Rowing,Rowing,"MOIOLI, Giuseppe",ITA,Men,four without coxswain (4-),M,Gold
London,1948,Rowing,Rowing,"MORILLE, Elio",ITA,Men,four without coxswain (4-),M,Gold
London,1948,Rowing,Rowing,"HALKJAER, Helge",DEN,Men,four without coxswain (4-),M,Silver
London,1948,Rowing,Rowing,"HANSEN, Aksel Bonde",DEN,Men,four without coxswain (4-),M,Silver
London,1948,Rowing,Rowing,"LARSEN, Ib Storm",DEN,Men,four without coxswain (4-),M,Silver
London,1948,Rowing,Rowing,"SCHRÖDER, Helge Muxoll",DEN,Men,four without coxswain (4-),M,Silver
London,1948,Rowing,Rowing,"KNUDSEN, Harry Madsen",DEN,Men,four-oared shell with coxswain (4-),M,Bronze
London,1948,Rowing,Rowing,"LARSEN, Erik Christian",DEN,Men,four-oared shell with coxswain (4-),M,Bronze
London,1948,Rowing,Rowing,"LARSEN, Henry Christian",DEN,Men,four-oared shell with coxswain (4-),M,Bronze
London,1948,Rowing,Rowing,"NIELSEN, Börge Daniel Raahauge",DEN,Men,four-oared shell with coxswain (4-),M,Bronze
London,1948,Rowing,Rowing,"OLSEN, Jörgen Ib",DEN,Men,four-oared shell with coxswain (4-),M,Bronze
London,1948,Rowing,Rowing,"GIOVANELLI, Gordon Stephen",USA,Men,four-oared shell with coxswain (4-),M,Gold
London,1948,Rowing,Rowing,"MARTIN, Robert Doud",USA,Men,four-oared shell with coxswain (4-),M,Gold
London,1948,Rowing,Rowing,"MORGAN, Allan Jerome",USA,Men,four-oared shell with coxswain (4-),M,Gold
London,1948,Rowing,Rowing,"WESTLUND, Warren Dehaven",USA,Men,four-oared shell with coxswain (4-),M,Gold
London,1948,Rowing,Rowing,"WILL, Robert Ide",USA,Men,four-oared shell with coxswain (4-),M,Gold
London,1948,Rowing,Rowing,"KNECHT, Emile A.",SUI,Men,four-oared shell with coxswain (4-),M,Silver
London,1948,Rowing,Rowing,"MOCCAND, Andre",SUI,Men,four-oared shell with coxswain (4-),M,Silver
London,1948,Rowing,Rowing,"REICHLING, Rudolf",SUI,Men,four-oared shell with coxswain (4-),M,Silver
London,1948,Rowing,Rowing,"SCHRIEVER, Erich",SUI,Men,four-oared shell with coxswain (4-),M,Silver
London,1948,Rowing,Rowing,"STEBLER, Pierre Armand",SUI,Men,four-oared shell with coxswain (4-),M,Silver
London,1948,Rowing,Rowing,"SZENDEY, Antal",HUN,Men,pair-oared shell with coxswain (2+),M,Bronze
London,1948,Rowing,Rowing,"ZIMONYI, Robert",HUN,Men,pair-oared shell with coxswain (2+),M,Bronze
London,1948,Rowing,Rowing,"ZSITNIK SR., Bela",HUN,Men,pair-oared shell with coxswain (2+),M,Bronze
London,1948,Rowing,Rowing,"ANDERSEN, Carl-Ebbe",DEN,Men,pair-oared shell with coxswain (2+),M,Gold
London,1948,Rowing,Rowing,"HENRIKSEN, Tage",DEN,Men,pair-oared shell with coxswain (2+),M,Gold
London,1948,Rowing,Rowing,"PEDERSEN, Finn",DEN,Men,pair-oared shell with coxswain (2+),M,Gold
London,1948,Rowing,Rowing,"RADI, Alberto",ITA,Men,pair-oared shell with coxswain (2+),M,Silver
London,1948,Rowing,Rowing,"STEFFE, Giovanni",ITA,Men,pair-oared shell with coxswain (2+),M,Silver
London,1948,Rowing,Rowing,"TARLAO, Aldo",ITA,Men,pair-oared shell with coxswain (2+),M,Silver
London,1948,Rowing,Rowing,"CATASTA, Romolo",ITA,Men,single sculls (1x),M,Bronze
London,1948,Rowing,Rowing,"WOOD, Merwyn Thomas",AUS,Men,single sculls (1x),M,Gold
London,1948,Rowing,Rowing,"RISSO, Eduardo G.",URU,Men,single sculls (1x),M,Silver
London,1948,Sailing,Sailing,"AMELN, Carl-Robert",SWE,Men,6m,X,Bronze
London,1948,Sailing,Sailing,"HINDORFF, Martin",SWE,Men,6m,X,Bronze
London,1948,Sailing,Sailing,"HOLM, Tore",SWE,Men,6m,X,Bronze
London,1948,Sailing,Sailing,"LORD, Torsten",SWE,Men,6m,X,Bronze
London,1948,Sailing,Sailing,"SALEN, Gösta",SWE,Men,6m,X,Bronze
London,1948,Sailing,Sailing,"LOOMIS, Alfred Lee Jr.",USA,Men,6m,X,Gold
London,1948,Sailing,Sailing,"MOONEY, Michael Macdonald",USA,Men,6m,X,Gold
London,1948,Sailing,Sailing,"SMITH, James Hopkins Jr.",USA,Men,6m,X,Gold
London,1948,Sailing,Sailing,"WEEKES, James Higgonson",USA,Men,6m,X,Gold
London,1948,Sailing,Sailing,"WHITON, Herman Frasch",USA,Men,6m,X,Gold
London,1948,Sailing,Sailing,"HOMP, Emilio C.",ARG,Men,6m,X,Silver
London,1948,Sailing,Sailing,"RIVADEMAR, Rodolfo",ARG,Men,6m,X,Silver
London,1948,Sailing,Sailing,"RODRIGUEZ DE LA TORRE, Rufino",ARG,Men,6m,X,Silver
London,1948,Sailing,Sailing,"SIEBURGER JR., Enrique Conrado",ARG,Men,6m,X,Silver
London,1948,Sailing,Sailing,"SIEBURGER SR., Enrique Conrado",ARG,Men,6m,X,Silver
London,1948,Sailing,Sailing,"SIEBURGER, Julio Christian",ARG,Men,6m,X,Silver
London,1948,Sailing,Sailing,"BAESS, Klaus Baard",DEN,Men,dragon,X,Bronze
London,1948,Sailing,Sailing,"BERNTSEN, Ole Valdemar Henrik",DEN,Men,dragon,X,Bronze
London,1948,Sailing,Sailing,"BERNTSEN, William Eldred",DEN,Men,dragon,X,Bronze
London,1948,Sailing,Sailing,"BARFOD, Haakon",NOR,Men,dragon,X,Gold
London,1948,Sailing,Sailing,"LIE, Sigve",NOR,Men,dragon,X,Gold
London,1948,Sailing,Sailing,"THORVALDSEN, Thor",NOR,Men,dragon,X,Gold
London,1948,Sailing,Sailing,"BOHLIN, Folke",SWE,Men,dragon,X,Silver
London,1948,Sailing,Sailing,"BRODIN, Gösta",SWE,Men,dragon,X,Silver
London,1948,Sailing,Sailing,"JOHNSON, Hugo",SWE,Men,dragon,X,Silver
London,1948,Sailing,Sailing,"DE JONG, Jacobus Hermanus Hendrik",NED,Men,firefly class,X,Bronze
London,1948,Sailing,Sailing,"ELVSTROM, Paul",DEN,Men,firefly class,X,Gold
London,1948,Sailing,Sailing,"EVANS, Ralph Liggett Jr.",USA,Men,firefly class,X,Silver
London,1948,Sailing,Sailing,"PIRIE, Lockwood Masters",USA,Men,swallow (golondrina),X,Bronze
London,1948,Sailing,Sailing,"TORREY, Owen Cates Jr.",USA,Men,swallow (golondrina),X,Bronze
London,1948,Sailing,Sailing,"BOND, David John Were",GBR,Men,swallow (golondrina),X,Gold
London,1948,Sailing,Sailing,"MORRIS, Stewart Harold",GBR,Men,swallow (golondrina),X,Gold
London,1948,Sailing,Sailing,"BELLO, Duarte M.D'Almeida",POR,Men,swallow (golondrina),X,Silver
London,1948,Sailing,Sailing,"BELLO, Fernando Pinto Coelho",POR,Men,swallow (golondrina),X,Silver
London,1948,Sailing,Sailing,"MAAS, Adriaan Lambertus Joseph",NED,Men,two-person keelboat open (Star),X,Bronze
London,1948,Sailing,Sailing,"STUTTERHEIM, Edward",NED,Men,two-person keelboat open (Star),X,Bronze
London,1948,Sailing,Sailing,"SMART, Hilary Hurlburt",USA,Men,two-person keelboat open (Star),X,Gold
London,1948,Sailing,Sailing,"SMART, Paul Hurlburt",USA,Men,two-person keelboat open (Star),X,Gold
London,1948,Sailing,Sailing,"DE CARDENAS CULMELL, Carlos",CUB,Men,two-person keelboat open (Star),X,Silver
London,1948,Sailing,Sailing,"DE CARDENAS PLA, Carlos",CUB,Men,two-person keelboat open (Star),X,Silver
London,1948,Shooting,Shooting,"LUNDQUIST, Sven",SWE,Men,25m rapid fire pistol (60 shots),M,Bronze
London,1948,Shooting,Shooting,"TAKACS, Karoly",HUN,Men,25m rapid fire pistol (60 shots),M,Gold
London,1948,Shooting,Shooting,"DIAZ SAENZ VALIENTE, Carlos Enrique",ARG,Men,25m rapid fire pistol (60 shots),M,Silver
London,1948,Shooting,Shooting,"RÖGEBERG, Willy",NOR,Men,300m free rifle 3 positions (3x40 shots),M,Bronze
London,1948,Shooting,Shooting,"GRÜNIG, Emil",SUI,Men,300m free rifle 3 positions (3x40 shots),M,Gold
London,1948,Shooting,Shooting,"JANHONEN, Pauli Aapeli",FIN,Men,300m free rifle 3 positions (3x40 shots),M,Silver
London,1948,Shooting,Shooting,"ULLMAN, Torsten",SWE,Men,50m pistol (60 shots),M,Bronze
London,1948,Shooting,Shooting,"VASQUEZ CAM, Edwin",PER,Men,50m pistol (60 shots),M,Gold
London,1948,Shooting,Shooting,"SCHNYDER, Rudolf",SUI,Men,50m pistol (60 shots),M,Silver
London,1948,Shooting,Shooting,"JONSSON, Jonas",SWE,Men,50m rifle prone (60 shots),M,Bronze
London,1948,Shooting,Shooting,"COOK, Arthur Edwin",USA,Men,50m rifle prone (60 shots),M,Gold
London,1948,Shooting,Shooting,"TOMSEN, Walter",USA,Men,50m rifle prone (60 shots),M,Silver
London,1948,Weightlifting,Weightlifting,"TOM, Richard Watt Sung",USA,Men,"- 56kg, total (bantamweight)",M,Bronze
London,1948,Weightlifting,Weightlifting,"DE PIETRO, Joseph Nicholas",USA,Men,"- 56kg, total (bantamweight)",M,Gold
London,1948,Weightlifting,Weightlifting,"CREUS, Julian",GBR,Men,"- 56kg, total (bantamweight)",M,Silver
London,1948,Weightlifting,Weightlifting,"CHARITE, Abraham",NED,Men,"+ 82.5kg, total (heavyweight)",M,Bronze
London,1948,Weightlifting,Weightlifting,"DAVIS, John Henry Jr.",USA,Men,"+ 82.5kg, total (heavyweight)",M,Gold
London,1948,Weightlifting,Weightlifting,"SCHEMANSKY, Norbert",USA,Men,"+ 82.5kg, total (heavyweight)",M,Silver
London,1948,Weightlifting,Weightlifting,"SALMASSI, Jafar Mohammad",IRI,Men,"56 - 60kg, total (featherweight)",M,Bronze
London,1948,Weightlifting,Weightlifting,"FAYAD, Mahmoud",EGY,Men,"56 - 60kg, total (featherweight)",M,Gold
London,1948,Weightlifting,Weightlifting,"WILKES, Rodney Adolphus",TRI,Men,"56 - 60kg, total (featherweight)",M,Silver
London,1948,Weightlifting,Weightlifting,"HALLIDAY, James",GBR,Men,"60 - 67.5kg, total (lightweight)",M,Bronze
London,1948,Weightlifting,Weightlifting,"SHAMS, Ibrahim Hassanein",EGY,Men,"60 - 67.5kg, total (lightweight)",M,Gold
London,1948,Weightlifting,Weightlifting,"HAMOUDA, Attia Mohamed",EGY,Men,"60 - 67.5kg, total (lightweight)",M,Silver
London,1948,Weightlifting,Weightlifting,"KIM, Sung-Jip",KOR,Men,"67.5 - 75kg, total (middleweight)",M,Bronze
London,1948,Weightlifting,Weightlifting,"SPELLMAN, Frank Isaac",USA,Men,"67.5 - 75kg, total (middleweight)",M,Gold
London,1948,Weightlifting,Weightlifting,"GEORGE, Peter T.",USA,Men,"67.5 - 75kg, total (middleweight)",M,Silver
London,1948,Weightlifting,Weightlifting,"MAGNUSSON, Gösta",SWE,Men,"75 - 82.5kg, total (light-heavyweight)",M,Bronze
London,1948,Weightlifting,Weightlifting,"STANCZYK, Stanley Anthony",USA,Men,"75 - 82.5kg, total (light-heavyweight)",M,Gold
London,1948,Weightlifting,Weightlifting,"SAKATA, Harold Toshiyuki",USA,Men,"75 - 82.5kg, total (light-heavyweight)",M,Silver
London,1948,Wrestling,Wrestling Free.,"JOHANSSON, Thure",SWE,Men,- 52kg (flyweight),M,Bronze
London,1948,Wrestling,Wrestling Free.,"VIITALA, Lenni",FIN,Men,- 52kg (flyweight),M,Gold
London,1948,Wrestling,Wrestling Free.,"BALAMIR, Halit",TUR,Men,- 52kg (flyweight),M,Silver
London,1948,Wrestling,Wrestling Free.,"ARMSTRONG, Joseph",AUS,Men,+ 87kg (heavyweight),M,Bronze
London,1948,Wrestling,Wrestling Free.,"BOBIS, Gyula",HUN,Men,+ 87kg (heavyweight),M,Gold
London,1948,Wrestling,Wrestling Free.,"ANTONSSON, Bertil",SWE,Men,+ 87kg (heavyweight),M,Silver
London,1948,Wrestling,Wrestling Free.,"KOUYOS, Charles",FRA,Men,52 - 57kg (bantamweight),M,Bronze
London,1948,Wrestling,Wrestling Free.,"AKAR, Nazuh",TUR,Men,52 - 57kg (bantamweight),M,Gold
London,1948,Wrestling,Wrestling Free.,"LEEMAN, Gerald Grant",USA,Men,52 - 57kg (bantamweight),M,Silver
London,1948,Wrestling,Wrestling Free.,"MÜLLER, Adolf",SUI,Men,57 - 63kg (featherweight),M,Bronze
London,1948,Wrestling,Wrestling Free.,"BILGE, Gazanfer",TUR,Men,57 - 63kg (featherweight),M,Gold
London,1948,Wrestling,Wrestling Free.,"SJÖLIN, Ivar",SWE,Men,57 - 63kg (featherweight),M,Silver
London,1948,Wrestling,Wrestling Free.,"BAUMANN, Hermann",SUI,Men,63 - 67kg (lightweight),M,Bronze
London,1948,Wrestling,Wrestling Free.,"ATIK, Celal",TUR,Men,63 - 67kg (lightweight),M,Gold
London,1948,Wrestling,Wrestling Free.,"FRÄNDFORS-JÖNSSON, Gösta",SWE,Men,63 - 67kg (lightweight),M,Silver
London,1948,Wrestling,Wrestling Free.,"MERRILL, Leland Gilbert Jr.",USA,Men,67 - 73kg (welterweight),M,Bronze
London,1948,Wrestling,Wrestling Free.,"DOGU, Yasar",TUR,Men,67 - 73kg (welterweight),M,Gold
London,1948,Wrestling,Wrestling Free.,"GARRARD, Richard Edward",AUS,Men,67 - 73kg (welterweight),M,Silver
London,1948,Wrestling,Wrestling Free.,"LINDEN, Erik",SWE,Men,73 - 79kg (middleweight),M,Bronze
London,1948,Wrestling,Wrestling Free.,"BRAND, Glen",USA,Men,73 - 79kg (middleweight),M,Gold
London,1948,Wrestling,Wrestling Free.,"CANDEMIR, Adil",TUR,Men,73 - 79kg (middleweight),M,Silver
London,1948,Wrestling,Wrestling Free.,"FAHLKVIST, Bengt",SWE,Men,79 - 87kg (light-heavyweight),M,Bronze
London,1948,Wrestling,Wrestling Free.,"WITTENBERG, Henry",USA,Men,79 - 87kg (light-heavyweight),M,Gold
London,1948,Wrestling,Wrestling Free.,"STÖCKLI, Fritz",SUI,Men,79 - 87kg (light-heavyweight),M,Silver
London,1948,Wrestling,Wrestling Gre-R,"KANGASMÄKI, Reino",FIN,Men,- 52kg (flyweight),M,Bronze
London,1948,Wrestling,Wrestling Gre-R,"LOMBARDI, Pietro",ITA,Men,- 52kg (flyweight),M,Gold
London,1948,Wrestling,Wrestling Gre-R,"OLCAY, Kenan",TUR,Men,- 52kg (flyweight),M,Silver
London,1948,Wrestling,Wrestling Gre-R,"FANTONI, Guido",ITA,Men,+ 87kg (super heavyweight),M,Bronze
London,1948,Wrestling,Wrestling Gre-R,"KIREÇÇI, Ahmet",TUR,Men,+ 87kg (super heavyweight),M,Gold
London,1948,Wrestling,Wrestling Gre-R,"NILSSON, Tor",SWE,Men,+ 87kg (super heavyweight),M,Silver
