Montreal,1976,Fencing,Fencing,"SIMONCELLI, Stefano",ITA,Men,foil team,M,Silver
Montreal,1976,Fencing,Fencing,"BOBIS-FERKASINSZKY, Ildiko",HUN,Women,foil team,W,Bronze
Montreal,1976,Fencing,Fencing,"KOVACS, Edit",HUN,Women,foil team,W,Bronze
Montreal,1976,Fencing,Fencing,"MAROS, Magda",HUN,Women,foil team,W,Bronze
Montreal,1976,Fencing,Fencing,"REJTO-UJLAKI, Ildiko",HUN,Women,foil team,W,Bronze
Montreal,1976,Fencing,Fencing,"SCHWARCZENBERGER, Ildiko",HUN,Women,foil team,W,Bronze
Montreal,1976,Fencing,Fencing,"GILIAZOVA, Nailia",URS,Women,foil team,W,Gold
Montreal,1976,Fencing,Fencing,"KNYAZEVA, Olga",URS,Women,foil team,W,Gold
Montreal,1976,Fencing,Fencing,"NIKONOVA, Valentina",URS,Women,foil team,W,Gold
Montreal,1976,Fencing,Fencing,"NOVIKOVA-BELOVA, Elena",URS,Women,foil team,W,Gold
Montreal,1976,Fencing,Fencing,"SIDOROVA, Valentina",URS,Women,foil team,W,Gold
Montreal,1976,Fencing,Fencing,"GAPAIS-DUMONT, Brigitte",FRA,Women,foil team,W,Silver
Montreal,1976,Fencing,Fencing,"HERBSTER-JOSLAND, Claudette",FRA,Women,foil team,W,Silver
Montreal,1976,Fencing,Fencing,"LATRILLE-GAUDIN, Brigitte",FRA,Women,foil team,W,Silver
Montreal,1976,Fencing,Fencing,"MUZIO, Christine",FRA,Women,foil team,W,Silver
Montreal,1976,Fencing,Fencing,"TRINQUET, Veronique",FRA,Women,foil team,W,Silver
Montreal,1976,Fencing,Fencing,"SIDYAK, Viktor",URS,Men,sabre individual,M,Bronze
Montreal,1976,Fencing,Fencing,"KROVOPUSKOV, Viktor",URS,Men,sabre individual,M,Gold
Montreal,1976,Fencing,Fencing,"NAZLYMOV, Vladimir",URS,Men,sabre individual,M,Silver
Montreal,1976,Fencing,Fencing,"IRIMICIUC, Daniel",ROU,Men,sabre team,M,Bronze
Montreal,1976,Fencing,Fencing,"MARIN, Corneliu",ROU,Men,sabre team,M,Bronze
Montreal,1976,Fencing,Fencing,"MUSTATA, Marin",ROU,Men,sabre team,M,Bronze
Montreal,1976,Fencing,Fencing,"NILCA, Alexandru",ROU,Men,sabre team,M,Bronze
Montreal,1976,Fencing,Fencing,"POP, Ioan",ROU,Men,sabre team,M,Bronze
Montreal,1976,Fencing,Fencing,"BURTSEV, Mikhail",URS,Men,sabre team,M,Gold
Montreal,1976,Fencing,Fencing,"KROVOPUSKOV, Viktor",URS,Men,sabre team,M,Gold
Montreal,1976,Fencing,Fencing,"NAZLYMOV, Vladimir",URS,Men,sabre team,M,Gold
Montreal,1976,Fencing,Fencing,"SIDYAK, Viktor",URS,Men,sabre team,M,Gold
Montreal,1976,Fencing,Fencing,"VINOKUROV, Eduard",URS,Men,sabre team,M,Gold
Montreal,1976,Fencing,Fencing,"ARCIDIACONO, Angelo",ITA,Men,sabre team,M,Silver
Montreal,1976,Fencing,Fencing,"MAFFEI, Michele",ITA,Men,sabre team,M,Silver
Montreal,1976,Fencing,Fencing,"MONTANO, Mario Aldo",ITA,Men,sabre team,M,Silver
Montreal,1976,Fencing,Fencing,"MONTANO, Mario Tullio",ITA,Men,sabre team,M,Silver
Montreal,1976,Fencing,Fencing,"MONTANO, Tommaso",ITA,Men,sabre team,M,Silver
Montreal,1976,Football,Football,"ASTAPOVSKY, Vladimir",URS,Men,football,M,Bronze
Montreal,1976,Football,Football,"BLOKHIN, Oleg",URS,Men,football,M,Bronze
Montreal,1976,Football,Football,"BURYAK, Leonid",URS,Men,football,M,Bronze
Montreal,1976,Football,Football,"FEDOROV, Vladimir",URS,Men,football,M,Bronze
Montreal,1976,Football,Football,"FOMENKO, Mikhail",URS,Men,football,M,Bronze
Montreal,1976,Football,Football,"KIPIANI, David",URS,Men,football,M,Bronze
Montreal,1976,Football,Football,"KOLOTOV, Viktor",URS,Men,football,M,Bronze
Montreal,1976,Football,Football,"KONKOV, Anatoli",URS,Men,football,M,Bronze
Montreal,1976,Football,Football,"MATVIENKO, Viktor",URS,Men,football,M,Bronze
Montreal,1976,Football,Football,"MINAEV, Aleksandr",URS,Men,football,M,Bronze
Montreal,1976,Football,Football,"NAZARENKO, Leonid",URS,Men,football,M,Bronze
Montreal,1976,Football,Football,"ONISHCHENKO, Vladimir",URS,Men,football,M,Bronze
Montreal,1976,Football,Football,"PROKHOROV, Aleksandr",URS,Men,football,M,Bronze
Montreal,1976,Football,Football,"RESHKO, Stefan",URS,Men,football,M,Bronze
Montreal,1976,Football,Football,"TROSHKIN, Vladimir",URS,Men,football,M,Bronze
Montreal,1976,Football,Football,"VEREMEEV, Vladimir",URS,Men,football,M,Bronze
Montreal,1976,Football,Football,"ZVYAGINTSEV, Viktor",URS,Men,football,M,Bronze
Montreal,1976,Football,Football,"BRANSCH, Bernd",GDR,Men,football,M,Gold
Montreal,1976,Football,Football,"CROY, Jürgen",GDR,Men,football,M,Gold
Montreal,1976,Football,Football,"DÖRNER, Hans-Jürgen",GDR,Men,football,M,Gold
Montreal,1976,Football,Football,"GRAPENTHIN, Hans-Ulrich",GDR,Men,football,M,Gold
Montreal,1976,Football,Football,"GRÖBNER, Wilfried",GDR,Men,football,M,Gold
Montreal,1976,Football,Football,"HÄFNER, Reinhard",GDR,Men,football,M,Gold
Montreal,1976,Football,Football,"HEIDLER, Gerd",GDR,Men,football,M,Gold
Montreal,1976,Football,Football,"HOFFMANN, Martin",GDR,Men,football,M,Gold
Montreal,1976,Football,Football,"KISCHE, Gerd",GDR,Men,football,M,Gold
Montreal,1976,Football,Football,"KURBJUWEIT, Lothar",GDR,Men,football,M,Gold
Montreal,1976,Football,Football,"LAUCK, Reinhard",GDR,Men,football,M,Gold
Montreal,1976,Football,Football,"LÖWE, Wolfram",GDR,Men,football,M,Gold
Montreal,1976,Football,Football,"RIEDEL, Dieter",GDR,Men,football,M,Gold
Montreal,1976,Football,Football,"RIEDIGER, Hans-Jürgen",GDR,Men,football,M,Gold
Montreal,1976,Football,Football,"SCHADE, Hartmut",GDR,Men,football,M,Gold
Montreal,1976,Football,Football,"WEBER, Gerd",GDR,Men,football,M,Gold
Montreal,1976,Football,Football,"WEISE, Konrad",GDR,Men,football,M,Gold
Montreal,1976,Football,Football,"BENIGER, Jan",POL,Men,football,M,Silver
Montreal,1976,Football,Football,"CMIKIEWICZ, Leslaw",POL,Men,football,M,Silver
Montreal,1976,Football,Football,"DEYNA, Kazimierz",POL,Men,football,M,Silver
Montreal,1976,Football,Football,"GORGON, Jerzy",POL,Men,football,M,Silver
Montreal,1976,Football,Football,"KASPERCZAK, Henryk",POL,Men,football,M,Silver
Montreal,1976,Football,Football,"KMIECIK, Kazimierz",POL,Men,football,M,Silver
Montreal,1976,Football,Football,"LATO, Grzegorz",POL,Men,football,M,Silver
Montreal,1976,Football,Football,"MASZCZYK, Zygmunt",POL,Men,football,M,Silver
Montreal,1976,Football,Football,"MOWLIK, Piotr",POL,Men,football,M,Silver
Montreal,1976,Football,Football,"OGAZA, Roman",POL,Men,football,M,Silver
Montreal,1976,Football,Football,"RUDY, Wojciech",POL,Men,football,M,Silver
Montreal,1976,Football,Football,"SZARMACH, Andrzej",POL,Men,football,M,Silver
Montreal,1976,Football,Football,"SZYMANOWSKI, Antoni",POL,Men,football,M,Silver
Montreal,1976,Football,Football,"TOMASZEWSKI, Jan",POL,Men,football,M,Silver
Montreal,1976,Football,Football,"WAWROWSKI, Henryk",POL,Men,football,M,Silver
Montreal,1976,Football,Football,"WIECZOREK, Henryk",POL,Men,football,M,Silver
Montreal,1976,Football,Football,"ZMUDA, Wladyslaw",POL,Men,football,M,Silver
Montreal,1976,Gymnastics,Artistic G.,"UNGUREANU, Teodora",ROU,Women,balance beam,W,Bronze
Montreal,1976,Gymnastics,Artistic G.,"COMANECI, Nadia",ROU,Women,balance beam,W,Gold
Montreal,1976,Gymnastics,Artistic G.,"KORBUT, Olga",URS,Women,balance beam,W,Silver
Montreal,1976,Gymnastics,Artistic G.,"KORMANN, Peter Martin",USA,Men,floor exercises,M,Bronze
Montreal,1976,Gymnastics,Artistic G.,"ANDRIANOV, Nikolay",URS,Men,floor exercises,M,Gold
Montreal,1976,Gymnastics,Artistic G.,"MARCHENKO, Vladimir",URS,Men,floor exercises,M,Silver
Montreal,1976,Gymnastics,Artistic G.,"COMANECI, Nadia",ROU,Women,floor exercises,W,Bronze
Montreal,1976,Gymnastics,Artistic G.,"KIM, Nelli",URS,Women,floor exercises,W,Gold
Montreal,1976,Gymnastics,Artistic G.,"TURISCHEVA, Lyudmila",URS,Women,floor exercises,W,Silver
Montreal,1976,Gymnastics,Artistic G.,"BOERIO, Henry",FRA,Men,horizontal bar,M,Bronze
Montreal,1976,Gymnastics,Artistic G.,"GIENGER, Eberhard",FRG,Men,horizontal bar,M,Bronze
Montreal,1976,Gymnastics,Artistic G.,"TSUKAHARA, Mitsuo",JPN,Men,horizontal bar,M,Gold
Montreal,1976,Gymnastics,Artistic G.,"KENMOTSU, Eizo",JPN,Men,horizontal bar,M,Silver
Montreal,1976,Gymnastics,Artistic G.,"TSUKAHARA, Mitsuo",JPN,Men,individual all-round,M,Bronze
Montreal,1976,Gymnastics,Artistic G.,"ANDRIANOV, Nikolay",URS,Men,individual all-round,M,Gold
Montreal,1976,Gymnastics,Artistic G.,"KATO, Sawao",JPN,Men,individual all-round,M,Silver
Montreal,1976,Gymnastics,Artistic G.,"TURISCHEVA, Lyudmila",URS,Women,individual all-round,W,Bronze
Montreal,1976,Gymnastics,Artistic G.,"COMANECI, Nadia",ROU,Women,individual all-round,W,Gold
Montreal,1976,Gymnastics,Artistic G.,"KIM, Nelli",URS,Women,individual all-round,W,Silver
Montreal,1976,Gymnastics,Artistic G.,"TSUKAHARA, Mitsuo",JPN,Men,parallel bars,M,Bronze
Montreal,1976,Gymnastics,Artistic G.,"KATO, Sawao",JPN,Men,parallel bars,M,Gold
Montreal,1976,Gymnastics,Artistic G.,"ANDRIANOV, Nikolay",URS,Men,parallel bars,M,Silver
Montreal,1976,Gymnastics,Artistic G.,"ANDRIANOV, Nikolay",URS,Men,pommel horse,M,Bronze
Montreal,1976,Gymnastics,Artistic G.,"NIKOLAY, Michael",GDR,Men,pommel horse,M,Bronze
Montreal,1976,Gymnastics,Artistic G.,"MAGYAR, Zoltan",HUN,Men,pommel horse,M,Gold
Montreal,1976,Gymnastics,Artistic G.,"KENMOTSU, Eizo",JPN,Men,pommel horse,M,Silver
Montreal,1976,Gymnastics,Artistic G.,"GRECU, Danut",ROU,Men,rings,M,Bronze
Montreal,1976,Gymnastics,Artistic G.,"ANDRIANOV, Nikolay",URS,Men,rings,M,Gold
Montreal,1976,Gymnastics,Artistic G.,"DITYATIN, Aleksandr",URS,Men,rings,M,Silver
Montreal,1976,Gymnastics,Artistic G.,"BRÜCKNER, Roland",GDR,Men,team competition,M,Bronze
Montreal,1976,Gymnastics,Artistic G.,"HANSCHKE, Rainer",GDR,Men,team competition,M,Bronze
Montreal,1976,Gymnastics,Artistic G.,"JÄGER, Bernd",GDR,Men,team competition,M,Bronze
Montreal,1976,Gymnastics,Artistic G.,"KLOTZ, Wolfgang",GDR,Men,team competition,M,Bronze
Montreal,1976,Gymnastics,Artistic G.,"MACK, Lutz",GDR,Men,team competition,M,Bronze
Montreal,1976,Gymnastics,Artistic G.,"NIKOLAY, Michael",GDR,Men,team competition,M,Bronze
Montreal,1976,Gymnastics,Artistic G.,"FUJIMOTO, Shun",JPN,Men,team competition,M,Gold
Montreal,1976,Gymnastics,Artistic G.,"IGARASHI, Hisato",JPN,Men,team competition,M,Gold
Montreal,1976,Gymnastics,Artistic G.,"KAJIYAMA, Hiroshi",JPN,Men,team competition,M,Gold
Montreal,1976,Gymnastics,Artistic G.,"KATO, Sawao",JPN,Men,team competition,M,Gold
Montreal,1976,Gymnastics,Artistic G.,"KENMOTSU, Eizo",JPN,Men,team competition,M,Gold
Montreal,1976,Gymnastics,Artistic G.,"TSUKAHARA, Mitsuo",JPN,Men,team competition,M,Gold
Montreal,1976,Gymnastics,Artistic G.,"ANDRIANOV, Nikolay",URS,Men,team competition,M,Silver
Montreal,1976,Gymnastics,Artistic G.,"DITYATIN, Aleksandr",URS,Men,team competition,M,Silver
Montreal,1976,Gymnastics,Artistic G.,"KRYSSIN, Gennadi",URS,Men,team competition,M,Silver
Montreal,1976,Gymnastics,Artistic G.,"MARCHENKO, Vladimir",URS,Men,team competition,M,Silver
Montreal,1976,Gymnastics,Artistic G.,"MARKELOV, Vladimir",URS,Men,team competition,M,Silver
Montreal,1976,Gymnastics,Artistic G.,"TIKHONOV, Vladimir",URS,Men,team competition,M,Silver
Montreal,1976,Gymnastics,Artistic G.,"DOMBECK, Carola",GDR,Women,team competition,W,Bronze
Montreal,1976,Gymnastics,Artistic G.,"ESCHER, Gitta",GDR,Women,team competition,W,Bronze
Montreal,1976,Gymnastics,Artistic G.,"GERSCHAU, Kerstin",GDR,Women,team competition,W,Bronze
Montreal,1976,Gymnastics,Artistic G.,"HELLMANN, Angelika",GDR,Women,team competition,W,Bronze
Montreal,1976,Gymnastics,Artistic G.,"KISCHE, Marion",GDR,Women,team competition,W,Bronze
Montreal,1976,Gymnastics,Artistic G.,"KRÄKER, Steffi",GDR,Women,team competition,W,Bronze
Montreal,1976,Gymnastics,Artistic G.,"FILATOVA, Maria",URS,Women,team competition,W,Gold
Montreal,1976,Gymnastics,Artistic G.,"GROZDOVA, Svetlana",URS,Women,team competition,W,Gold
Montreal,1976,Gymnastics,Artistic G.,"KIM, Nelli",URS,Women,team competition,W,Gold
Montreal,1976,Gymnastics,Artistic G.,"KORBUT, Olga",URS,Women,team competition,W,Gold
Montreal,1976,Gymnastics,Artistic G.,"SAADI, Elvira",URS,Women,team competition,W,Gold
Montreal,1976,Gymnastics,Artistic G.,"TURISCHEVA, Lyudmila",URS,Women,team competition,W,Gold
Montreal,1976,Gymnastics,Artistic G.,"COMANECI, Nadia",ROU,Women,team competition,W,Silver
Montreal,1976,Gymnastics,Artistic G.,"CONSTANTIN, Mariana",ROU,Women,team competition,W,Silver
Montreal,1976,Gymnastics,Artistic G.,"GABOR, Georgeta",ROU,Women,team competition,W,Silver
Montreal,1976,Gymnastics,Artistic G.,"GRIGORAS, Anca",ROU,Women,team competition,W,Silver
Montreal,1976,Gymnastics,Artistic G.,"TRUSCA, Gabriela",ROU,Women,team competition,W,Silver
Montreal,1976,Gymnastics,Artistic G.,"UNGUREANU, Teodora",ROU,Women,team competition,W,Silver
Montreal,1976,Gymnastics,Artistic G.,"EGERVARY, Marta",HUN,Women,uneven bars,W,Bronze
Montreal,1976,Gymnastics,Artistic G.,"COMANECI, Nadia",ROU,Women,uneven bars,W,Gold
Montreal,1976,Gymnastics,Artistic G.,"UNGUREANU, Teodora",ROU,Women,uneven bars,W,Silver
Montreal,1976,Gymnastics,Artistic G.,"KAJIYAMA, Hiroshi",JPN,Men,vault,M,Bronze
Montreal,1976,Gymnastics,Artistic G.,"ANDRIANOV, Nikolay",URS,Men,vault,M,Gold
Montreal,1976,Gymnastics,Artistic G.,"TSUKAHARA, Mitsuo",JPN,Men,vault,M,Silver
Montreal,1976,Gymnastics,Artistic G.,"KIM, Nelli",URS,Women,vault,W,Gold
Montreal,1976,Gymnastics,Artistic G.,"DOMBECK, Carola",GDR,Women,vault,W,Silver
Montreal,1976,Gymnastics,Artistic G.,"TURISCHEVA, Lyudmila",URS,Women,vault,W,Silver
Montreal,1976,Handball,Handball,"ANTCZAK, Zdzislaw",POL,Men,handball,M,Bronze
Montreal,1976,Handball,Handball,"BRZOZOWSKI, Janusz",POL,Men,handball,M,Bronze
Montreal,1976,Handball,Handball,"CIESLA, Piotr",POL,Men,handball,M,Bronze
Montreal,1976,Handball,Handball,"GMYREK, Jan",POL,Men,handball,M,Bronze
Montreal,1976,Handball,Handball,"KALUZINSKI, Alfred",POL,Men,handball,M,Bronze
Montreal,1976,Handball,Handball,"KLEMPEL, Jerzy",POL,Men,handball,M,Bronze
Montreal,1976,Handball,Handball,"KUCHTA, Zygfryd",POL,Men,handball,M,Bronze
Montreal,1976,Handball,Handball,"MELCER, Jerzy",POL,Men,handball,M,Bronze
Montreal,1976,Handball,Handball,"PRZYBYSZ, Ryszard",POL,Men,handball,M,Bronze
Montreal,1976,Handball,Handball,"ROZMIAREK, Henryk",POL,Men,handball,M,Bronze
Montreal,1976,Handball,Handball,"SOKOLOWSKI, Andrzej",POL,Men,handball,M,Bronze
Montreal,1976,Handball,Handball,"SZYMCZAK, Andrzej",POL,Men,handball,M,Bronze
Montreal,1976,Handball,Handball,"WOJCZAK, Mieczyslaw",POL,Men,handball,M,Bronze
Montreal,1976,Handball,Handball,"ZIELINSKI, Wlodzimierz",POL,Men,handball,M,Bronze
Montreal,1976,Handball,Handball,"ANPILOGOV, Aleksandr",URS,Men,handball,M,Gold
Montreal,1976,Handball,Handball,"CHERNYSHOV, Evgeni",URS,Men,handball,M,Gold
Montreal,1976,Handball,Handball,"FEDYUKIN, Anatoli",URS,Men,handball,M,Gold
Montreal,1976,Handball,Handball,"GASSY, Valeri",URS,Men,handball,M,Gold
Montreal,1976,Handball,Handball,"ILYIN, Vasili",URS,Men,handball,M,Gold
Montreal,1976,Handball,Handball,"ISHCHENKO, Mikhail",URS,Men,handball,M,Gold
Montreal,1976,Handball,Handball,"KIDYAEV, Yuri",URS,Men,handball,M,Gold
Montreal,1976,Handball,Handball,"KLIMOV, Yuri",URS,Men,handball,M,Gold
Montreal,1976,Handball,Handball,"KRAVTSOV, Vladimir",URS,Men,handball,M,Gold
Montreal,1976,Handball,Handball,"KUSHNIRYUK, Sergei",URS,Men,handball,M,Gold
Montreal,1976,Handball,Handball,"LAGUTIN, Yuri",URS,Men,handball,M,Gold
Montreal,1976,Handball,Handball,"MAKSIMOV, Vladimir",URS,Men,handball,M,Gold
Montreal,1976,Handball,Handball,"REZANOV, Aleksandr",URS,Men,handball,M,Gold
Montreal,1976,Handball,Handball,"TOMIN, Nikolai",URS,Men,handball,M,Gold
Montreal,1976,Handball,Handball,"BIRTALAN, Stefan",ROU,Men,handball,M,Silver
Montreal,1976,Handball,Handball,"COSMA, Adrian",ROU,Men,handball,M,Silver
Montreal,1976,Handball,Handball,"DRAGANITA, Cezar",ROU,Men,handball,M,Silver
Montreal,1976,Handball,Handball,"FOLKER, Alexandru",ROU,Men,handball,M,Silver
Montreal,1976,Handball,Handball,"GATU, Cristian",ROU,Men,handball,M,Silver
Montreal,1976,Handball,Handball,"GRABOVSCI, Mircea",ROU,Men,handball,M,Silver
Montreal,1976,Handball,Handball,"GUNES, Roland",ROU,Men,handball,M,Silver
Montreal,1976,Handball,Handball,"KICSID, Gabriel",ROU,Men,handball,M,Silver
Montreal,1976,Handball,Handball,"LICU, Ghita",ROU,Men,handball,M,Silver
Montreal,1976,Handball,Handball,"MUNTEANU, Nicolae",ROU,Men,handball,M,Silver
Montreal,1976,Handball,Handball,"PENU, Cornel",ROU,Men,handball,M,Silver
Montreal,1976,Handball,Handball,"STOCKL, Werner",ROU,Men,handball,M,Silver
Montreal,1976,Handball,Handball,"TUDOSIE, Constantin",ROU,Men,handball,M,Silver
Montreal,1976,Handball,Handball,"VOINEA, Radu",ROU,Men,handball,M,Silver
Montreal,1976,Handball,Handball,"ANGYAL, Eva",HUN,Women,handball,W,Bronze
Montreal,1976,Handball,Handball,"BERZSENYI, Maria",HUN,Women,handball,W,Bronze
Montreal,1976,Handball,Handball,"BUJDOSO, Agota",HUN,Women,handball,W,Bronze
Montreal,1976,Handball,Handball,"CSIK, Klara",HUN,Women,handball,W,Bronze
Montreal,1976,Handball,Handball,"KEZI, Zsuzsa",HUN,Women,handball,W,Bronze
Montreal,1976,Handball,Handball,"LAKI, Katalin",HUN,Women,handball,W,Bronze
Montreal,1976,Handball,Handball,"LELKES, Rozalia",HUN,Women,handball,W,Bronze
Montreal,1976,Handball,Handball,"MEGYERI, Marta",HUN,Women,handball,W,Bronze
Montreal,1976,Handball,Handball,"NAGY, Ilona",HUN,Women,handball,W,Bronze
Montreal,1976,Handball,Handball,"NAGY, Marianna",HUN,Women,handball,W,Bronze
Montreal,1976,Handball,Handball,"NEMETH, Erzsebet",HUN,Women,handball,W,Bronze
Montreal,1976,Handball,Handball,"STERBINSZKY, Amalia",HUN,Women,handball,W,Bronze
Montreal,1976,Handball,Handball,"TOTH-HARSANYI, Borbala",HUN,Women,handball,W,Bronze
Montreal,1976,Handball,Handball,"VADASZ, Maria",HUN,Women,handball,W,Bronze
Montreal,1976,Handball,Handball,"BEREZHNAYA-ODINOKOVA, Liubov",URS,Women,handball,W,Gold
Montreal,1976,Handball,Handball,"BOBRUS-PARADNIK, Liudmila",URS,Women,handball,W,Gold
Montreal,1976,Handball,Handball,"CHESAITITE-NENENENE, Aldona",URS,Women,handball,W,Gold
Montreal,1976,Handball,Handball,"GLUSHCHENKO, Tatyana",URS,Women,handball,W,Gold
Montreal,1976,Handball,Handball,"KARLOVA, Larisa",URS,Women,handball,W,Gold
Montreal,1976,Handball,Handball,"LITOSHCHENKO, Mariya",URS,Women,handball,W,Gold
Montreal,1976,Handball,Handball,"LOBOVA, Nina",URS,Women,handball,W,Gold
Montreal,1976,Handball,Handball,"MAKARETS-KOCHERGINA, Tatiana",URS,Women,handball,W,Gold
Montreal,1976,Handball,Handball,"PANCHUK, Lyudmila",URS,Women,handball,W,Gold
Montreal,1976,Handball,Handball,"SHABANOVA, Rafiga",URS,Women,handball,W,Gold
Montreal,1976,Handball,Handball,"SHERSTYUK-TIMOSHKINA, Natalia",URS,Women,handball,W,Gold
Montreal,1976,Handball,Handball,"SHUBINA, Lyudmila",URS,Women,handball,W,Gold
Montreal,1976,Handball,Handball,"TURCHINA, Zinaida",URS,Women,handball,W,Gold
Montreal,1976,Handball,Handball,"ZAKHAROVA, Galina",URS,Women,handball,W,Gold
Montreal,1976,Handball,Handball,"BADOREK, Gabriele",GDR,Women,handball,W,Silver
Montreal,1976,Handball,Handball,"BUROSCH, Hannelore",GDR,Women,handball,W,Silver
Montreal,1976,Handball,Handball,"KRAUSE, Roswitha",GDR,Women,handball,W,Silver
Montreal,1976,Handball,Handball,"KRETZSCHMAR, Waltraud",GDR,Women,handball,W,Silver
Montreal,1976,Handball,Handball,"MATZ, Evelyn",GDR,Women,handball,W,Silver
Montreal,1976,Handball,Handball,"MICHAELIS, Liane",GDR,Women,handball,W,Silver
Montreal,1976,Handball,Handball,"PASKUY, Eva",GDR,Women,handball,W,Silver
Montreal,1976,Handball,Handball,"RICHTER-HOCHMUT, Kristina",GDR,Women,handball,W,Silver
Montreal,1976,Handball,Handball,"ROST, Christina",GDR,Women,handball,W,Silver
Montreal,1976,Handball,Handball,"SIEFERT, Silvia",GDR,Women,handball,W,Silver
Montreal,1976,Handball,Handball,"TIETZ, Marion",GDR,Women,handball,W,Silver
Montreal,1976,Handball,Handball,"UHLIG, Petra",GDR,Women,handball,W,Silver
Montreal,1976,Handball,Handball,"VOSS, Christina",GDR,Women,handball,W,Silver
Montreal,1976,Handball,Handball,"ZOBER, Hannelore",GDR,Women,handball,W,Silver
Montreal,1976,Hockey,Hockey,"ABDUL, Rashid III",PAK,Men,hockey,M,Bronze
Montreal,1976,Hockey,Hockey,"AKHTAR, Rasool",PAK,Men,hockey,M,Bronze
Montreal,1976,Hockey,Hockey,"ARSHAD, Mahmood",PAK,Men,hockey,M,Bronze
Montreal,1976,Hockey,Hockey,"CHAUDHRY, Arshad Ali",PAK,Men,hockey,M,Bronze
Montreal,1976,Hockey,Hockey,"HANEEF, Khan",PAK,Men,hockey,M,Bronze
Montreal,1976,Hockey,Hockey,"ISLAH, Ud Din",PAK,Men,hockey,M,Bronze
Montreal,1976,Hockey,Hockey,"KHAN, Sami Ullah",PAK,Men,hockey,M,Bronze
Montreal,1976,Hockey,Hockey,"MANZOOR, Hassan",PAK,Men,hockey,M,Bronze
Montreal,1976,Hockey,Hockey,"MANZOOR, Hussain",PAK,Men,hockey,M,Bronze
Montreal,1976,Hockey,Hockey,"MUNAWAR, Uz-Zaman",PAK,Men,hockey,M,Bronze
Montreal,1976,Hockey,Hockey,"QAMAR, Zia",PAK,Men,hockey,M,Bronze
Montreal,1976,Hockey,Hockey,"SALIM, Nazim",PAK,Men,hockey,M,Bronze
Montreal,1976,Hockey,Hockey,"SHAIKH, Shahnaz",PAK,Men,hockey,M,Bronze
Montreal,1976,Hockey,Hockey,"SHERWANI, Saleem",PAK,Men,hockey,M,Bronze
Montreal,1976,Hockey,Hockey,"SYED, Iftikar Ahmed",PAK,Men,hockey,M,Bronze
Montreal,1976,Hockey,Hockey,"SYED, Mudassar Ashgar",PAK,Men,hockey,M,Bronze
Montreal,1976,Hockey,Hockey,"ACKERLEY, Paul",NZL,Men,hockey,M,Gold
Montreal,1976,Hockey,Hockey,"ARCHIBALD, Geoffrey",NZL,Men,hockey,M,Gold
Montreal,1976,Hockey,Hockey,"BORREN, Thurman",NZL,Men,hockey,M,Gold
Montreal,1976,Hockey,Hockey,"CHESNEY, Alan",NZL,Men,hockey,M,Gold
Montreal,1976,Hockey,Hockey,"CHRISTENSEN, John Hansen",NZL,Men,hockey,M,Gold
Montreal,1976,Hockey,Hockey,"DAMAN, Gregory",NZL,Men,hockey,M,Gold
Montreal,1976,Hockey,Hockey,"INESON, Tony",NZL,Men,hockey,M,Gold
Montreal,1976,Hockey,Hockey,"MAISTER, Barry John",NZL,Men,hockey,M,Gold
Montreal,1976,Hockey,Hockey,"MAISTER, Selwyn Gerald",NZL,Men,hockey,M,Gold
Montreal,1976,Hockey,Hockey,"MANNING, Trevor",NZL,Men,hockey,M,Gold
Montreal,1976,Hockey,Hockey,"MC INTYRE, Alan Lionel",NZL,Men,hockey,M,Gold
Montreal,1976,Hockey,Hockey,"MCLEOD, Neil",NZL,Men,hockey,M,Gold
Montreal,1976,Hockey,Hockey,"PARKIN, Arthur",NZL,Men,hockey,M,Gold
Montreal,1976,Hockey,Hockey,"PATEL, Mohan",NZL,Men,hockey,M,Gold
Montreal,1976,Hockey,Hockey,"PATEL, Ramesh",NZL,Men,hockey,M,Gold
Montreal,1976,Hockey,Hockey,"WILSON, Les",NZL,Men,hockey,M,Gold
Montreal,1976,Hockey,Hockey,"BELL, David",AUS,Men,hockey,M,Silver
Montreal,1976,Hockey,Hockey,"BROWNING, Gregory",AUS,Men,hockey,M,Silver
Montreal,1976,Hockey,Hockey,"CHARLESWORTH, Richard",AUS,Men,hockey,M,Silver
Montreal,1976,Hockey,Hockey,"COOKE, Ian",AUS,Men,hockey,M,Silver
Montreal,1976,Hockey,Hockey,"DANCER, Barry",AUS,Men,hockey,M,Silver
Montreal,1976,Hockey,Hockey,"GOLDER, Thomas Douglas",AUS,Men,hockey,M,Silver
Montreal,1976,Hockey,Hockey,"HAIGH, Robert",AUS,Men,hockey,M,Silver
Montreal,1976,Hockey,Hockey,"HAMMOND, Wayne",AUS,Men,hockey,M,Silver
Montreal,1976,Hockey,Hockey,"IRVINE, James",AUS,Men,hockey,M,Silver
Montreal,1976,Hockey,Hockey,"MARSHALL, Stephen",AUS,Men,hockey,M,Silver
Montreal,1976,Hockey,Hockey,"POOLE, Malcolm",AUS,Men,hockey,M,Silver
Montreal,1976,Hockey,Hockey,"PROCTOR, Robert",AUS,Men,hockey,M,Silver
Montreal,1976,Hockey,Hockey,"REID, Graham",AUS,Men,hockey,M,Silver
Montreal,1976,Hockey,Hockey,"RILEY, Ronald",AUS,Men,hockey,M,Silver
Montreal,1976,Hockey,Hockey,"SMITH, Trevor",AUS,Men,hockey,M,Silver
Montreal,1976,Hockey,Hockey,"WALSH, Terence",AUS,Men,hockey,M,Silver
Montreal,1976,Judo,Judo,"MARIANI, Felice",ITA,Men,- 63kg (lightweight),M,Bronze
Montreal,1976,Judo,Judo,"TUNCSIK, Jozsef",HUN,Men,- 63kg (lightweight),M,Bronze
Montreal,1976,Judo,Judo,"RODRIGUEZ TORRES, Hector",CUB,Men,- 63kg (lightweight),M,Gold
Montreal,1976,Judo,Judo,"CHANG, Eun-Kyung",KOR,Men,- 63kg (lightweight),M,Silver
Montreal,1976,Judo,Judo,"COAGE, Allen James",USA,Men,+ 93kg (heavyweight),M,Bronze
Montreal,1976,Judo,Judo,"ENDO, Sumio",JPN,Men,+ 93kg (heavyweight),M,Bronze
Montreal,1976,Judo,Judo,"NOVIKOV, Sergei",URS,Men,+ 93kg (heavyweight),M,Gold
Montreal,1976,Judo,Judo,"NEUREUTHER, Günther",FRG,Men,+ 93kg (heavyweight),M,Silver
Montreal,1976,Judo,Judo,"TALAJ, Marian",POL,Men,63 - 70kg (half-middleweight),M,Bronze
Montreal,1976,Judo,Judo,"VIAL, Patrick",FRA,Men,63 - 70kg (half-middleweight),M,Bronze
Montreal,1976,Judo,Judo,"NEVZOROV, Vladimir",URS,Men,63 - 70kg (half-middleweight),M,Gold
Montreal,1976,Judo,Judo,"KURAMOTO, Koji",JPN,Men,63 - 70kg (half-middleweight),M,Silver
Montreal,1976,Judo,Judo,"OBADOV, Slavko",YUG,Men,70 - 80kg (middleweight),M,Bronze
Montreal,1976,Judo,Judo,"PARK, Young-Chul",KOR,Men,70 - 80kg (middleweight),M,Bronze
Montreal,1976,Judo,Judo,"SONODA, Isamu",JPN,Men,70 - 80kg (middleweight),M,Gold
Montreal,1976,Judo,Judo,"DVOINIKOV, Valeri",URS,Men,70 - 80kg (middleweight),M,Silver
Montreal,1976,Judo,Judo,"RÖTHLISBERGER, Jürg",SUI,Men,80 - 93kg (half-heavyweight),M,Bronze
Montreal,1976,Judo,Judo,"STARBROOK, David Colin",GBR,Men,80 - 93kg (half-heavyweight),M,Bronze
Montreal,1976,Judo,Judo,"NINOMIYA, Kazuhiro",JPN,Men,80 - 93kg (half-heavyweight),M,Gold
Montreal,1976,Judo,Judo,"KHARSHILADZE, Ramaz",URS,Men,80 - 93kg (half-heavyweight),M,Silver
Montreal,1976,Judo,Judo,"CHO, Je-Aki",KOR,Men,open category,M,Bronze
Montreal,1976,Judo,Judo,"CHOCHOSHVILI, Shota",URS,Men,open category,M,Bronze
Montreal,1976,Judo,Judo,"UEMURA, Haruki",JPN,Men,open category,M,Gold
Montreal,1976,Judo,Judo,"REMFRY, Keith",GBR,Men,open category,M,Silver
Montreal,1976,Modern Pentathlon,Modern Pentath.,"BARTU, Jan",TCH,Men,Individual competition,M,Bronze
Montreal,1976,Modern Pentathlon,Modern Pentath.,"PYCIAK-PECIAK, Janusz",POL,Men,Individual competition,M,Gold
Montreal,1976,Modern Pentathlon,Modern Pentath.,"LEDNEV, Pavel",URS,Men,Individual competition,M,Silver
Montreal,1976,Modern Pentathlon,Modern Pentath.,"KANCSAL, Tamas",HUN,Men,Team competition,M,Bronze
Montreal,1976,Modern Pentathlon,Modern Pentath.,"MARACSKO, Tibor",HUN,Men,Team competition,M,Bronze
Montreal,1976,Modern Pentathlon,Modern Pentath.,"SASICS, Szvetiszlav",HUN,Men,Team competition,M,Bronze
Montreal,1976,Modern Pentathlon,Modern Pentath.,"FOX, Jeremy Robert",GBR,Men,Team competition,M,Gold
Montreal,1976,Modern Pentathlon,Modern Pentath.,"NIGHTINGALE, Robert",GBR,Men,Team competition,M,Gold
Montreal,1976,Modern Pentathlon,Modern Pentath.,"PARKER, Adrian Philip",GBR,Men,Team competition,M,Gold
Montreal,1976,Modern Pentathlon,Modern Pentath.,"ADAM, Jiri",TCH,Men,Team competition,M,Silver
Montreal,1976,Modern Pentathlon,Modern Pentath.,"BARTU, Jan",TCH,Men,Team competition,M,Silver
Montreal,1976,Modern Pentathlon,Modern Pentath.,"STARNOVSKY, Bohumil",TCH,Men,Team competition,M,Silver
Montreal,1976,Rowing,Rowing,"STRAUSS, Thomas",FRG,Men,coxless pair (2-),M,Bronze
Montreal,1976,Rowing,Rowing,"VANROYE, Peter",FRG,Men,coxless pair (2-),M,Bronze
Montreal,1976,Rowing,Rowing,"LANDVOIGT, Bernd",GDR,Men,coxless pair (2-),M,Gold
Montreal,1976,Rowing,Rowing,"LANDVOIGT, Jörg",GDR,Men,coxless pair (2-),M,Gold
Montreal,1976,Rowing,Rowing,"COFFEY, Calvin Thomas",USA,Men,coxless pair (2-),M,Silver
Montreal,1976,Rowing,Rowing,"STAINES, Michael Laurence",USA,Men,coxless pair (2-),M,Silver
Montreal,1976,Rowing,Rowing,"BERTOW, Jürgen",GDR,Men,double sculls (2x),M,Bronze
Montreal,1976,Rowing,Rowing,"SCHMIED, Hans-Ulrich",GDR,Men,double sculls (2x),M,Bronze
Montreal,1976,Rowing,Rowing,"HANSEN, Alf John",NOR,Men,double sculls (2x),M,Gold
Montreal,1976,Rowing,Rowing,"HANSEN, Frank",NOR,Men,double sculls (2x),M,Gold
Montreal,1976,Rowing,Rowing,"BAILLIEU, Christopher",GBR,Men,double sculls (2x),M,Silver
Montreal,1976,Rowing,Rowing,"HART, Michael John",GBR,Men,double sculls (2x),M,Silver
Montreal,1976,Rowing,Rowing,"KAMINSKAITE, Leonora",URS,Women,double sculls (2x),W,Bronze
Montreal,1976,Rowing,Rowing,"RAMOSHKENE, Genovate",URS,Women,double sculls (2x),W,Bronze
Montreal,1976,Rowing,Rowing,"OTZETOVA, Svetla",BUL,Women,double sculls (2x),W,Gold
Montreal,1976,Rowing,Rowing,"YORDANOVA, Zdravka",BUL,Women,double sculls (2x),W,Gold
Montreal,1976,Rowing,Rowing,"BOESLER, Petra",GDR,Women,double sculls (2x),W,Silver
Montreal,1976,Rowing,Rowing,"JAHN, Sabine",GDR,Women,double sculls (2x),W,Silver
Montreal,1976,Rowing,Rowing,"COKER, Trevor",NZL,Men,eight with coxswain (8+),M,Bronze
Montreal,1976,Rowing,Rowing,"DICKIE, Simon Charles",NZL,Men,eight with coxswain (8+),M,Bronze
Montreal,1976,Rowing,Rowing,"DIGMAN, Peter",NZL,Men,eight with coxswain (8+),M,Bronze
Montreal,1976,Rowing,Rowing,"EARL, Athol",NZL,Men,eight with coxswain (8+),M,Bronze
Montreal,1976,Rowing,Rowing,"HURT, Anthony",NZL,Men,eight with coxswain (8+),M,Bronze
Montreal,1976,Rowing,Rowing,"MCLEAN, Alexander",NZL,Men,eight with coxswain (8+),M,Bronze
Montreal,1976,Rowing,Rowing,"RODGER, David",NZL,Men,eight with coxswain (8+),M,Bronze
Montreal,1976,Rowing,Rowing,"SUTHERLAND, Ivan",NZL,Men,eight with coxswain (8+),M,Bronze
Montreal,1976,Rowing,Rowing,"WILSON, Lindsay",NZL,Men,eight with coxswain (8+),M,Bronze
Montreal,1976,Rowing,Rowing,"BAUMGART, Bernd",GDR,Men,eight with coxswain (8+),M,Gold
Montreal,1976,Rowing,Rowing,"DANIELOWSKI, Karl-Heinz",GDR,Men,eight with coxswain (8+),M,Gold
Montreal,1976,Rowing,Rowing,"DÖHN, Gottfried",GDR,Men,eight with coxswain (8+),M,Gold
Montreal,1976,Rowing,Rowing,"KARNATZ, Ulrich",GDR,Men,eight with coxswain (8+),M,Gold
Montreal,1976,Rowing,Rowing,"KLATT, Werner",GDR,Men,eight with coxswain (8+),M,Gold
Montreal,1976,Rowing,Rowing,"KOSTULSKI, Roland",GDR,Men,eight with coxswain (8+),M,Gold
Montreal,1976,Rowing,Rowing,"LÜCK, Hans-Joachim",GDR,Men,eight with coxswain (8+),M,Gold
Montreal,1976,Rowing,Rowing,"PRUDÖHL, Karl-Heinz",GDR,Men,eight with coxswain (8+),M,Gold
Montreal,1976,Rowing,Rowing,"WENDISCH, Dieter",GDR,Men,eight with coxswain (8+),M,Gold
Montreal,1976,Rowing,Rowing,"CLARK, Richard James Scott",GBR,Men,eight with coxswain (8+),M,Silver
Montreal,1976,Rowing,Rowing,"CROOKS, Timothy John",GBR,Men,eight with coxswain (8+),M,Silver
Montreal,1976,Rowing,Rowing,"LESTER, Richard C.",GBR,Men,eight with coxswain (8+),M,Silver
Montreal,1976,Rowing,Rowing,"MATHESON, Hugh Patrick",GBR,Men,eight with coxswain (8+),M,Silver
Montreal,1976,Rowing,Rowing,"MAXWELL, David Lindsay",GBR,Men,eight with coxswain (8+),M,Silver
Montreal,1976,Rowing,Rowing,"ROBERTSON, Leonard David",GBR,Men,eight with coxswain (8+),M,Silver
Montreal,1976,Rowing,Rowing,"SMALLBONE, Frederick John",GBR,Men,eight with coxswain (8+),M,Silver
Montreal,1976,Rowing,Rowing,"SWEENEY, Patrick John",GBR,Men,eight with coxswain (8+),M,Silver
Montreal,1976,Rowing,Rowing,"YALLOP, John C.",GBR,Men,eight with coxswain (8+),M,Silver
Montreal,1976,Rowing,Rowing,"BROWN, Carol Page",USA,Women,eight with coxswain (8+),W,Bronze
Montreal,1976,Rowing,Rowing,"DEFRANTZ, Anita Luceete",USA,Women,eight with coxswain (8+),W,Bronze
Montreal,1976,Rowing,Rowing,"GRAVES, Carolyn Brand",USA,Women,eight with coxswain (8+),W,Bronze
Montreal,1976,Rowing,Rowing,"GREIG, Marion",USA,Women,eight with coxswain (8+),W,Bronze
Montreal,1976,Rowing,Rowing,"MCCARTHY, Margaret Ann",USA,Women,eight with coxswain (8+),W,Bronze
Montreal,1976,Rowing,Rowing,"RICKETSON, Gail Susan",USA,Women,eight with coxswain (8+),W,Bronze
Montreal,1976,Rowing,Rowing,"SILLIMAN, Lynn",USA,Women,eight with coxswain (8+),W,Bronze
Montreal,1976,Rowing,Rowing,"WARNER, Anne Elizabeth",USA,Women,eight with coxswain (8+),W,Bronze
Montreal,1976,Rowing,Rowing,"ZOCH, Jacqueline Jean",USA,Women,eight with coxswain (8+),W,Bronze
Montreal,1976,Rowing,Rowing,"AHRENHOLZ, Brigitte",GDR,Women,eight with coxswain (8+),W,Gold
Montreal,1976,Rowing,Rowing,"EBERT, Henrietta",GDR,Women,eight with coxswain (8+),W,Gold
Montreal,1976,Rowing,Rowing,"GORETZKI, Viola",GDR,Women,eight with coxswain (8+),W,Gold
Montreal,1976,Rowing,Rowing,"KALLIES, Monika",GDR,Women,eight with coxswain (8+),W,Gold
Montreal,1976,Rowing,Rowing,"KNETSCH-KÖPKE, Christiane",GDR,Women,eight with coxswain (8+),W,Gold
Montreal,1976,Rowing,Rowing,"LEHMANN, Helma",GDR,Women,eight with coxswain (8+),W,Gold
Montreal,1976,Rowing,Rowing,"MÜLLER, Irina",GDR,Women,eight with coxswain (8+),W,Gold
Montreal,1976,Rowing,Rowing,"RICHTER, Ilona",GDR,Women,eight with coxswain (8+),W,Gold
Montreal,1976,Rowing,Rowing,"WILKE, Marina",GDR,Women,eight with coxswain (8+),W,Gold
Montreal,1976,Rowing,Rowing,"GUZENKO, Olga",URS,Women,eight with coxswain (8+),W,Silver
Montreal,1976,Rowing,Rowing,"KOLKOVA, Olga",URS,Women,eight with coxswain (8+),W,Silver
Montreal,1976,Rowing,Rowing,"KOZENKOVA, Klavdiya",URS,Women,eight with coxswain (8+),W,Silver
Montreal,1976,Rowing,Rowing,"PUGOVSKAYA, Olga",URS,Women,eight with coxswain (8+),W,Silver
Montreal,1976,Rowing,Rowing,"ROSHCHINA, Nadezhda",URS,Women,eight with coxswain (8+),W,Silver
Montreal,1976,Rowing,Rowing,"ROZGON, Nadezhda",URS,Women,eight with coxswain (8+),W,Silver
Montreal,1976,Rowing,Rowing,"TALALAEVA, Lyubov",URS,Women,eight with coxswain (8+),W,Silver
Montreal,1976,Rowing,Rowing,"TARAKANOVA, Nelli",URS,Women,eight with coxswain (8+),W,Silver
Montreal,1976,Rowing,Rowing,"ZUBKO, Elena",URS,Women,eight with coxswain (8+),W,Silver
Montreal,1976,Rowing,Rowing,"ARNEMANN, Raul",URS,Men,four without coxswain (4-),M,Bronze
Montreal,1976,Rowing,Rowing,"DOLININ, Valeri",URS,Men,four without coxswain (4-),M,Bronze
Montreal,1976,Rowing,Rowing,"GASAN-DZHALALOV, Anushavan",URS,Men,four without coxswain (4-),M,Bronze
Montreal,1976,Rowing,Rowing,"KUZNETSOV, Nikolai",URS,Men,four without coxswain (4-),M,Bronze
Montreal,1976,Rowing,Rowing,"BRIETZKE, Siegfried",GDR,Men,four without coxswain (4-),M,Gold
Montreal,1976,Rowing,Rowing,"DECKER, Andreas",GDR,Men,four without coxswain (4-),M,Gold
Montreal,1976,Rowing,Rowing,"MAGER, Wolfgang",GDR,Men,four without coxswain (4-),M,Gold
Montreal,1976,Rowing,Rowing,"SEMMLER, Stefan",GDR,Men,four without coxswain (4-),M,Gold
Montreal,1976,Rowing,Rowing,"ANDREASSEN, Rolf",NOR,Men,four without coxswain (4-),M,Silver
Montreal,1976,Rowing,Rowing,"BERGODD, Arne",NOR,Men,four without coxswain (4-),M,Silver
Montreal,1976,Rowing,Rowing,"NAFSTAD, Ole Sverre",NOR,Men,four without coxswain (4-),M,Silver
Montreal,1976,Rowing,Rowing,"TVETER, Finn Ivar",NOR,Men,four without coxswain (4-),M,Silver
Montreal,1976,Rowing,Rowing,"FÄRBER, Hans-Johann",FRG,Men,four-oared shell with coxswain (4-),M,Bronze
Montreal,1976,Rowing,Rowing,"FRICKE, Siegfried",FRG,Men,four-oared shell with coxswain (4-),M,Bronze
Montreal,1976,Rowing,Rowing,"KUBAIL, Ralph",FRG,Men,four-oared shell with coxswain (4-),M,Bronze
Montreal,1976,Rowing,Rowing,"NIEHUSEN, Peter",FRG,Men,four-oared shell with coxswain (4-),M,Bronze
Montreal,1976,Rowing,Rowing,"WENZEL, Hartmut",FRG,Men,four-oared shell with coxswain (4-),M,Bronze
Montreal,1976,Rowing,Rowing,"ESHINOV, Vladimir",URS,Men,four-oared shell with coxswain (4-),M,Gold
Montreal,1976,Rowing,Rowing,"IVANOV, Nikolai",URS,Men,four-oared shell with coxswain (4-),M,Gold
Montreal,1976,Rowing,Rowing,"KLEPIKOV, Aleksandr",URS,Men,four-oared shell with coxswain (4-),M,Gold
Montreal,1976,Rowing,Rowing,"KUZNETSOV, Mikhail",URS,Men,four-oared shell with coxswain (4-),M,Gold
Montreal,1976,Rowing,Rowing,"LUKYANOV, Aleksandr",URS,Men,four-oared shell with coxswain (4-),M,Gold
Montreal,1976,Rowing,Rowing,"DIESSNER, Ullrich",GDR,Men,four-oared shell with coxswain (4-),M,Silver
Montreal,1976,Rowing,Rowing,"DIESSNER, Walter",GDR,Men,four-oared shell with coxswain (4-),M,Silver
Montreal,1976,Rowing,Rowing,"KUNZE, Rüdiger",GDR,Men,four-oared shell with coxswain (4-),M,Silver
Montreal,1976,Rowing,Rowing,"SCHULZ, Andreas",GDR,Men,four-oared shell with coxswain (4-),M,Silver
Montreal,1976,Rowing,Rowing,"THOMAS, Johannes",GDR,Men,four-oared shell with coxswain (4-),M,Silver
Montreal,1976,Rowing,Rowing,"KROKHINA, Lyudmila",URS,Women,four-oared shell with coxswain (4-),W,Bronze
Montreal,1976,Rowing,Rowing,"KRYLOVA, Lidiya",URS,Women,four-oared shell with coxswain (4-),W,Bronze
Montreal,1976,Rowing,Rowing,"MISHENINA, Galina",URS,Women,four-oared shell with coxswain (4-),W,Bronze
Montreal,1976,Rowing,Rowing,"PASOKHA, Anna",URS,Women,four-oared shell with coxswain (4-),W,Bronze
Montreal,1976,Rowing,Rowing,"SEVOSTYANOVA, Nadezhda",URS,Women,four-oared shell with coxswain (4-),W,Bronze
Montreal,1976,Rowing,Rowing,"HESS, Sabine",GDR,Women,four-oared shell with coxswain (4-),W,Gold
Montreal,1976,Rowing,Rowing,"KURTH, Andrea",GDR,Women,four-oared shell with coxswain (4-),W,Gold
Montreal,1976,Rowing,Rowing,"LOHS-KUHN, Gabriele",GDR,Women,four-oared shell with coxswain (4-),W,Gold
Montreal,1976,Rowing,Rowing,"METZE, Karin",GDR,Women,four-oared shell with coxswain (4-),W,Gold
Montreal,1976,Rowing,Rowing,"SCHWEDE, Bianka",GDR,Women,four-oared shell with coxswain (4-),W,Gold
Montreal,1976,Rowing,Rowing,"GEORGIEVA, Kapka",BUL,Women,four-oared shell with coxswain (4-),W,Silver
Montreal,1976,Rowing,Rowing,"GUROVA, Ginka",BUL,Women,four-oared shell with coxswain (4-),W,Silver
Montreal,1976,Rowing,Rowing,"MODEVA, Mariika",BUL,Women,four-oared shell with coxswain (4-),W,Silver
Montreal,1976,Rowing,Rowing,"VASSEVA, Liliana",BUL,Women,four-oared shell with coxswain (4-),W,Silver
Montreal,1976,Rowing,Rowing,"YORDANOVA, Reni",BUL,Women,four-oared shell with coxswain (4-),W,Silver
Montreal,1976,Rowing,Rowing,"ECKBAUER-BAUMANN, Edith",FRG,Women,pair without coxswain (2-),W,Bronze
Montreal,1976,Rowing,Rowing,"EINÖDER-STRAUBE, Thea",FRG,Women,pair without coxswain (2-),W,Bronze
Montreal,1976,Rowing,Rowing,"GRUITCHEVA-KUBATOVA, Stoyanka",BUL,Women,pair without coxswain (2-),W,Gold
Montreal,1976,Rowing,Rowing,"KELBETCHEVA-BARBULOVA, Siika",BUL,Women,pair without coxswain (2-),W,Gold
Montreal,1976,Rowing,Rowing,"DÄHNE, Sabine",GDR,Women,pair without coxswain (2-),W,Silver
Montreal,1976,Rowing,Rowing,"NOACK, Angelika",GDR,Women,pair without coxswain (2-),W,Silver
Montreal,1976,Rowing,Rowing,"SVOJANOVSKY, Oldrich",TCH,Men,pair-oared shell with coxswain (2+),M,Bronze
Montreal,1976,Rowing,Rowing,"SVOJANOVSKY, Pavel",TCH,Men,pair-oared shell with coxswain (2+),M,Bronze
Montreal,1976,Rowing,Rowing,"VEBR, Ludvik",TCH,Men,pair-oared shell with coxswain (2+),M,Bronze
Montreal,1976,Rowing,Rowing,"JÄHRLING, Harald",GDR,Men,pair-oared shell with coxswain (2+),M,Gold
Montreal,1976,Rowing,Rowing,"SPOHR, Georg",GDR,Men,pair-oared shell with coxswain (2+),M,Gold
Montreal,1976,Rowing,Rowing,"ULRICH, Friedrich-Wilhelm",GDR,Men,pair-oared shell with coxswain (2+),M,Gold
Montreal,1976,Rowing,Rowing,"BEKHTEREV, Dmitri",URS,Men,pair-oared shell with coxswain (2+),M,Silver
Montreal,1976,Rowing,Rowing,"LORENTSON, Yuri",URS,Men,pair-oared shell with coxswain (2+),M,Silver
Montreal,1976,Rowing,Rowing,"SHURKALOV, Yuri",URS,Men,pair-oared shell with coxswain (2+),M,Silver
Montreal,1976,Rowing,Rowing,"AFRASILOAIA, Felicia",ROU,Women,quadruple sculls with coxswain (4x),W,Bronze
Montreal,1976,Rowing,Rowing,"GIURCA, Elena",ROU,Women,quadruple sculls with coxswain (4x),W,Bronze
Montreal,1976,Rowing,Rowing,"LAZAR, Elisabeta",ROU,Women,quadruple sculls with coxswain (4x),W,Bronze
Montreal,1976,Rowing,Rowing,"MICSA-MACOVICIUC, Maria",ROU,Women,quadruple sculls with coxswain (4x),W,Bronze
Montreal,1976,Rowing,Rowing,"TUDORAN, Ioana",ROU,Women,quadruple sculls with coxswain (4x),W,Bronze
Montreal,1976,Rowing,Rowing,"BORCHMANN, Anke",GDR,Women,quadruple sculls with coxswain (4x),W,Gold
Montreal,1976,Rowing,Rowing,"LAU, Jutta",GDR,Women,quadruple sculls with coxswain (4x),W,Gold
Montreal,1976,Rowing,Rowing,"POLEY, Viola",GDR,Women,quadruple sculls with coxswain (4x),W,Gold
Montreal,1976,Rowing,Rowing,"WEIGELT-BUHR, Liane",GDR,Women,quadruple sculls with coxswain (4x),W,Gold
Montreal,1976,Rowing,Rowing,"ZOBELT, Roswietha",GDR,Women,quadruple sculls with coxswain (4x),W,Gold
Montreal,1976,Rowing,Rowing,"ALEXANDROVA-POPOVA, Larissa",URS,Women,quadruple sculls with coxswain (4x),W,Silver
Montreal,1976,Rowing,Rowing,"BRYUNINA, Mira",URS,Women,quadruple sculls with coxswain (4x),W,Silver
Montreal,1976,Rowing,Rowing,"CHERNYSHOVA, Nadezhda",URS,Women,quadruple sculls with coxswain (4x),W,Silver
Montreal,1976,Rowing,Rowing,"ERMOLAEVA, Galina",URS,Women,quadruple sculls with coxswain (4x),W,Silver
Montreal,1976,Rowing,Rowing,"KONDRASHINA, Anna",URS,Women,quadruple sculls with coxswain (4x),W,Silver
Montreal,1976,Rowing,Rowing,"HELLEBRAND, Jaroslav",TCH,Men,quadruple sculls without coxswain (4x),M,Bronze
Montreal,1976,Rowing,Rowing,"LACINA, Vladek",TCH,Men,quadruple sculls without coxswain (4x),M,Bronze
Montreal,1976,Rowing,Rowing,"PECKA, Zdenek",TCH,Men,quadruple sculls without coxswain (4x),M,Bronze
Montreal,1976,Rowing,Rowing,"VOCHOSKA, Vaclav",TCH,Men,quadruple sculls without coxswain (4x),M,Bronze
Montreal,1976,Rowing,Rowing,"BUSSERT, Karl-Heinz",GDR,Men,quadruple sculls without coxswain (4x),M,Gold
Montreal,1976,Rowing,Rowing,"GÜLDENPFENNIG, Wolfgang",GDR,Men,quadruple sculls without coxswain (4x),M,Gold
Montreal,1976,Rowing,Rowing,"REICHE, Rüdiger",GDR,Men,quadruple sculls without coxswain (4x),M,Gold
Montreal,1976,Rowing,Rowing,"WOLFGRAMM, Michael",GDR,Men,quadruple sculls without coxswain (4x),M,Gold
Montreal,1976,Rowing,Rowing,"BUTKUS, Vitautas",URS,Men,quadruple sculls without coxswain (4x),M,Silver
Montreal,1976,Rowing,Rowing,"DULEEV, Evgeni",URS,Men,quadruple sculls without coxswain (4x),M,Silver
Montreal,1976,Rowing,Rowing,"LAZDENIEKS, Aivar",URS,Men,quadruple sculls without coxswain (4x),M,Silver
Montreal,1976,Rowing,Rowing,"YAKIMOV, Yuri",URS,Men,quadruple sculls without coxswain (4x),M,Silver
Montreal,1976,Rowing,Rowing,"DREIFKE, Joachim",GDR,Men,single sculls (1x),M,Bronze
Montreal,1976,Rowing,Rowing,"KARPPINEN, Pertti",FIN,Men,single sculls (1x),M,Gold
Montreal,1976,Rowing,Rowing,"KOLBE, Peter-Michael",FRG,Men,single sculls (1x),M,Silver
Montreal,1976,Rowing,Rowing,"ANTONOVA, Elena",URS,Women,single sculls (1x),W,Bronze
Montreal,1976,Rowing,Rowing,"SCHEIBLICH, Christine",GDR,Women,single sculls (1x),W,Gold
Montreal,1976,Rowing,Rowing,"LIND, Joan Louise",USA,Women,single sculls (1x),W,Silver
Montreal,1976,Sailing,Sailing,"BROWN, Ian",AUS,Men,470 - Two Person Dinghy,M,Bronze
Montreal,1976,Sailing,Sailing,"RUFF, Ian",AUS,Men,470 - Two Person Dinghy,M,Bronze
Montreal,1976,Sailing,Sailing,"BODE, Harro",FRG,Men,470 - Two Person Dinghy,M,Gold
Montreal,1976,Sailing,Sailing,"HÜBNER, Frank",FRG,Men,470 - Two Person Dinghy,M,Gold
Montreal,1976,Sailing,Sailing,"GOROSTEGUI CEBALLOS, Antonio",ESP,Men,470 - Two Person Dinghy,M,Silver
Montreal,1976,Sailing,Sailing,"MILLET SOLER, Pedro Luis",ESP,Men,470 - Two Person Dinghy,M,Silver
Montreal,1976,Sailing,Sailing,"BELOW, Dieter",GDR,Men,fleet/match race keelboat open (Soling),X,Bronze
Montreal,1976,Sailing,Sailing,"ENGELHARDT, Olaf",GDR,Men,fleet/match race keelboat open (Soling),X,Bronze
Montreal,1976,Sailing,Sailing,"ZACHRIES, Michael",GDR,Men,fleet/match race keelboat open (Soling),X,Bronze
Montreal,1976,Sailing,Sailing,"BANDOLOWSKI, Valdemar",DEN,Men,fleet/match race keelboat open (Soling),X,Gold
Montreal,1976,Sailing,Sailing,"HANSEN, Erik Hermann",DEN,Men,fleet/match race keelboat open (Soling),X,Gold
