Paris,1900,Rowing,Rowing,"BARRELET, Henri",FRA,Men,single sculls (1x),M,Gold
Paris,1900,Rowing,Rowing,"GAUDIN, André",FRA,Men,single sculls (1x),M,Silver
Paris,1900,Rugby,Rugby,"AITOFF, Vladimir",FRA,Men,rugby,M,Gold
Paris,1900,Rugby,Rugby,"ALBERT, A.",FRA,Men,rugby,M,Gold
Paris,1900,Rugby,Rugby,"BINOCHE, Jean, LÃ©on",FRA,Men,rugby,M,Gold
Paris,1900,Rugby,Rugby,"COLLAS, Jean",FRA,Men,rugby,M,Gold
Paris,1900,Rugby,Rugby,"GAUTIER, Jean Guy",FRA,Men,rugby,M,Gold
Paris,1900,Rugby,Rugby,"GIROUX, Auguste",FRA,Men,rugby,M,Gold
Paris,1900,Rugby,Rugby,"GONDOUIN, Charles",FRA,Men,rugby,M,Gold
Paris,1900,Rugby,Rugby,"HENRIQUEZ DE ZUBIERRA, Constantin",FRA,Men,rugby,M,Gold
Paris,1900,Rugby,Rugby,"HERVE, Jean",FRA,Men,rugby,M,Gold
Paris,1900,Rugby,Rugby,"LARDANCHET, Victor",FRA,Men,rugby,M,Gold
Paris,1900,Rugby,Rugby,"LEFEBVRE, Hubert",FRA,Men,rugby,M,Gold
Paris,1900,Rugby,Rugby,"OLIVIER, Joseph",FRA,Men,rugby,M,Gold
Paris,1900,Rugby,Rugby,"PHARAMOND, Alexandre",FRA,Men,rugby,M,Gold
Paris,1900,Rugby,Rugby,"REICHEL, Frantz",FRA,Men,rugby,M,Gold
Paris,1900,Rugby,Rugby,"RISCHMANN, André",FRA,Men,rugby,M,Gold
Paris,1900,Rugby,Rugby,"ROOSEVELT, Albert",FRA,Men,rugby,M,Gold
Paris,1900,Rugby,Rugby,"SARRADE, Emile",FRA,Men,rugby,M,Gold
Paris,1900,Rugby,Rugby,"AMRHEIN, Albert",GER,Men,rugby,M,Silver
Paris,1900,Rugby,Rugby,"BAYLISS, F.C.",GBR,Men,rugby,M,Silver
Paris,1900,Rugby,Rugby,"BETTING, Hugo",GER,Men,rugby,M,Silver
Paris,1900,Rugby,Rugby,"BIRTLES, J.Henry",GBR,Men,rugby,M,Silver
Paris,1900,Rugby,Rugby,"CAUTLON, J.",GBR,Men,rugby,M,Silver
Paris,1900,Rugby,Rugby,"DARBY, Artur John",GBR,Men,rugby,M,Silver
Paris,1900,Rugby,Rugby,"DEYKIN, C.P.",GBR,Men,rugby,M,Silver
Paris,1900,Rugby,Rugby,"HERRMANN, Jacob",GER,Men,rugby,M,Silver
Paris,1900,Rugby,Rugby,"HOFMEISTER, Willy",GER,Men,rugby,M,Silver
Paris,1900,Rugby,Rugby,"HOOD, L.",GBR,Men,rugby,M,Silver
Paris,1900,Rugby,Rugby,"KREUZER, Hermann",GER,Men,rugby,M,Silver
Paris,1900,Rugby,Rugby,"LANDVOIGT, Arnold",GER,Men,rugby,M,Silver
Paris,1900,Rugby,Rugby,"LATSCHA, Hans",GER,Men,rugby,M,Silver
Paris,1900,Rugby,Rugby,"LOGAN, M.L.",GBR,Men,rugby,M,Silver
Paris,1900,Rugby,Rugby,"LOVEITT, H.A.",GBR,Men,rugby,M,Silver
Paris,1900,Rugby,Rugby,"LUDWIG, Erich",GER,Men,rugby,M,Silver
Paris,1900,Rugby,Rugby,"LUDWIG, Richard",GER,Men,rugby,M,Silver
Paris,1900,Rugby,Rugby,"MÜLLER, Fritz",GER,Men,rugby,M,Silver
Paris,1900,Rugby,Rugby,"NICOL, N.S.",GBR,Men,rugby,M,Silver
Paris,1900,Rugby,Rugby,"POPPE, Eduard",GER,Men,rugby,M,Silver
Paris,1900,Rugby,Rugby,"REITZ, Heinrich",GER,Men,rugby,M,Silver
Paris,1900,Rugby,Rugby,"SCHMIERER, August",GER,Men,rugby,M,Silver
Paris,1900,Rugby,Rugby,"SMITH, V.",GBR,Men,rugby,M,Silver
Paris,1900,Rugby,Rugby,"STOCKHAUSEN, Adolf",GER,Men,rugby,M,Silver
Paris,1900,Rugby,Rugby,"TALBOT, M.W.",GBR,Men,rugby,M,Silver
Paris,1900,Rugby,Rugby,"WALLIS, J.G.",GBR,Men,rugby,M,Silver
Paris,1900,Rugby,Rugby,"WENDEROTH, Georg",GER,Men,rugby,M,Silver
Paris,1900,Rugby,Rugby,"WHITTINDALE, Claud",GBR,Men,rugby,M,Silver
Paris,1900,Rugby,Rugby,"WHITTINDALE, Raymond",GBR,Men,rugby,M,Silver
Paris,1900,Rugby,Rugby,"WILSON, Francis Henry",GBR,Men,rugby,M,Silver
Paris,1900,Sailing,Sailing,"MICHELET, E.",FRA,Men,0.5-1t,X,Bronze
Paris,1900,Sailing,Sailing,"MICHELET, F.",FRA,Men,0.5-1t,X,Bronze
Paris,1900,Sailing,Sailing,"GRETTON, John H.",GBR,Men,0.5-1t,X,Gold
Paris,1900,Sailing,Sailing,"HOPE, Linton",GBR,Men,0.5-1t,X,Gold
Paris,1900,Sailing,Sailing,"LORD CURRIE, Lorne Campbell",GBR,Men,0.5-1t,X,Gold
Paris,1900,Sailing,Sailing,"BAUDRIER, Jacques",FRA,Men,0.5-1t,X,Silver
Paris,1900,Sailing,Sailing,"LEBRET, Jean",FRA,Men,0.5-1t,X,Silver
Paris,1900,Sailing,Sailing,MARCOTTE,FRA,Men,0.5-1t,X,Silver
Paris,1900,Sailing,Sailing,"MARTIN, William",FRA,Men,0.5-1t,X,Silver
Paris,1900,Sailing,Sailing,VALTON,FRA,Men,0.5-1t,X,Silver
Paris,1900,Sailing,Sailing,"HORE, Edward",GBR,Men,10-20t,X,Bronze
Paris,1900,Sailing,Sailing,"BILLARD, Emile",FRA,Men,10-20t,X,Gold
Paris,1900,Sailing,Sailing,"PERQUER, P.",FRA,Men,10-20t,X,Gold
Paris,1900,Sailing,Sailing,"LE DUC DECAZES, Jean",FRA,Men,10-20t,X,Silver
Paris,1900,Sailing,Sailing,"MACHENRY, M.",USA,Men,3-10t,X,Bronze
Paris,1900,Sailing,Sailing,"TAYLOR, Howard",GBR,Men,3-10t,X,Gold
Paris,1900,Sailing,Sailing,"GUFFLET, Maurice",FRA,Men,3-10t,X,Silver
Paris,1900,Sailing,Sailing,"MICHELET, E.",FRA,Men,open class,X,Bronze
Paris,1900,Sailing,Sailing,"MICHELET, F.",FRA,Men,open class,X,Bronze
Paris,1900,Sailing,Sailing,"GRETTON, John H.",GBR,Men,open class,X,Gold
Paris,1900,Sailing,Sailing,"HOPE, Linton",GBR,Men,open class,X,Gold
Paris,1900,Sailing,Sailing,"LORD CURRIE, Lorne Campbell",GBR,Men,open class,X,Gold
Paris,1900,Sailing,Sailing,"NAUE, Georg",GER,Men,open class,X,Silver
Paris,1900,Sailing,Sailing,"PETERS, Heinrich",GER,Men,open class,X,Silver
Paris,1900,Sailing,Sailing,"WEISE, Ottokar",GER,Men,open class,X,Silver
Paris,1900,Sailing,Sailing,"WIESNER, Martin",GER,Men,open class,X,Silver
Paris,1900,Shooting,Shooting,"BALME, Eugène",FRA,Men,25m rapid fire pistol (60 shots),M,Bronze
Paris,1900,Shooting,Shooting,"LARROUY, Maurice",FRA,Men,25m rapid fire pistol (60 shots),M,Gold
Paris,1900,Shooting,Shooting,"MOREAUX, Léon",FRA,Men,25m rapid fire pistol (60 shots),M,Silver
Paris,1900,Shooting,Shooting,"BOUWENS, Antonius",NED,Men,"50m army pistol, team",M,Bronze
Paris,1900,Shooting,Shooting,"SILLEM, Henrik",NED,Men,"50m army pistol, team",M,Bronze
Paris,1900,Shooting,Shooting,"SWEYS, Anthony Ahasuerus",NED,Men,"50m army pistol, team",M,Bronze
Paris,1900,Shooting,Shooting,"VAN DEN BERGH, Solko Johannes",NED,Men,"50m army pistol, team",M,Bronze
Paris,1900,Shooting,Shooting,"VAN HAAN, Gerardus",NED,Men,"50m army pistol, team",M,Bronze
Paris,1900,Shooting,Shooting,"LÜTHI, Friedrich",SUI,Men,"50m army pistol, team",M,Gold
Paris,1900,Shooting,Shooting,"PROBST, Paul",SUI,Men,"50m army pistol, team",M,Gold
Paris,1900,Shooting,Shooting,"RICHARDET, Louis-Marc",SUI,Men,"50m army pistol, team",M,Gold
Paris,1900,Shooting,Shooting,"RÖDERER, Karl Konrad",SUI,Men,"50m army pistol, team",M,Gold
Paris,1900,Shooting,Shooting,"STÄHELI, Konrad",SUI,Men,"50m army pistol, team",M,Gold
Paris,1900,Shooting,Shooting,"DUFFOY, Louis",FRA,Men,"50m army pistol, team",M,Silver
Paris,1900,Shooting,Shooting,"LECOQ, Maurice",FRA,Men,"50m army pistol, team",M,Silver
Paris,1900,Shooting,Shooting,"MOREAUX, Léon",FRA,Men,"50m army pistol, team",M,Silver
Paris,1900,Shooting,Shooting,"PAROCHE, Achille",FRA,Men,"50m army pistol, team",M,Silver
Paris,1900,Shooting,Shooting,TRINITE,FRA,Men,"50m army pistol, team",M,Silver
Paris,1900,Shooting,Shooting,"STÄHELI, Konrad",SUI,Men,50m pistol (60 shots),M,Bronze
Paris,1900,Shooting,Shooting,"RÖDERER, Karl Konrad",SUI,Men,50m pistol (60 shots),M,Gold
Paris,1900,Shooting,Shooting,"PAROCHE, Achille",FRA,Men,50m pistol (60 shots),M,Silver
Paris,1900,Shooting,Shooting,"ÖSTMO, Ole",NOR,Men,"army rifle, 300m, 3 positions",M,Bronze
Paris,1900,Shooting,Shooting,"VAN ASBROECK, Paul",BEL,Men,"army rifle, 300m, 3 positions",M,Bronze
Paris,1900,Shooting,Shooting,"KELLENBERGER, Emil",SUI,Men,"army rifle, 300m, 3 positions",M,Gold
Paris,1900,Shooting,Shooting,"NIELSEN, Anders Peter",DEN,Men,"army rifle, 300m, 3 positions",M,Silver
Paris,1900,Shooting,Shooting,"STÄHELI, Konrad",SUI,Men,"army rifle, 300m, kneeling",M,Gold
Paris,1900,Shooting,Shooting,"KELLENBERGER, Emil",SUI,Men,"army rifle, 300m, kneeling",M,Silver
Paris,1900,Shooting,Shooting,"NIELSEN, Anders Peter",DEN,Men,"army rifle, 300m, kneeling",M,Silver
Paris,1900,Shooting,Shooting,"ÖSTMO, Ole",NOR,Men,"army rifle, 300m, prone",M,Bronze
Paris,1900,Shooting,Shooting,"PAROCHE, Achille",FRA,Men,"army rifle, 300m, prone",M,Gold
Paris,1900,Shooting,Shooting,"NIELSEN, Anders Peter",DEN,Men,"army rifle, 300m, prone",M,Silver
Paris,1900,Shooting,Shooting,"PAUMIER DU VERGIER, Charles",BEL,Men,"army rifle, 300m, standing",M,Bronze
Paris,1900,Shooting,Shooting,"MADSEN, Lars Jörgen",DEN,Men,"army rifle, 300m, standing",M,Gold
Paris,1900,Shooting,Shooting,"ÖSTMO, Ole",NOR,Men,"army rifle, 300m, standing",M,Silver
Paris,1900,Shooting,Shooting,"CAVADINI, Auguste",FRA,Men,"free rifle, team",M,Bronze
Paris,1900,Shooting,Shooting,"LECOQ, Maurice",FRA,Men,"free rifle, team",M,Bronze
Paris,1900,Shooting,Shooting,"MOREAUX, Léon",FRA,Men,"free rifle, team",M,Bronze
Paris,1900,Shooting,Shooting,"PAROCHE, Achille",FRA,Men,"free rifle, team",M,Bronze
Paris,1900,Shooting,Shooting,"THOMAS, René",FRA,Men,"free rifle, team",M,Bronze
Paris,1900,Shooting,Shooting,"BÖCKLI, Franz",SUI,Men,"free rifle, team",M,Gold
Paris,1900,Shooting,Shooting,"GRÜTER, Alfred",SUI,Men,"free rifle, team",M,Gold
Paris,1900,Shooting,Shooting,"KELLENBERGER, Emil",SUI,Men,"free rifle, team",M,Gold
Paris,1900,Shooting,Shooting,"RICHARDET, Louis-Marc",SUI,Men,"free rifle, team",M,Gold
Paris,1900,Shooting,Shooting,"STÄHELI, Konrad",SUI,Men,"free rifle, team",M,Gold
Paris,1900,Shooting,Shooting,"FRYDENLUND, Olaf Emil",NOR,Men,"free rifle, team",M,Silver
Paris,1900,Shooting,Shooting,"HERMANDSEN, Hellmer",NOR,Men,"free rifle, team",M,Silver
Paris,1900,Shooting,Shooting,"ÖSTMO, Ole",NOR,Men,"free rifle, team",M,Silver
Paris,1900,Shooting,Shooting,"SAETHER, Ole Andreas",NOR,Men,"free rifle, team",M,Silver
Paris,1900,Shooting,Shooting,"SEEBERG, Tom",NOR,Men,"free rifle, team",M,Silver
Paris,1900,Shooting,Shooting,"DE CLARY, Justinien",FRA,Men,trap (125 targets),M,Bronze
Paris,1900,Shooting,Shooting,"DE BARBARIN, Roger",FRA,Men,trap (125 targets),M,Gold
Paris,1900,Shooting,Shooting,"GUYOT, René",FRA,Men,trap (125 targets),M,Silver
Paris,1900,Tennis,Tennis,"DE LA CHAPELLE, Georges",FRA,Men,doubles,M,Bronze
Paris,1900,Tennis,Tennis,"MAHONY, Harold Sergerson",GBR,Men,doubles,M,Bronze
Paris,1900,Tennis,Tennis,"NORRIS, Arthur B.J.",GBR,Men,doubles,M,Bronze
Paris,1900,Tennis,Tennis,"PREVOST, André",FRA,Men,doubles,M,Bronze
Paris,1900,Tennis,Tennis,"DOHERTY, Hugh Lawrence",GBR,Men,doubles,M,Gold
Paris,1900,Tennis,Tennis,"DOHERTY, Reginald Frank",GBR,Men,doubles,M,Gold
Paris,1900,Tennis,Tennis,"DE GARMENDIA, Basil Spalding",ZZX,Men,doubles,M,Silver
Paris,1900,Tennis,Tennis,"DECUGIS, Max",ZZX,Men,doubles,M,Silver
Paris,1900,Tennis,Tennis,"DOHERTY, Hugh Lawrence",ZZX,Men,mixed doubles,X,Bronze
Paris,1900,Tennis,Tennis,"WARDEN, Archibald A.",ZZX,Men,mixed doubles,X,Bronze
Paris,1900,Tennis,Tennis,"DOHERTY, Reginald Frank",GBR,Men,mixed doubles,X,Gold
Paris,1900,Tennis,Tennis,"MAHONY, Harold Sergerson",ZZX,Men,mixed doubles,X,Silver
Paris,1900,Tennis,Tennis,"JONES, Marion",ZZX,Women,mixed doubles,X,Bronze
Paris,1900,Tennis,Tennis,"ROSENBAUM, Hedwig",ZZX,Women,mixed doubles,X,Bronze
Paris,1900,Tennis,Tennis,"COOPER, Charlotte",GBR,Women,mixed doubles,X,Gold
Paris,1900,Tennis,Tennis,"PREVOST, Hélène",ZZX,Women,mixed doubles,X,Silver
Paris,1900,Tennis,Tennis,"DOHERTY, Reginald Frank",GBR,Men,singles,M,Bronze
Paris,1900,Tennis,Tennis,"NORRIS, Arthur B.J.",GBR,Men,singles,M,Bronze
Paris,1900,Tennis,Tennis,"DOHERTY, Hugh Lawrence",GBR,Men,singles,M,Gold
Paris,1900,Tennis,Tennis,"MAHONY, Harold Sergerson",GBR,Men,singles,M,Silver
Paris,1900,Tennis,Tennis,"JONES, Marion",USA,Women,singles,W,Bronze
Paris,1900,Tennis,Tennis,"ROSENBAUM, Hedwig",BOH,Women,singles,W,Bronze
Paris,1900,Tennis,Tennis,"COOPER, Charlotte",GBR,Women,singles,W,Gold
Paris,1900,Tennis,Tennis,"PREVOST, Hélène",FRA,Women,singles,W,Silver
Paris,1900,Tug of War,Tug of War,"AABYE, Edgar",ZZX,Men,tug of war,M,Gold
Paris,1900,Tug of War,Tug of War,"NILSSON, August",ZZX,Men,tug of war,M,Gold
Paris,1900,Tug of War,Tug of War,"SCHMIDT, Eugen",ZZX,Men,tug of war,M,Gold
Paris,1900,Tug of War,Tug of War,"SÖDERSTRÖM, Gustaf",ZZX,Men,tug of war,M,Gold
Paris,1900,Tug of War,Tug of War,"STAAF, Karl Gustav",ZZX,Men,tug of war,M,Gold
Paris,1900,Tug of War,Tug of War,"WINCKLER, Charles",ZZX,Men,tug of war,M,Gold
Paris,1900,Tug of War,Tug of War,"BASSET, Pierre",FRA,Men,tug of war,M,Silver
Paris,1900,Tug of War,Tug of War,"COLLAS, Jean",FRA,Men,tug of war,M,Silver
Paris,1900,Tug of War,Tug of War,"GONDOUIN, Charles",FRA,Men,tug of war,M,Silver
Paris,1900,Tug of War,Tug of War,"HENRIQUEZ DE ZUBIERRA, Constantin",FRA,Men,tug of war,M,Silver
Paris,1900,Tug of War,Tug of War,"ROFFO, Joseph",FRA,Men,tug of war,M,Silver
Paris,1900,Tug of War,Tug of War,"SARRADE, Emile",FRA,Men,tug of war,M,Silver
St Louis,1904,Aquatics,Diving,"BRAUNSCHWEIGER, Alfred",GER,Men,10m platform,M,Bronze
St Louis,1904,Aquatics,Diving,"KEHOE, Frank",USA,Men,10m platform,M,Bronze
St Louis,1904,Aquatics,Diving,"SHELDON, George",USA,Men,10m platform,M,Gold
St Louis,1904,Aquatics,Diving,"HOFFMANN, Georg",GER,Men,10m platform,M,Silver
St Louis,1904,Aquatics,Diving,"GOODWIN, Leo Budd",USA,Men,plunge for distance,M,Bronze
St Louis,1904,Aquatics,Diving,"DICKEY, William Paul",USA,Men,plunge for distance,M,Gold
St Louis,1904,Aquatics,Diving,"ADAMS, Edgar H.",USA,Men,plunge for distance,M,Silver
St Louis,1904,Aquatics,Swimming,"ZACHARIAS, Georg",GER,Men,100m backstroke,M,Bronze
St Louis,1904,Aquatics,Swimming,"BRACK, Walter",GER,Men,100m backstroke,M,Gold
St Louis,1904,Aquatics,Swimming,"HOFFMANN, Georg",GER,Men,100m backstroke,M,Silver
St Louis,1904,Aquatics,Swimming,"LEARY, J. Scott",USA,Men,100m freestyle,M,Bronze
St Louis,1904,Aquatics,Swimming,"HALMAY, Zoltan",HUN,Men,100m freestyle,M,Gold
St Louis,1904,Aquatics,Swimming,"DANIELS, Charles",USA,Men,100m freestyle,M,Silver
St Louis,1904,Aquatics,Swimming,"GAILEY, Francis",USA,Men,1500m freestyle,M,Bronze
St Louis,1904,Aquatics,Swimming,"RAUSCH, Emil",GER,Men,1500m freestyle,M,Gold
St Louis,1904,Aquatics,Swimming,"KISS, Geza",HUN,Men,1500m freestyle,M,Silver
St Louis,1904,Aquatics,Swimming,"RAUSCH, Emil",GER,Men,200m freestyle,M,Bronze
St Louis,1904,Aquatics,Swimming,"DANIELS, Charles",USA,Men,200m freestyle,M,Gold
St Louis,1904,Aquatics,Swimming,"GAILEY, Francis",USA,Men,200m freestyle,M,Silver
St Louis,1904,Aquatics,Swimming,"HANDY, Hehry Jamison",USA,Men,400m breaststroke,M,Bronze
St Louis,1904,Aquatics,Swimming,"ZACHARIAS, Georg",GER,Men,400m breaststroke,M,Gold
St Louis,1904,Aquatics,Swimming,"BRACK, Walter",GER,Men,400m breaststroke,M,Silver
St Louis,1904,Aquatics,Swimming,"WAHLE, Otto",AUT,Men,400m freestyle,M,Bronze
St Louis,1904,Aquatics,Swimming,"DANIELS, Charles",USA,Men,400m freestyle,M,Gold
St Louis,1904,Aquatics,Swimming,"GAILEY, Francis",USA,Men,400m freestyle,M,Silver
St Louis,1904,Aquatics,Swimming,"EVANS, Gwynne",USA,Men,4x50y freestyle relay,M,Bronze
St Louis,1904,Aquatics,Swimming,"ORTHWEIN, William Robert",USA,Men,4x50y freestyle relay,M,Bronze
St Louis,1904,Aquatics,Swimming,"REYBURN, Amadee",USA,Men,4x50y freestyle relay,M,Bronze
St Louis,1904,Aquatics,Swimming,"SCHWARTZ, Marquard",USA,Men,4x50y freestyle relay,M,Bronze
St Louis,1904,Aquatics,Swimming,"DANIELS, Charles",USA,Men,4x50y freestyle relay,M,Gold
St Louis,1904,Aquatics,Swimming,"GOODWIN, Leo Budd",USA,Men,4x50y freestyle relay,M,Gold
St Louis,1904,Aquatics,Swimming,"HANDLEY, Louis De Breda",USA,Men,4x50y freestyle relay,M,Gold
St Louis,1904,Aquatics,Swimming,"RUDDY, Joseph A.",USA,Men,4x50y freestyle relay,M,Gold
St Louis,1904,Aquatics,Swimming,"GOETZ, Hugo",USA,Men,4x50y freestyle relay,M,Silver
St Louis,1904,Aquatics,Swimming,"HAMMOND, David",USA,Men,4x50y freestyle relay,M,Silver
St Louis,1904,Aquatics,Swimming,"THORNE, Raymond",USA,Men,4x50y freestyle relay,M,Silver
St Louis,1904,Aquatics,Swimming,"TUTTLE, William",USA,Men,4x50y freestyle relay,M,Silver
St Louis,1904,Aquatics,Swimming,"DANIELS, Charles",USA,Men,50y freestyle (45.72m),M,Bronze
St Louis,1904,Aquatics,Swimming,"HALMAY, Zoltan",HUN,Men,50y freestyle (45.72m),M,Gold
St Louis,1904,Aquatics,Swimming,"LEARY, J. Scott",USA,Men,50y freestyle (45.72m),M,Silver
St Louis,1904,Aquatics,Swimming,"KISS, Geza",HUN,Men,880y freestyle (804.66m),M,Bronze
St Louis,1904,Aquatics,Swimming,"RAUSCH, Emil",GER,Men,880y freestyle (804.66m),M,Gold
St Louis,1904,Aquatics,Swimming,"GAILEY, Francis",USA,Men,880y freestyle (804.66m),M,Silver
St Louis,1904,Archery,Archery,"THOMPSON, William Henry",USA,Men,double american round (60y - 50y - 40y),M,Bronze
St Louis,1904,Archery,Archery,"BRYANT, George Philipp",USA,Men,double american round (60y - 50y - 40y),M,Gold
St Louis,1904,Archery,Archery,"WILLIAMS, Robert",USA,Men,double american round (60y - 50y - 40y),M,Silver
St Louis,1904,Archery,Archery,"POLLOCK, Jessie",USA,Women,double columbia round (50y - 40y - 30y),W,Bronze
St Louis,1904,Archery,Archery,"HOWELL, Matilda Scott",USA,Women,double columbia round (50y - 40y - 30y),W,Gold
St Louis,1904,Archery,Archery,"COOKE, Emma C.",USA,Women,double columbia round (50y - 40y - 30y),W,Silver
St Louis,1904,Archery,Archery,"POLLOCK, Jessie",USA,Women,double national round (60y - 50y),W,Bronze
St Louis,1904,Archery,Archery,"HOWELL, Matilda Scott",USA,Women,double national round (60y - 50y),W,Gold
St Louis,1904,Archery,Archery,"COOKE, Emma C.",USA,Women,double national round (60y - 50y),W,Silver
St Louis,1904,Archery,Archery,"THOMPSON, William Henry",USA,Men,double york round (100y - 80y - 60y),M,Bronze
St Louis,1904,Archery,Archery,"BRYANT, George Philipp",USA,Men,double york round (100y - 80y - 60y),M,Gold
St Louis,1904,Archery,Archery,"WILLIAMS, Robert",USA,Men,double york round (100y - 80y - 60y),M,Silver
St Louis,1904,Archery,Archery,"BRYANT, George Philipp",USA,Men,team round 60y,M,Bronze
St Louis,1904,Archery,Archery,"BRYANT, Wallace",USA,Men,team round 60y,M,Bronze
St Louis,1904,Archery,Archery,"DALLIN, Cyrus Edwin",USA,Men,team round 60y,M,Bronze
St Louis,1904,Archery,Archery,"RICHARDSON, Henry Barber",USA,Men,team round 60y,M,Bronze
St Louis,1904,Archery,Archery,"MAXSON, Louis W.",USA,Men,team round 60y,M,Gold
St Louis,1904,Archery,Archery,"SPENCER, Galen Carter",USA,Men,team round 60y,M,Gold
St Louis,1904,Archery,Archery,"THOMPSON, William Henry",USA,Men,team round 60y,M,Gold
St Louis,1904,Archery,Archery,"WILLIAMS, Robert",USA,Men,team round 60y,M,Gold
St Louis,1904,Archery,Archery,"CLARK, William A.",USA,Men,team round 60y,M,Silver
St Louis,1904,Archery,Archery,"DUVALL, Samuel Harding",USA,Men,team round 60y,M,Silver
St Louis,1904,Archery,Archery,"HUBBARD, Charles R.",USA,Men,team round 60y,M,Silver
St Louis,1904,Archery,Archery,"WOODRUFF, Charles S.",USA,Men,team round 60y,M,Silver
St Louis,1904,Archery,Archery,"HOWELL, Matilda Scott",USA,Women,teams FITA round,W,Gold
St Louis,1904,Archery,Archery,"POLLOCK, Jessie",USA,Women,teams FITA round,W,Gold
St Louis,1904,Archery,Archery,"TAYLOR, Louise",USA,Women,teams FITA round,W,Gold
St Louis,1904,Archery,Archery,"WOODRUFF, Laura",USA,Women,teams FITA round,W,Gold
St Louis,1904,Archery,Archery,"COOKE, Emma C.",USA,Women,teams FITA round,W,Silver
St Louis,1904,Archery,Archery,"TAYLOR, Mabel",USA,Women,teams FITA round,W,Silver
St Louis,1904,Athletics,Athletics,"HOGENSON, William",USA,Men,100m,M,Bronze
St Louis,1904,Athletics,Athletics,"HAHN, Archie",USA,Men,100m,M,Gold
St Louis,1904,Athletics,Athletics,"CARTMELL, John Nathaniel",USA,Men,100m,M,Silver
St Louis,1904,Athletics,Athletics,"ASHBURNER, Lesley",USA,Men,110m hurdles,M,Bronze
St Louis,1904,Athletics,Athletics,"SCHULE, Frederick",USA,Men,110m hurdles,M,Gold
St Louis,1904,Athletics,Athletics,"SHIDELER, Thaddeus",USA,Men,110m hurdles,M,Silver
St Louis,1904,Athletics,Athletics,"HEARN, Lacey",USA,Men,1500m,M,Bronze
St Louis,1904,Athletics,Athletics,"LIGHTBODY, James",USA,Men,1500m,M,Gold
St Louis,1904,Athletics,Athletics,"VERNER, William Frank",USA,Men,1500m,M,Silver
St Louis,1904,Athletics,Athletics,"HOGENSON, William",USA,Men,200m,M,Bronze
St Louis,1904,Athletics,Athletics,"HAHN, Archie",USA,Men,200m,M,Gold
St Louis,1904,Athletics,Athletics,"CARTMELL, John Nathaniel",USA,Men,200m,M,Silver
St Louis,1904,Athletics,Athletics,"POAGE, George",USA,Men,200m hurdles,M,Bronze
St Louis,1904,Athletics,Athletics,"HILLMAN, Harry",USA,Men,200m hurdles,M,Gold
St Louis,1904,Athletics,Athletics,"CASTLEMAN, Frank",USA,Men,200m hurdles,M,Silver
St Louis,1904,Athletics,Athletics,"NEWTON, Arthur",USA,Men,3000m steeplechase,M,Bronze
St Louis,1904,Athletics,Athletics,"LIGHTBODY, James",USA,Men,3000m steeplechase,M,Gold
St Louis,1904,Athletics,Athletics,"DALY, John",GBR,Men,3000m steeplechase,M,Silver
St Louis,1904,Athletics,Athletics,"GROMAN, Herman",USA,Men,400m,M,Bronze
St Louis,1904,Athletics,Athletics,"HILLMAN, Harry",USA,Men,400m,M,Gold
St Louis,1904,Athletics,Athletics,"WALLER, Frank",USA,Men,400m,M,Silver
St Louis,1904,Athletics,Athletics,"POAGE, George",USA,Men,400m hurdles,M,Bronze
St Louis,1904,Athletics,Athletics,"HILLMAN, Harry",USA,Men,400m hurdles,M,Gold
St Louis,1904,Athletics,Athletics,"WALLER, Frank",USA,Men,400m hurdles,M,Silver
St Louis,1904,Athletics,Athletics,"MUNSON, David Curtis",USA,Men,4miles team,M,Gold
St Louis,1904,Athletics,Athletics,"NEWTON, Arthur",USA,Men,4miles team,M,Gold
St Louis,1904,Athletics,Athletics,"PILGRIM, Paul Harry",USA,Men,4miles team,M,Gold
St Louis,1904,Athletics,Athletics,"UNDERWOOD, George",USA,Men,4miles team,M,Gold
St Louis,1904,Athletics,Athletics,"VALENTINE, Howard",USA,Men,4miles team,M,Gold
St Louis,1904,Athletics,Athletics,"CORAY, Albert",ZZX,Men,4miles team,M,Silver
St Louis,1904,Athletics,Athletics,"HATCH, Sidney",ZZX,Men,4miles team,M,Silver
St Louis,1904,Athletics,Athletics,"HEARN, Lacey",ZZX,Men,4miles team,M,Silver
St Louis,1904,Athletics,Athletics,"LIGHTBODY, James",ZZX,Men,4miles team,M,Silver
St Louis,1904,Athletics,Athletics,"VERNER, William Frank",ZZX,Men,4miles team,M,Silver
St Louis,1904,Athletics,Athletics,"MITCHELL, James",USA,Men,56lb weight throw (25.4kg),M,Bronze
St Louis,1904,Athletics,Athletics,"DESMARTEAU, Etienne",CAN,Men,56lb weight throw (25.4kg),M,Gold
St Louis,1904,Athletics,Athletics,"FLANAGAN, John Jesus",USA,Men,56lb weight throw (25.4kg),M,Silver
St Louis,1904,Athletics,Athletics,"MOULTON, Fay",USA,Men,60m,M,Bronze
St Louis,1904,Athletics,Athletics,"HAHN, Archie",USA,Men,60m,M,Gold
St Louis,1904,Athletics,Athletics,"HOGENSON, William",USA,Men,60m,M,Silver
St Louis,1904,Athletics,Athletics,"BREITKREUTZ, Emil",USA,Men,800m,M,Bronze
St Louis,1904,Athletics,Athletics,"LIGHTBODY, James",USA,Men,800m,M,Gold
St Louis,1904,Athletics,Athletics,"VALENTINE, Howard",USA,Men,800m,M,Silver
St Louis,1904,Athletics,Athletics,"HARE, Thomas Truxton",USA,Men,decathlon,M,Bronze
St Louis,1904,Athletics,Athletics,"KIELY, Thomas Francis",GBR,Men,decathlon,M,Gold
St Louis,1904,Athletics,Athletics,"GUNN, Adam",USA,Men,decathlon,M,Silver
St Louis,1904,Athletics,Athletics,"GEORGANDAS, Nicolaos",GRE,Men,discus throw,M,Bronze
St Louis,1904,Athletics,Athletics,"SHERIDAN, Martin",USA,Men,discus throw,M,Gold
St Louis,1904,Athletics,Athletics,"ROSE, Ralph",USA,Men,discus throw,M,Silver
St Louis,1904,Athletics,Athletics,"ROSE, Ralph",USA,Men,hammer throw,M,Bronze
St Louis,1904,Athletics,Athletics,"FLANAGAN, John Jesus",USA,Men,hammer throw,M,Gold
St Louis,1904,Athletics,Athletics,"DEWITT, John",USA,Men,hammer throw,M,Silver
St Louis,1904,Athletics,Athletics,"WEINSTEIN, Paul",GER,Men,high jump,M,Bronze
St Louis,1904,Athletics,Athletics,"JONES, Samuel",USA,Men,high jump,M,Gold
St Louis,1904,Athletics,Athletics,"SERVISS, Garrett",USA,Men,high jump,M,Silver
St Louis,1904,Athletics,Athletics,"ROBERTSON, Lawson N.",USA,Men,"high jump, standing",M,Bronze
St Louis,1904,Athletics,Athletics,"EWRY, Ray",USA,Men,"high jump, standing",M,Gold
St Louis,1904,Athletics,Athletics,"STADLER, Joseph F.",USA,Men,"high jump, standing",M,Silver
St Louis,1904,Athletics,Athletics,"STANGLAND, Robert",USA,Men,long jump,M,Bronze
St Louis,1904,Athletics,Athletics,"PRINSTEIN, Meyer",USA,Men,long jump,M,Gold
St Louis,1904,Athletics,Athletics,"FRANK, Daniel",USA,Men,long jump,M,Silver
St Louis,1904,Athletics,Athletics,"BILLER, John",USA,Men,"long jump, standing",M,Bronze
St Louis,1904,Athletics,Athletics,"EWRY, Ray",USA,Men,"long jump, standing",M,Gold
St Louis,1904,Athletics,Athletics,"KING, Charles",USA,Men,"long jump, standing",M,Silver
St Louis,1904,Athletics,Athletics,"NEWTON, Arthur",USA,Men,marathon,M,Bronze
St Louis,1904,Athletics,Athletics,"HICKS, Thomas",USA,Men,marathon,M,Gold
St Louis,1904,Athletics,Athletics,"CORAY, Albert",USA,Men,marathon,M,Silver
St Louis,1904,Athletics,Athletics,"WILKINS, Louis",USA,Men,pole vault,M,Bronze
St Louis,1904,Athletics,Athletics,"DVORAK, Charles",USA,Men,pole vault,M,Gold
St Louis,1904,Athletics,Athletics,"SAMSE, Leroy",USA,Men,pole vault,M,Silver
St Louis,1904,Athletics,Athletics,"FEUERBACH, Lawrence E. Joseph",USA,Men,shot put,M,Bronze
St Louis,1904,Athletics,Athletics,"ROSE, Ralph",USA,Men,shot put,M,Gold
St Louis,1904,Athletics,Athletics,"COE, William Wesley",USA,Men,shot put,M,Silver
St Louis,1904,Athletics,Athletics,"MERZ, William",USA,Men,triathlon (long jump / shot put / 100 yards),M,Bronze
St Louis,1904,Athletics,Athletics,"EMMERICH, Max",USA,Men,triathlon (long jump / shot put / 100 yards),M,Gold
St Louis,1904,Athletics,Athletics,"GRIEB, John",USA,Men,triathlon (long jump / shot put / 100 yards),M,Silver
St Louis,1904,Athletics,Athletics,"STANGLAND, Robert",USA,Men,triple jump,M,Bronze
St Louis,1904,Athletics,Athletics,"PRINSTEIN, Meyer",USA,Men,triple jump,M,Gold
St Louis,1904,Athletics,Athletics,"ENGLEHARDT, Frederick",USA,Men,triple jump,M,Silver
St Louis,1904,Athletics,Athletics,"STADLER, Joseph F.",USA,Men,"triple jump, standing",M,Bronze
St Louis,1904,Athletics,Athletics,"EWRY, Ray",USA,Men,"triple jump, standing",M,Gold
St Louis,1904,Athletics,Athletics,"KING, Charles",USA,Men,"triple jump, standing",M,Silver
St Louis,1904,Boxing,Boxing,"FINNEGAN, George",USA,Men,- 47.63kg (flyweight),M,Gold
St Louis,1904,Boxing,Boxing,"BURKE, Miles",USA,Men,- 47.63kg (flyweight),M,Silver
St Louis,1904,Boxing,Boxing,"MICHAELS, William",USA,Men,+ 71.67kg (heavyweight),M,Bronze
St Louis,1904,Boxing,Boxing,"BERGER, Samuel",USA,Men,+ 71.67kg (heavyweight),M,Gold
St Louis,1904,Boxing,Boxing,"MAYER, Charles",USA,Men,+ 71.67kg (heavyweight),M,Silver
St Louis,1904,Boxing,Boxing,"KIRK, Oliver L.",USA,Men,47.63 - 52.16kg (bantamweight),M,Gold
St Louis,1904,Boxing,Boxing,"FINNEGAN, George",USA,Men,47.63 - 52.16kg (bantamweight),M,Silver
St Louis,1904,Boxing,Boxing,"GILMORE, Frederick",USA,Men,52.16 - 56.7kg (featherweight),M,Bronze
St Louis,1904,Boxing,Boxing,"KIRK, Oliver L.",USA,Men,52.16 - 56.7kg (featherweight),M,Gold
St Louis,1904,Boxing,Boxing,"HALLER, Frank",USA,Men,52.16 - 56.7kg (featherweight),M,Silver
St Louis,1904,Boxing,Boxing,"VAN HORN, Russell",USA,Men,56.7 - 61.24kg (lightweight),M,Bronze
St Louis,1904,Boxing,Boxing,"SPANGER, Harry J.",USA,Men,56.7 - 61.24kg (lightweight),M,Gold
St Louis,1904,Boxing,Boxing,"EAGAN, James Jack",USA,Men,56.7 - 61.24kg (lightweight),M,Silver
St Louis,1904,Boxing,Boxing,"EAGAN, James Jack",USA,Men,61.24 - 65.77kg (welterweight),M,Bronze
St Louis,1904,Boxing,Boxing,"LYDON, Joseph",USA,Men,61.24 - 65.77kg (welterweight),M,Bronze
St Louis,1904,Boxing,Boxing,"YOUNG, Albert",USA,Men,61.24 - 65.77kg (welterweight),M,Gold
St Louis,1904,Boxing,Boxing,"SPANGER, Harry J.",USA,Men,61.24 - 65.77kg (welterweight),M,Silver
St Louis,1904,Boxing,Boxing,"MAYER, Charles",USA,Men,65.77 - 71.67kg (middleweight),M,Gold
St Louis,1904,Boxing,Boxing,"SPRADLEY, Benjamin",USA,Men,65.77 - 71.67kg (middleweight),M,Silver
St Louis,1904,Cycling,Cycling Track,"BILLINGTON, Edward",USA,Men,1 mile (1609.3m),M,Bronze
St Louis,1904,Cycling,Cycling Track,"HURLEY, Marcus",USA,Men,1 mile (1609.3m),M,Gold
St Louis,1904,Cycling,Cycling Track,"DOWNING, Burton",USA,Men,1 mile (1609.3m),M,Silver
St Louis,1904,Cycling,Cycling Track,"DOWNING, Burton",USA,Men,1/2 mile (804.7m),M,Bronze
St Louis,1904,Cycling,Cycling Track,"HURLEY, Marcus",USA,Men,1/2 mile (804.7m),M,Gold
St Louis,1904,Cycling,Cycling Track,"BILLINGTON, Edward",USA,Men,1/2 mile (804.7m),M,Silver
St Louis,1904,Cycling,Cycling Track,"BILLINGTON, Edward",USA,Men,1/3 mile (536.5m),M,Bronze
St Louis,1904,Cycling,Cycling Track,"HURLEY, Marcus",USA,Men,1/3 mile (536.5m),M,Gold
St Louis,1904,Cycling,Cycling Track,"DOWNING, Burton",USA,Men,1/3 mile (536.5m),M,Silver
St Louis,1904,Cycling,Cycling Track,"BILLINGTON, Edward",USA,Men,1/4 mile (402.3m),M,Bronze
St Louis,1904,Cycling,Cycling Track,"HURLEY, Marcus",USA,Men,1/4 mile (402.3m),M,Gold
St Louis,1904,Cycling,Cycling Track,"DOWNING, Burton",USA,Men,1/4 mile (402.3m),M,Silver
St Louis,1904,Cycling,Cycling Track,"HURLEY, Marcus",USA,Men,2 miles (3.218km),M,Bronze
St Louis,1904,Cycling,Cycling Track,"DOWNING, Burton",USA,Men,2 miles (3.218km),M,Gold
St Louis,1904,Cycling,Cycling Track,"GOERKE, Oscar",USA,Men,2 miles (3.218km),M,Silver
St Louis,1904,Cycling,Cycling Track,"WILEY, George",USA,Men,25 miles (40.232km),M,Bronze
St Louis,1904,Cycling,Cycling Track,"DOWNING, Burton",USA,Men,25 miles (40.232km),M,Gold
St Louis,1904,Cycling,Cycling Track,"ANDREWS, Arthur F.",USA,Men,25 miles (40.232km),M,Silver
St Louis,1904,Cycling,Cycling Track,"ANDREWS, Arthur F.",USA,Men,5 miles (8.046km),M,Bronze
St Louis,1904,Cycling,Cycling Track,"SCHLEE, Charles",USA,Men,5 miles (8.046km),M,Gold
St Louis,1904,Cycling,Cycling Track,"WILEY, George",USA,Men,5 miles (8.046km),M,Silver
St Louis,1904,Fencing,Fencing,"VAN ZO POST, Albertson",CUB,Men,épée individual,M,Bronze
St Louis,1904,Fencing,Fencing,"FONST, Ramon",CUB,Men,épée individual,M,Gold
St Louis,1904,Fencing,Fencing,"TATHAM, Charles",CUB,Men,épée individual,M,Silver
St Louis,1904,Fencing,Fencing,"TATHAM, Charles",CUB,Men,foil individual,M,Bronze
St Louis,1904,Fencing,Fencing,"FONST, Ramon",CUB,Men,foil individual,M,Gold
St Louis,1904,Fencing,Fencing,"VAN ZO POST, Albertson",CUB,Men,foil individual,M,Silver
St Louis,1904,Fencing,Fencing,"DIAZ, Manuel",ZZX,Men,foil team,M,Gold
St Louis,1904,Fencing,Fencing,"FONST, Ramon",ZZX,Men,foil team,M,Gold
St Louis,1904,Fencing,Fencing,"VAN ZO POST, Albertson",ZZX,Men,foil team,M,Gold
St Louis,1904,Fencing,Fencing,"FOX, Arthur",USA,Men,foil team,M,Silver
St Louis,1904,Fencing,Fencing,"TATHAM, Charles",USA,Men,foil team,M,Silver
St Louis,1904,Fencing,Fencing,"TOWNSEND, Charles Fitzhugh",USA,Men,foil team,M,Silver
St Louis,1904,Fencing,Fencing,"VAN ZO POST, Albertson",CUB,Men,sabre individual,M,Bronze
St Louis,1904,Fencing,Fencing,"DIAZ, Manuel",CUB,Men,sabre individual,M,Gold
St Louis,1904,Fencing,Fencing,"GREBE, William",USA,Men,sabre individual,M,Silver
St Louis,1904,Fencing,Fencing,"GREBE, William",USA,Men,"stick, single",M,Bronze
St Louis,1904,Fencing,Fencing,"VAN ZO POST, Albertson",CUB,Men,"stick, single",M,Gold
St Louis,1904,Fencing,Fencing,"O'CONNOR, William Scott",USA,Men,"stick, single",M,Silver
St Louis,1904,Football,Football,"BRADY, Joseph J.",USA,Men,football,M,Bronze
St Louis,1904,Football,Football,"COOKE, George Edwin",USA,Men,football,M,Bronze
St Louis,1904,Football,Football,"COOKE, Thomas J.",USA,Men,football,M,Bronze
St Louis,1904,Football,Football,"COSTGROVE, Cormic F.",USA,Men,football,M,Bronze
St Louis,1904,Football,Football,DIERKES,USA,Men,football,M,Bronze
St Louis,1904,Football,Football,"DOOLING, Martin T.",USA,Men,football,M,Bronze
St Louis,1904,Football,Football,"FROST, Frank",USA,Men,football,M,Bronze
St Louis,1904,Football,Football,"JAMESON, Claude Stanley",USA,Men,football,M,Bronze
St Louis,1904,Football,Football,"JAMESON, Henry Wood",USA,Men,football,M,Bronze
St Louis,1904,Football,Football,"JOHNSON, -",USA,Men,football,M,Bronze
St Louis,1904,Football,Football,O'CONNELL,USA,Men,football,M,Bronze
St Louis,1904,Football,Football,"TATE, Harry",USA,Men,football,M,Bronze
St Louis,1904,Football,Football,"BARTLIFF, Charles Albert",USA,Men,football,M,Gold
St Louis,1904,Football,Football,"BRADY, Joseph J.",USA,Men,football,M,Gold
St Louis,1904,Football,Football,"BRITTINGHAM, Warren G.",USA,Men,football,M,Gold
St Louis,1904,Football,Football,"BROCKMEYER, Oscar B.",USA,Men,football,M,Gold
St Louis,1904,Football,Football,"COOKE, George Edwin",USA,Men,football,M,Gold
St Louis,1904,Football,Football,"COOKE, Thomas J.",USA,Men,football,M,Gold
St Louis,1904,Football,Football,"COSTGROVE, Cormic F.",USA,Men,football,M,Gold
St Louis,1904,Football,Football,"CUDMORE, Alexander",USA,Men,football,M,Gold
St Louis,1904,Football,Football,DIERKES,USA,Men,football,M,Gold
St Louis,1904,Football,Football,"DOOLING, Martin T.",USA,Men,football,M,Gold
St Louis,1904,Football,Football,"DUCKER, George",CAN,Men,football,M,Gold
St Louis,1904,Football,Football,"FRASER, John Alexander",CAN,Men,football,M,Gold
St Louis,1904,Football,Football,"FROST, Frank",USA,Men,football,M,Gold
St Louis,1904,Football,Football,"GOURLEY, John",CAN,Men,football,M,Gold
St Louis,1904,Football,Football,"HALL, Alexander",CAN,Men,football,M,Gold
St Louis,1904,Football,Football,"JAMESON, Claude Stanley",USA,Men,football,M,Gold
St Louis,1904,Football,Football,"JAMESON, Henry Wood",USA,Men,football,M,Gold
St Louis,1904,Football,Football,"JANUARY, Charles James",USA,Men,football,M,Gold
St Louis,1904,Football,Football,"JANUARY, John Hartnett",USA,Men,football,M,Gold
St Louis,1904,Football,Football,"JANUARY, Thomas Thurston",USA,Men,football,M,Gold
St Louis,1904,Football,Football,"JOHNSON, -",USA,Men,football,M,Gold
St Louis,1904,Football,Football,"JOHNSON, Albert",CAN,Men,football,M,Gold
St Louis,1904,Football,Football,"LANE, Robert",CAN,Men,football,M,Gold
St Louis,1904,Football,Football,"LAWLER, Raymond E.",USA,Men,football,M,Gold
St Louis,1904,Football,Football,"LINTON, Ernest",CAN,Men,football,M,Gold
St Louis,1904,Football,Football,"LYDON, Joseph",USA,Men,football,M,Gold
St Louis,1904,Football,Football,"MACDONALD, Gordon",CAN,Men,football,M,Gold
St Louis,1904,Football,Football,"MENGES, Louis John",USA,Men,football,M,Gold
St Louis,1904,Football,Football,O'CONNELL,USA,Men,football,M,Gold
St Louis,1904,Football,Football,"RATICAN, Peter Joseph",USA,Men,football,M,Gold
St Louis,1904,Football,Football,"STEEP, Frederick",CAN,Men,football,M,Gold
St Louis,1904,Football,Football,"TATE, Harry",USA,Men,football,M,Gold
St Louis,1904,Football,Football,"TAYLOR, Thomas",CAN,Men,football,M,Gold
St Louis,1904,Football,Football,"TWAITS, William",CAN,Men,football,M,Gold
St Louis,1904,Football,Football,"BARTLIFF, Charles Albert",USA,Men,football,M,Silver
St Louis,1904,Football,Football,"BRITTINGHAM, Warren G.",USA,Men,football,M,Silver
St Louis,1904,Football,Football,"BROCKMEYER, Oscar B.",USA,Men,football,M,Silver
St Louis,1904,Football,Football,"CUDMORE, Alexander",USA,Men,football,M,Silver
St Louis,1904,Football,Football,"JANUARY, Charles James",USA,Men,football,M,Silver
St Louis,1904,Football,Football,"JANUARY, John Hartnett",USA,Men,football,M,Silver
St Louis,1904,Football,Football,"JANUARY, Thomas Thurston",USA,Men,football,M,Silver
St Louis,1904,Football,Football,"LAWLER, Raymond E.",USA,Men,football,M,Silver
St Louis,1904,Football,Football,"LYDON, Joseph",USA,Men,football,M,Silver
St Louis,1904,Football,Football,"MENGES, Louis John",USA,Men,football,M,Silver
St Louis,1904,Football,Football,"RATICAN, Peter Joseph",USA,Men,football,M,Silver
St Louis,1904,Golf,Golf,"MCKINNIE, Burt P.",USA,Men,individual,M,Bronze
St Louis,1904,Golf,Golf,"NEWTON, Francis Clement",USA,Men,individual,M,Bronze
St Louis,1904,Golf,Golf,"LYON, George Seymour",CAN,Men,individual,M,Gold
St Louis,1904,Golf,Golf,"EGAN, Henri Chandler",USA,Men,individual,M,Silver
St Louis,1904,Golf,Golf,"CUMMINS, Edward M.",USA,Men,team,M,Gold
St Louis,1904,Golf,Golf,"EDWARDS, Kenneth Paine",USA,Men,team,M,Gold
St Louis,1904,Golf,Golf,"EGAN, Henri Chandler",USA,Men,team,M,Gold
St Louis,1904,Golf,Golf,"EGAN, Walter Eugene",USA,Men,team,M,Gold
St Louis,1904,Golf,Golf,"HUNTER, Robert Edward",USA,Men,team,M,Gold
St Louis,1904,Golf,Golf,"MOORE, Nathaniel Fish",USA,Men,team,M,Gold
St Louis,1904,Golf,Golf,"PHELPS, Mason Elliot",USA,Men,team,M,Gold
St Louis,1904,Golf,Golf,"SAWYER, Danieledward",USA,Men,team,M,Gold
St Louis,1904,Golf,Golf,"SMOOT, Clement E.",USA,Men,team,M,Gold
St Louis,1904,Golf,Golf,"WOOD, Warren K.",USA,Men,team,M,Gold
St Louis,1904,Golf,Golf,"CADY, John Deere",USA,Men,team,M,Silver
St Louis,1904,Golf,Golf,"LAMBERT, Albert Bond",USA,Men,team,M,Silver
St Louis,1904,Golf,Golf,"MAXWELL, John R.",USA,Men,team,M,Silver
St Louis,1904,Golf,Golf,"MCKINNIE, Burt P.",USA,Men,team,M,Silver
St Louis,1904,Golf,Golf,"MCKITTRICK, Ralph",USA,Men,team,M,Silver
St Louis,1904,Golf,Golf,"NEWTON, Francis Clement",USA,Men,team,M,Silver
St Louis,1904,Golf,Golf,"POTTER, Henry",USA,Men,team,M,Silver
St Louis,1904,Golf,Golf,"SEMPLE, Frederick",USA,Men,team,M,Silver
St Louis,1904,Golf,Golf,"STICKNEY, Arthur William",USA,Men,team,M,Silver
St Louis,1904,Golf,Golf,"STICKNEY, Stuart Grosvenor",USA,Men,team,M,Silver
St Louis,1904,Gymnastics,Artistic G.,"WILSON, Ralph",USA,Men,club swinging,M,Bronze
St Louis,1904,Gymnastics,Artistic G.,"HENNIG, Edward",USA,Men,club swinging,M,Gold
St Louis,1904,Gymnastics,Artistic G.,"VOIGT, Emil",USA,Men,club swinging,M,Silver
St Louis,1904,Gymnastics,Artistic G.,"WEBER, Wilhelm",GER,Men,combined 3 events,M,Bronze
St Louis,1904,Gymnastics,Artistic G.,"SPINNLER, Adolf",SUI,Men,combined 3 events,M,Gold
St Louis,1904,Gymnastics,Artistic G.,"LENHART, Julius",USA,Men,combined 3 events,M,Silver
St Louis,1904,Gymnastics,Artistic G.,"MERZ, William",USA,Men,combined 4 events,M,Bronze
St Louis,1904,Gymnastics,Artistic G.,"HEIDA, Anton",USA,Men,combined 4 events,M,Gold
St Louis,1904,Gymnastics,Artistic G.,"EYSER, George",USA,Men,combined 4 events,M,Silver
St Louis,1904,Gymnastics,Artistic G.,"EYSER, George",USA,Men,horizontal bar,M,Bronze
St Louis,1904,Gymnastics,Artistic G.,"HEIDA, Anton",USA,Men,horizontal bar,M,Gold
St Louis,1904,Gymnastics,Artistic G.,"HENNIG, Edward",USA,Men,horizontal bar,M,Gold
St Louis,1904,Gymnastics,Artistic G.,"SPINNLER, Adolf",SUI,Men,individual all-round,M,Bronze
St Louis,1904,Gymnastics,Artistic G.,"LENHART, Julius",USA,Men,individual all-round,M,Gold
St Louis,1904,Gymnastics,Artistic G.,"WEBER, Wilhelm",GER,Men,individual all-round,M,Silver
St Louis,1904,Gymnastics,Artistic G.,"DUHA, John",USA,Men,parallel bars,M,Bronze
St Louis,1904,Gymnastics,Artistic G.,"EYSER, George",USA,Men,parallel bars,M,Gold
St Louis,1904,Gymnastics,Artistic G.,"HEIDA, Anton",USA,Men,parallel bars,M,Silver
St Louis,1904,Gymnastics,Artistic G.,"MERZ, William",USA,Men,pommel horse,M,Bronze
St Louis,1904,Gymnastics,Artistic G.,"HEIDA, Anton",USA,Men,pommel horse,M,Gold
St Louis,1904,Gymnastics,Artistic G.,"EYSER, George",USA,Men,pommel horse,M,Silver
St Louis,1904,Gymnastics,Artistic G.,"VOIGT, Emil",USA,Men,rings,M,Bronze
St Louis,1904,Gymnastics,Artistic G.,"GLASS, Hermann",USA,Men,rings,M,Gold
St Louis,1904,Gymnastics,Artistic G.,"MERZ, William",USA,Men,rings,M,Silver
St Louis,1904,Gymnastics,Artistic G.,"VOIGT, Emil",USA,Men,rope climbing,M,Bronze
St Louis,1904,Gymnastics,Artistic G.,"EYSER, George",USA,Men,rope climbing,M,Gold
St Louis,1904,Gymnastics,Artistic G.,"KRAUSE, Charles",USA,Men,rope climbing,M,Silver
St Louis,1904,Gymnastics,Artistic G.,"DUHA, John",USA,Men,team competition,M,Bronze
St Louis,1904,Gymnastics,Artistic G.,"KRAUSE, Charles",USA,Men,team competition,M,Bronze
St Louis,1904,Gymnastics,Artistic G.,"MAYACK, Robert",USA,Men,team competition,M,Bronze
St Louis,1904,Gymnastics,Artistic G.,"MEYER, George",USA,Men,team competition,M,Bronze
St Louis,1904,Gymnastics,Artistic G.,"SCHUSTER, Philipp",USA,Men,team competition,M,Bronze
St Louis,1904,Gymnastics,Artistic G.,"SIEGLER, Edward",USA,Men,team competition,M,Bronze
St Louis,1904,Gymnastics,Artistic G.,"GRIEB, John",USA,Men,team competition,M,Gold
St Louis,1904,Gymnastics,Artistic G.,"HEIDA, Anton",USA,Men,team competition,M,Gold
St Louis,1904,Gymnastics,Artistic G.,"HESS, Max",USA,Men,team competition,M,Gold
St Louis,1904,Gymnastics,Artistic G.,"KASSEL, Philipp",USA,Men,team competition,M,Gold
St Louis,1904,Gymnastics,Artistic G.,"LENHART, Julius",USA,Men,team competition,M,Gold
St Louis,1904,Gymnastics,Artistic G.,"RECKEWEG, Ernst",USA,Men,team competition,M,Gold
St Louis,1904,Gymnastics,Artistic G.,"BEYER, Emil",USA,Men,team competition,M,Silver
St Louis,1904,Gymnastics,Artistic G.,"BISSINGER, John",USA,Men,team competition,M,Silver
St Louis,1904,Gymnastics,Artistic G.,"ROSENKAMPF, Arthur",USA,Men,team competition,M,Silver
St Louis,1904,Gymnastics,Artistic G.,"SCHMITZ, Julian",USA,Men,team competition,M,Silver
