Stockholm,1912,Rowing,Rowing,"VETTER, Max",GER,Men,eight with coxswain (8+),M,Bronze
Stockholm,1912,Rowing,Rowing,"BURGESS, Edgar Richard",GBR,Men,eight with coxswain (8+),M,Gold
Stockholm,1912,Rowing,Rowing,"FLEMING, Philip",GBR,Men,eight with coxswain (8+),M,Gold
Stockholm,1912,Rowing,Rowing,"GARTON, Arthur Stanley",GBR,Men,eight with coxswain (8+),M,Gold
Stockholm,1912,Rowing,Rowing,"GILLAN, James Angus",GBR,Men,eight with coxswain (8+),M,Gold
Stockholm,1912,Rowing,Rowing,"HORSFALL, Ewart Douglas",GBR,Men,eight with coxswain (8+),M,Gold
Stockholm,1912,Rowing,Rowing,"KIRBY, Alister Graham",GBR,Men,eight with coxswain (8+),M,Gold
Stockholm,1912,Rowing,Rowing,"SWANN, Sidney Ernest",GBR,Men,eight with coxswain (8+),M,Gold
Stockholm,1912,Rowing,Rowing,"WELLS, Henry Bensley",GBR,Men,eight with coxswain (8+),M,Gold
Stockholm,1912,Rowing,Rowing,"WORMALD, Leslie Graham",GBR,Men,eight with coxswain (8+),M,Gold
Stockholm,1912,Rowing,Rowing,"BOURNE, Robert Croft",GBR,Men,eight with coxswain (8+),M,Silver
Stockholm,1912,Rowing,Rowing,"BURDEKIN, Beaufort",GBR,Men,eight with coxswain (8+),M,Silver
Stockholm,1912,Rowing,Rowing,"FISON, William Guy",GBR,Men,eight with coxswain (8+),M,Silver
Stockholm,1912,Rowing,Rowing,"GILLESPIE, Thomas Cunningham",GBR,Men,eight with coxswain (8+),M,Silver
Stockholm,1912,Rowing,Rowing,"LITTLEJOHN, Charles William Berry",GBR,Men,eight with coxswain (8+),M,Silver
Stockholm,1912,Rowing,Rowing,"PARKER, William Lorenzo",GBR,Men,eight with coxswain (8+),M,Silver
Stockholm,1912,Rowing,Rowing,"PITMAN, Frederick Archibald Hugo",GBR,Men,eight with coxswain (8+),M,Silver
Stockholm,1912,Rowing,Rowing,"WALKER, John Drummond",GBR,Men,eight with coxswain (8+),M,Silver
Stockholm,1912,Rowing,Rowing,"WIGGINS, Arthur Frederick Reginald",GBR,Men,eight with coxswain (8+),M,Silver
Stockholm,1912,Rowing,Rowing,"BISGAARD, Erik",DEN,Men,four-oared shell with coxswain (4-),M,Bronze
Stockholm,1912,Rowing,Rowing,"CLEMMENSEN, Eigil",DEN,Men,four-oared shell with coxswain (4-),M,Bronze
Stockholm,1912,Rowing,Rowing,"FRANDSEN, Rasmus Peter",DEN,Men,four-oared shell with coxswain (4-),M,Bronze
Stockholm,1912,Rowing,Rowing,"SIMONSEN, Mikael",DEN,Men,four-oared shell with coxswain (4-),M,Bronze
Stockholm,1912,Rowing,Rowing,"THYMANN, Poul",DEN,Men,four-oared shell with coxswain (4-),M,Bronze
Stockholm,1912,Rowing,Rowing,"ARNHEITER, Albert",GER,Men,four-oared shell with coxswain (4-),M,Gold
Stockholm,1912,Rowing,Rowing,"FICKEISEN, Otto",GER,Men,four-oared shell with coxswain (4-),M,Gold
Stockholm,1912,Rowing,Rowing,"FICKEISEN, Rudolf",GER,Men,four-oared shell with coxswain (4-),M,Gold
Stockholm,1912,Rowing,Rowing,"LEISTER, Karl",GER,Men,four-oared shell with coxswain (4-),M,Gold
Stockholm,1912,Rowing,Rowing,"WILKER, Hermann",GER,Men,four-oared shell with coxswain (4-),M,Gold
Stockholm,1912,Rowing,Rowing,"BERESFORD, Julius",GBR,Men,four-oared shell with coxswain (4-),M,Silver
Stockholm,1912,Rowing,Rowing,"CARR, Geoffrey",GBR,Men,four-oared shell with coxswain (4-),M,Silver
Stockholm,1912,Rowing,Rowing,"LOGAN, Herbert Bruce",GBR,Men,four-oared shell with coxswain (4-),M,Silver
Stockholm,1912,Rowing,Rowing,"ROUGHT, Charles Gardner",GBR,Men,four-oared shell with coxswain (4-),M,Silver
Stockholm,1912,Rowing,Rowing,"VERNON, Karl",GBR,Men,four-oared shell with coxswain (4-),M,Silver
Stockholm,1912,Rowing,Rowing,"BUTLER, Everard Burnside",CAN,Men,single sculls (1x),M,Bronze
Stockholm,1912,Rowing,Rowing,"KUSIK, Mikhaïl Maksimilian",RU1,Men,single sculls (1x),M,Bronze
Stockholm,1912,Rowing,Rowing,"KINNEAR, William Duthie",GBR,Men,single sculls (1x),M,Gold
Stockholm,1912,Rowing,Rowing,"VEIRMAN, Polydore",BEL,Men,single sculls (1x),M,Silver
Stockholm,1912,Sailing,Sailing,"Beloselsky-Belozersky, Esper Konstantinovich",RU1,Men,10m,X,Bronze
Stockholm,1912,Sailing,Sailing,"BRASCHE, Ernest",RU1,Men,10m,X,Bronze
Stockholm,1912,Sailing,Sailing,"LINDBLOM, Karl",RU1,Men,10m,X,Bronze
Stockholm,1912,Sailing,Sailing,"PUSCHNITSKY, Nikolaï",RU1,Men,10m,X,Bronze
Stockholm,1912,Sailing,Sailing,"RODIONOV, Aleksandr",RU1,Men,10m,X,Bronze
Stockholm,1912,Sailing,Sailing,"SCHOMAKER, Iossif",RU1,Men,10m,X,Bronze
Stockholm,1912,Sailing,Sailing,"STRAUCH, Filip",RU1,Men,10m,X,Bronze
Stockholm,1912,Sailing,Sailing,"ERICSSON, Filip",SWE,Men,10m,X,Gold
Stockholm,1912,Sailing,Sailing,"HELLSTRÖM, Carl Ludwig",SWE,Men,10m,X,Gold
Stockholm,1912,Sailing,Sailing,"ISBERG, Paul",SWE,Men,10m,X,Gold
Stockholm,1912,Sailing,Sailing,"LUNDEN, Humbert",SWE,Men,10m,X,Gold
Stockholm,1912,Sailing,Sailing,"NYBERG, Herman",SWE,Men,10m,X,Gold
Stockholm,1912,Sailing,Sailing,"ROSENWÄRD, Harry",SWE,Men,10m,X,Gold
Stockholm,1912,Sailing,Sailing,"WALLERIUS, Eric G.",SWE,Men,10m,X,Gold
Stockholm,1912,Sailing,Sailing,"WALLIN, Harald",SWE,Men,10m,X,Gold
Stockholm,1912,Sailing,Sailing,"BJÖRKSTEN, Waldemar",FIN,Men,10m,X,Silver
Stockholm,1912,Sailing,Sailing,"BJÖRNSTRÖM, Jacob Karl",FIN,Men,10m,X,Silver
Stockholm,1912,Sailing,Sailing,"BRENNER, Bror Benedikt",FIN,Men,10m,X,Silver
Stockholm,1912,Sailing,Sailing,"FRANCK, Allan",FIN,Men,10m,X,Silver
Stockholm,1912,Sailing,Sailing,"LINDH, Erik",FIN,Men,10m,X,Silver
Stockholm,1912,Sailing,Sailing,"PEKKALAINEN, Adolf Aarne",FIN,Men,10m,X,Silver
Stockholm,1912,Sailing,Sailing,"WAHL, Harry",FIN,Men,10m,X,Silver
Stockholm,1912,Sailing,Sailing,"ALFTHAN, Max",FIN,Men,12m,X,Bronze
Stockholm,1912,Sailing,Sailing,"HARTVALL, Erik",FIN,Men,12m,X,Bronze
Stockholm,1912,Sailing,Sailing,"HULLDEN, Jarl",FIN,Men,12m,X,Bronze
Stockholm,1912,Sailing,Sailing,"JUSLEN, Sigurd",FIN,Men,12m,X,Bronze
Stockholm,1912,Sailing,Sailing,"KROGIUS, Ernest Edvard",FIN,Men,12m,X,Bronze
Stockholm,1912,Sailing,Sailing,"SANDELIN, Eino",FIN,Men,12m,X,Bronze
Stockholm,1912,Sailing,Sailing,"SILEN, John",FIN,Men,12m,X,Bronze
Stockholm,1912,Sailing,Sailing,"ANKER, Johan August",NOR,Men,12m,X,Gold
Stockholm,1912,Sailing,Sailing,"BERTELSEN, Nils",NOR,Men,12m,X,Gold
Stockholm,1912,Sailing,Sailing,"FALCH-LUND, Eilert",NOR,Men,12m,X,Gold
Stockholm,1912,Sailing,Sailing,"HANSEN, Halfdan",NOR,Men,12m,X,Gold
Stockholm,1912,Sailing,Sailing,"HEJE, Arnfinn Kolbjörn",NOR,Men,12m,X,Gold
Stockholm,1912,Sailing,Sailing,"KONOW, Magnus",NOR,Men,12m,X,Gold
Stockholm,1912,Sailing,Sailing,"LARSEN, Alfred",NOR,Men,12m,X,Gold
Stockholm,1912,Sailing,Sailing,"LARSEN, Petter Andreas",NOR,Men,12m,X,Gold
Stockholm,1912,Sailing,Sailing,"STAIB, Christian Frederik",NOR,Men,12m,X,Gold
Stockholm,1912,Sailing,Sailing,"THAULOW, Carl Gustav",NOR,Men,12m,X,Gold
Stockholm,1912,Sailing,Sailing,"BERGMAN, Per",SWE,Men,12m,X,Silver
Stockholm,1912,Sailing,Sailing,"BERGSTRÖM, Dick",SWE,Men,12m,X,Silver
Stockholm,1912,Sailing,Sailing,"BERGSTRÖM, Kurt",SWE,Men,12m,X,Silver
Stockholm,1912,Sailing,Sailing,"CLASON, Hugo",SWE,Men,12m,X,Silver
Stockholm,1912,Sailing,Sailing,"JOHNSON, Folke",SWE,Men,12m,X,Silver
Stockholm,1912,Sailing,Sailing,"KANDER, Sigurd",SWE,Men,12m,X,Silver
Stockholm,1912,Sailing,Sailing,"LAMBY, Nils",SWE,Men,12m,X,Silver
Stockholm,1912,Sailing,Sailing,"LINDQVIST, Erik",SWE,Men,12m,X,Silver
Stockholm,1912,Sailing,Sailing,"PERSSON, Nils",SWE,Men,12m,X,Silver
Stockholm,1912,Sailing,Sailing,"SÄLLSTRÖM, Richard",SWE,Men,12m,X,Silver
Stockholm,1912,Sailing,Sailing,"AUST, Otto",SWE,Men,6m,X,Bronze
Stockholm,1912,Sailing,Sailing,"SANDBERG, Erik",SWE,Men,6m,X,Bronze
Stockholm,1912,Sailing,Sailing,"SANDBERG, Harald",SWE,Men,6m,X,Bronze
Stockholm,1912,Sailing,Sailing,"THUBE, Amédé",FRA,Men,6m,X,Gold
Stockholm,1912,Sailing,Sailing,"THUBE, Gaston",FRA,Men,6m,X,Gold
Stockholm,1912,Sailing,Sailing,"THUBE, Jacques",FRA,Men,6m,X,Gold
Stockholm,1912,Sailing,Sailing,"HERSCHEND, Steen",DEN,Men,6m,X,Silver
Stockholm,1912,Sailing,Sailing,"MEULENGRACHT-MADSEN, Hans",DEN,Men,6m,X,Silver
Stockholm,1912,Sailing,Sailing,"THOMSEN, Sven Bernth",DEN,Men,6m,X,Silver
Stockholm,1912,Sailing,Sailing,"AHNGER, Arthur",FIN,Men,8m,X,Bronze
Stockholm,1912,Sailing,Sailing,"LINDH, Emil",FIN,Men,8m,X,Bronze
Stockholm,1912,Sailing,Sailing,"TALLBERG, Bertil",FIN,Men,8m,X,Bronze
Stockholm,1912,Sailing,Sailing,"TALLBERG, Gunnar",FIN,Men,8m,X,Bronze
Stockholm,1912,Sailing,Sailing,"WESTLING, Georg",FIN,Men,8m,X,Bronze
Stockholm,1912,Sailing,Sailing,"AAS, Thomas Valentin",NOR,Men,8m,X,Gold
Stockholm,1912,Sailing,Sailing,"BRECKE, Andreas Bang",NOR,Men,8m,X,Gold
Stockholm,1912,Sailing,Sailing,"CORNELIUS, Torleiv Schibsted",NOR,Men,8m,X,Gold
Stockholm,1912,Sailing,Sailing,"GLAD, Thoralf",NOR,Men,8m,X,Gold
Stockholm,1912,Sailing,Sailing,"JEBE, Christian Fredrik",NOR,Men,8m,X,Gold
Stockholm,1912,Sailing,Sailing,"HENRIQUES, Emil",SWE,Men,8m,X,Silver
Stockholm,1912,Sailing,Sailing,"HEYMAN, Bengt",SWE,Men,8m,X,Silver
Stockholm,1912,Sailing,Sailing,"THIEL, Alvar",SWE,Men,8m,X,Silver
Stockholm,1912,Sailing,Sailing,"WESTERMARK, Herbert",SWE,Men,8m,X,Silver
Stockholm,1912,Sailing,Sailing,"WESTERMARK, Nils",SWE,Men,8m,X,Silver
Stockholm,1912,Shooting,Shooting,"SWAHN, Oscar",SWE,Men,"100m running deer, double shots",M,Bronze
Stockholm,1912,Shooting,Shooting,"LUNDEBERG, Ake",SWE,Men,"100m running deer, double shots",M,Gold
Stockholm,1912,Shooting,Shooting,"BENEDICKS, Edward",SWE,Men,"100m running deer, double shots",M,Silver
Stockholm,1912,Shooting,Shooting,"TOIVONEN, Nestori",FIN,Men,"100m running deer, single shots",M,Bronze
Stockholm,1912,Shooting,Shooting,"SWAHN, Alfred",SWE,Men,"100m running deer, single shots",M,Gold
Stockholm,1912,Shooting,Shooting,"LUNDEBERG, Ake",SWE,Men,"100m running deer, single shots",M,Silver
Stockholm,1912,Shooting,Shooting,"LONDEN, Axel Fredrik",FIN,Men,"100m running deer, single shots, team",M,Bronze
Stockholm,1912,Shooting,Shooting,"ROSENQUIST, Ernst Edvard",FIN,Men,"100m running deer, single shots, team",M,Bronze
Stockholm,1912,Shooting,Shooting,"TOIVONEN, Nestori",FIN,Men,"100m running deer, single shots, team",M,Bronze
Stockholm,1912,Shooting,Shooting,"WÄÄNÄNEN, Tivo",FIN,Men,"100m running deer, single shots, team",M,Bronze
Stockholm,1912,Shooting,Shooting,"ARVIDSSON, Per Olof",SWE,Men,"100m running deer, single shots, team",M,Gold
Stockholm,1912,Shooting,Shooting,"LUNDEBERG, Ake",SWE,Men,"100m running deer, single shots, team",M,Gold
Stockholm,1912,Shooting,Shooting,"SWAHN, Alfred",SWE,Men,"100m running deer, single shots, team",M,Gold
Stockholm,1912,Shooting,Shooting,"SWAHN, Oscar",SWE,Men,"100m running deer, single shots, team",M,Gold
Stockholm,1912,Shooting,Shooting,"LEUSHNER, William F.",USA,Men,"100m running deer, single shots, team",M,Silver
Stockholm,1912,Shooting,Shooting,"LIBBEY, William",USA,Men,"100m running deer, single shots, team",M,Silver
Stockholm,1912,Shooting,Shooting,"MCDONNELL, William Neil",USA,Men,"100m running deer, single shots, team",M,Silver
Stockholm,1912,Shooting,Shooting,"WINANS, Walter",USA,Men,"100m running deer, single shots, team",M,Silver
Stockholm,1912,Shooting,Shooting,"VON HOLST, Johan Hübner",SWE,Men,25m rapid fire pistol (60 shots),M,Bronze
Stockholm,1912,Shooting,Shooting,"LANE, Alfred P.",USA,Men,25m rapid fire pistol (60 shots),M,Gold
Stockholm,1912,Shooting,Shooting,"PALEN, Paul",SWE,Men,25m rapid fire pistol (60 shots),M,Silver
Stockholm,1912,Shooting,Shooting,"HIRD, Frederick S.",USA,Men,"25m small bore rifle, team",M,Bronze
Stockholm,1912,Shooting,Shooting,"LEUSHNER, William F.",USA,Men,"25m small bore rifle, team",M,Bronze
Stockholm,1912,Shooting,Shooting,"MCDONNELL, William Neil",USA,Men,"25m small bore rifle, team",M,Bronze
Stockholm,1912,Shooting,Shooting,"SPROUT, Warren A.",USA,Men,"25m small bore rifle, team",M,Bronze
Stockholm,1912,Shooting,Shooting,"BOIVIE, Gustav",SWE,Men,"25m small bore rifle, team",M,Gold
Stockholm,1912,Shooting,Shooting,"CARLBERG, Eric",SWE,Men,"25m small bore rifle, team",M,Gold
Stockholm,1912,Shooting,Shooting,"CARLBERG, G. Vilhelm",SWE,Men,"25m small bore rifle, team",M,Gold
Stockholm,1912,Shooting,Shooting,"VON HOLST, Johan Hübner",SWE,Men,"25m small bore rifle, team",M,Gold
Stockholm,1912,Shooting,Shooting,"MILNE, William",GBR,Men,"25m small bore rifle, team",M,Silver
Stockholm,1912,Shooting,Shooting,"PEPE, Joseph",GBR,Men,"25m small bore rifle, team",M,Silver
Stockholm,1912,Shooting,Shooting,"PIMM, William Edwin",GBR,Men,"25m small bore rifle, team",M,Silver
Stockholm,1912,Shooting,Shooting,"STYLES, William Kensett",GBR,Men,"25m small bore rifle, team",M,Silver
Stockholm,1912,Shooting,Shooting,"ERICSSON, Gideon",SWE,Men,25m small rifle,M,Bronze
Stockholm,1912,Shooting,Shooting,"CARLBERG, G. Vilhelm",SWE,Men,25m small rifle,M,Gold
Stockholm,1912,Shooting,Shooting,"VON HOLST, Johan Hübner",SWE,Men,25m small rifle,M,Silver
Stockholm,1912,Shooting,Shooting,"LARSEN, Niels Hansen Ditlev",DEN,Men,300m free rifle 3 positions (3x40 shots),M,Bronze
Stockholm,1912,Shooting,Shooting,"COLAS, Paul René",FRA,Men,300m free rifle 3 positions (3x40 shots),M,Gold
Stockholm,1912,Shooting,Shooting,"MADSEN, Lars Jörgen",DEN,Men,300m free rifle 3 positions (3x40 shots),M,Silver
Stockholm,1912,Shooting,Shooting,"DURANT, Hugh",GBR,Men,"30m army pistol, team",M,Bronze
Stockholm,1912,Shooting,Shooting,"KEMPSTER, Albert Joseph",GBR,Men,"30m army pistol, team",M,Bronze
Stockholm,1912,Shooting,Shooting,"POULTER, Horatio Orlando",GBR,Men,"30m army pistol, team",M,Bronze
Stockholm,1912,Shooting,Shooting,"STEWART, Charles Edward",GBR,Men,"30m army pistol, team",M,Bronze
Stockholm,1912,Shooting,Shooting,"CARLBERG, Eric",SWE,Men,"30m army pistol, team",M,Gold
Stockholm,1912,Shooting,Shooting,"CARLBERG, G. Vilhelm",SWE,Men,"30m army pistol, team",M,Gold
Stockholm,1912,Shooting,Shooting,"PALEN, Paul",SWE,Men,"30m army pistol, team",M,Gold
Stockholm,1912,Shooting,Shooting,"VON HOLST, Johan Hübner",SWE,Men,"30m army pistol, team",M,Gold
Stockholm,1912,Shooting,Shooting,"DE KACHE, Amos",RU1,Men,"30m army pistol, team",M,Silver
Stockholm,1912,Shooting,Shooting,"DE MELNITSKY, Nikolaï",RU1,Men,"30m army pistol, team",M,Silver
Stockholm,1912,Shooting,Shooting,"DE PANTELEYMONOFF, Georgi",RU1,Men,"30m army pistol, team",M,Silver
Stockholm,1912,Shooting,Shooting,"DE WEYLOCHNIKOFF, Pavel",RU1,Men,"30m army pistol, team",M,Silver
Stockholm,1912,Shooting,Shooting,"DURANT, Hugh",GBR,Men,"50m army pistol, team",M,Bronze
Stockholm,1912,Shooting,Shooting,"KEMPSTER, Albert Joseph",GBR,Men,"50m army pistol, team",M,Bronze
Stockholm,1912,Shooting,Shooting,"POULTER, Horatio Orlando",GBR,Men,"50m army pistol, team",M,Bronze
Stockholm,1912,Shooting,Shooting,"STEWART, Charles Edward",GBR,Men,"50m army pistol, team",M,Bronze
Stockholm,1912,Shooting,Shooting,"DIETZ, John A.",USA,Men,"50m army pistol, team",M,Gold
Stockholm,1912,Shooting,Shooting,"DOLFEN, Peter J.",USA,Men,"50m army pistol, team",M,Gold
Stockholm,1912,Shooting,Shooting,"LANE, Alfred P.",USA,Men,"50m army pistol, team",M,Gold
Stockholm,1912,Shooting,Shooting,"SEARS, Henry Francis",USA,Men,"50m army pistol, team",M,Gold
Stockholm,1912,Shooting,Shooting,"BOSTRÖM, Erik",SWE,Men,"50m army pistol, team",M,Silver
Stockholm,1912,Shooting,Shooting,"CARLBERG, Eric",SWE,Men,"50m army pistol, team",M,Silver
Stockholm,1912,Shooting,Shooting,"CARLBERG, G. Vilhelm",SWE,Men,"50m army pistol, team",M,Silver
Stockholm,1912,Shooting,Shooting,"DE LAVAL, Georg",SWE,Men,"50m army pistol, team",M,Silver
Stockholm,1912,Shooting,Shooting,"STEWART, Charles Edward",GBR,Men,50m pistol (60 shots),M,Bronze
Stockholm,1912,Shooting,Shooting,"LANE, Alfred P.",USA,Men,50m pistol (60 shots),M,Gold
Stockholm,1912,Shooting,Shooting,"DOLFEN, Peter J.",USA,Men,50m pistol (60 shots),M,Silver
Stockholm,1912,Shooting,Shooting,"BURT, Harold",GBR,Men,50m rifle prone (60 shots),M,Bronze
Stockholm,1912,Shooting,Shooting,"HIRD, Frederick S.",USA,Men,50m rifle prone (60 shots),M,Gold
Stockholm,1912,Shooting,Shooting,"MILNE, William",GBR,Men,50m rifle prone (60 shots),M,Silver
Stockholm,1912,Shooting,Shooting,"HIRD, Frederick S.",USA,Men,"50m small bore rifle, team",M,Bronze
Stockholm,1912,Shooting,Shooting,"LEUSHNER, William F.",USA,Men,"50m small bore rifle, team",M,Bronze
Stockholm,1912,Shooting,Shooting,"OSBURN, Carl Townsend",USA,Men,"50m small bore rifle, team",M,Bronze
Stockholm,1912,Shooting,Shooting,"SPROUT, Warren A.",USA,Men,"50m small bore rifle, team",M,Bronze
Stockholm,1912,Shooting,Shooting,"LESSIMORE, Edward John",GBR,Men,"50m small bore rifle, team",M,Gold
Stockholm,1912,Shooting,Shooting,"MURRAY, Robert Cook",GBR,Men,"50m small bore rifle, team",M,Gold
Stockholm,1912,Shooting,Shooting,"PEPE, Joseph",GBR,Men,"50m small bore rifle, team",M,Gold
Stockholm,1912,Shooting,Shooting,"PIMM, William Edwin",GBR,Men,"50m small bore rifle, team",M,Gold
Stockholm,1912,Shooting,Shooting,"CARLBERG, Eric",SWE,Men,"50m small bore rifle, team",M,Silver
Stockholm,1912,Shooting,Shooting,"CARLBERG, G. Vilhelm",SWE,Men,"50m small bore rifle, team",M,Silver
Stockholm,1912,Shooting,Shooting,"NORDENSWAN, Arthur",SWE,Men,"50m small bore rifle, team",M,Silver
Stockholm,1912,Shooting,Shooting,"ÖRTEGREN, Ruben",SWE,Men,"50m small bore rifle, team",M,Silver
Stockholm,1912,Shooting,Shooting,"JACKSON, John E.",USA,Men,600m free rifle,M,Bronze
Stockholm,1912,Shooting,Shooting,"COLAS, Paul René",FRA,Men,600m free rifle,M,Gold
Stockholm,1912,Shooting,Shooting,"OSBURN, Carl Townsend",USA,Men,600m free rifle,M,Silver
Stockholm,1912,Shooting,Shooting,"SKOGEN, Engebret",NOR,Men,"army rifle, 300m, 3 positions",M,Bronze
Stockholm,1912,Shooting,Shooting,"PROKOPP, Sandor",HUN,Men,"army rifle, 300m, 3 positions",M,Gold
Stockholm,1912,Shooting,Shooting,"OSBURN, Carl Townsend",USA,Men,"army rifle, 300m, 3 positions",M,Silver
Stockholm,1912,Shooting,Shooting,"GOELDEL, Alfred",GER,Men,"clay pigeons, team",M,Bronze
Stockholm,1912,Shooting,Shooting,"GOELDEL, Horst",GER,Men,"clay pigeons, team",M,Bronze
Stockholm,1912,Shooting,Shooting,"GRAF VON BERNSTORFF, Erich",GER,Men,"clay pigeons, team",M,Bronze
Stockholm,1912,Shooting,Shooting,"KOCH, Erland",GER,Men,"clay pigeons, team",M,Bronze
Stockholm,1912,Shooting,Shooting,"PREUSS, Albert",GER,Men,"clay pigeons, team",M,Bronze
Stockholm,1912,Shooting,Shooting,"VON ZEIDLITZ UND LEIPE, Franz Freiherr",GER,Men,"clay pigeons, team",M,Bronze
Stockholm,1912,Shooting,Shooting,"BILLINGS, Charles W.",USA,Men,"clay pigeons, team",M,Gold
Stockholm,1912,Shooting,Shooting,"GLEASON, Edward Francis",USA,Men,"clay pigeons, team",M,Gold
Stockholm,1912,Shooting,Shooting,"GRAHAM, James R.",USA,Men,"clay pigeons, team",M,Gold
Stockholm,1912,Shooting,Shooting,"HALL, Frank",USA,Men,"clay pigeons, team",M,Gold
Stockholm,1912,Shooting,Shooting,"HENDRICKSON, John H.",USA,Men,"clay pigeons, team",M,Gold
Stockholm,1912,Shooting,Shooting,"SPOTTS, Ralph Lewis",USA,Men,"clay pigeons, team",M,Gold
Stockholm,1912,Shooting,Shooting,"BUTT, John Hurst",GBR,Men,"clay pigeons, team",M,Silver
Stockholm,1912,Shooting,Shooting,"GROSVENOR, William Percy",GBR,Men,"clay pigeons, team",M,Silver
Stockholm,1912,Shooting,Shooting,"HUMBY, Harry Robinson",GBR,Men,"clay pigeons, team",M,Silver
Stockholm,1912,Shooting,Shooting,"MAUNDER, Alexander",GBR,Men,"clay pigeons, team",M,Silver
Stockholm,1912,Shooting,Shooting,"PALMER, Charles",GBR,Men,"clay pigeons, team",M,Silver
Stockholm,1912,Shooting,Shooting,"WHITAKER, George",GBR,Men,"clay pigeons, team",M,Silver
Stockholm,1912,Shooting,Shooting,"ANDERSEN, Niels",DEN,Men,"free rifle, team",M,Bronze
Stockholm,1912,Shooting,Shooting,"HAJSLUND, Jens Madsen",DEN,Men,"free rifle, team",M,Bronze
Stockholm,1912,Shooting,Shooting,"LARSEN, Laurits Teodor Christian",DEN,Men,"free rifle, team",M,Bronze
Stockholm,1912,Shooting,Shooting,"LARSEN, Niels Hansen Ditlev",DEN,Men,"free rifle, team",M,Bronze
Stockholm,1912,Shooting,Shooting,"MADSEN, Lars Jörgen",DEN,Men,"free rifle, team",M,Bronze
Stockholm,1912,Shooting,Shooting,"OLSEN, Ole",DEN,Men,"free rifle, team",M,Bronze
Stockholm,1912,Shooting,Shooting,"BJÖRKMAN, Carl",SWE,Men,"free rifle, team",M,Gold
Stockholm,1912,Shooting,Shooting,"BLOMQVIST, Erik",SWE,Men,"free rifle, team",M,Gold
Stockholm,1912,Shooting,Shooting,"ERIKSSON, Mauritz",SWE,Men,"free rifle, team",M,Gold
Stockholm,1912,Shooting,Shooting,"JOHANSSON, Carl Hugo",SWE,Men,"free rifle, team",M,Gold
Stockholm,1912,Shooting,Shooting,"JONSSON, Gustaf Adolf",SWE,Men,"free rifle, team",M,Gold
Stockholm,1912,Shooting,Shooting,"LARSSON, Bernhard",SWE,Men,"free rifle, team",M,Gold
Stockholm,1912,Shooting,Shooting,"HELGERUD, Albert",NOR,Men,"free rifle, team",M,Silver
Stockholm,1912,Shooting,Shooting,"LIBERG, Einar",NOR,Men,"free rifle, team",M,Silver
Stockholm,1912,Shooting,Shooting,"ÖSTENSEN, Östen",NOR,Men,"free rifle, team",M,Silver
Stockholm,1912,Shooting,Shooting,"SAETHER, Olaf",NOR,Men,"free rifle, team",M,Silver
Stockholm,1912,Shooting,Shooting,"SAETHER, Ole Andreas",NOR,Men,"free rifle, team",M,Silver
Stockholm,1912,Shooting,Shooting,"SKATTEBOE, Gudbrand Gudbrandsen",NOR,Men,"free rifle, team",M,Silver
Stockholm,1912,Shooting,Shooting,"BJÖRKMAN, Carl",SWE,Men,"rifle, team",M,Bronze
Stockholm,1912,Shooting,Shooting,"BJÖRKMAN, Tönnes",SWE,Men,"rifle, team",M,Bronze
Stockholm,1912,Shooting,Shooting,"ERIKSSON, Mauritz",SWE,Men,"rifle, team",M,Bronze
Stockholm,1912,Shooting,Shooting,"JERNSTRÖM, Verner",SWE,Men,"rifle, team",M,Bronze
Stockholm,1912,Shooting,Shooting,"JOHANSSON, Carl Hugo",SWE,Men,"rifle, team",M,Bronze
Stockholm,1912,Shooting,Shooting,"LARSSON, Bernhard",SWE,Men,"rifle, team",M,Bronze
Stockholm,1912,Shooting,Shooting,"ADAMS, Harry Loren",USA,Men,"rifle, team",M,Gold
Stockholm,1912,Shooting,Shooting,"BRIGGS, Allan Lindsay",USA,Men,"rifle, team",M,Gold
Stockholm,1912,Shooting,Shooting,"BURDETTE, Cornelius L.",USA,Men,"rifle, team",M,Gold
Stockholm,1912,Shooting,Shooting,"JACKSON, John E.",USA,Men,"rifle, team",M,Gold
Stockholm,1912,Shooting,Shooting,"OSBURN, Carl Townsend",USA,Men,"rifle, team",M,Gold
Stockholm,1912,Shooting,Shooting,"SPROUT, Warren A.",USA,Men,"rifle, team",M,Gold
Stockholm,1912,Shooting,Shooting,"BURR, Henry Goerge",GBR,Men,"rifle, team",M,Silver
Stockholm,1912,Shooting,Shooting,"FULTON, Arthur George",GBR,Men,"rifle, team",M,Silver
Stockholm,1912,Shooting,Shooting,"OMMUNDSEN, Harcourt",GBR,Men,"rifle, team",M,Silver
Stockholm,1912,Shooting,Shooting,"PARNELL, Edward Louis",GBR,Men,"rifle, team",M,Silver
Stockholm,1912,Shooting,Shooting,"REID, James",GBR,Men,"rifle, team",M,Silver
Stockholm,1912,Shooting,Shooting,"SKILTON, Edward",GBR,Men,"rifle, team",M,Silver
Stockholm,1912,Shooting,Shooting,"BLAU, Harry",RU1,Men,trap (125 targets),M,Bronze
Stockholm,1912,Shooting,Shooting,"GRAHAM, James R.",USA,Men,trap (125 targets),M,Gold
Stockholm,1912,Shooting,Shooting,"GOELDEL, Alfred",GER,Men,trap (125 targets),M,Silver
Stockholm,1912,Tennis,Tennis,"CANET, Albert Henri",FRA,Men,doubles,M,Bronze
Stockholm,1912,Tennis,Tennis,"MENY DE MARANGUE, Edouard Marie Marc",FRA,Men,doubles,M,Bronze
Stockholm,1912,Tennis,Tennis,"KITSON, Harry Austin",RSA,Men,doubles,M,Gold
Stockholm,1912,Tennis,Tennis,"WINSLOW, Charles Lyndhurst",RSA,Men,doubles,M,Gold
Stockholm,1912,Tennis,Tennis,"PIPES, Fritz Felix",AUT,Men,doubles,M,Silver
Stockholm,1912,Tennis,Tennis,"ZBORZIL, Arthur",AUT,Men,doubles,M,Silver
Stockholm,1912,Tennis,Tennis,"BEAMISH, Alfred Ernest",GBR,Men,doubles indoor,M,Bronze
Stockholm,1912,Tennis,Tennis,"DIXON, Charles Percy",GBR,Men,doubles indoor,M,Bronze
Stockholm,1912,Tennis,Tennis,"GERMOT, Maurice",FRA,Men,doubles indoor,M,Gold
Stockholm,1912,Tennis,Tennis,"GOBERT, André Henri",FRA,Men,doubles indoor,M,Gold
Stockholm,1912,Tennis,Tennis,"KEMPE, Carl",SWE,Men,doubles indoor,M,Silver
Stockholm,1912,Tennis,Tennis,"SETTERWALL, Gunnar",SWE,Men,doubles indoor,M,Silver
Stockholm,1912,Tennis,Tennis,"CANET, Albert Henri",FRA,Men,mixed doubles,X,Bronze
Stockholm,1912,Tennis,Tennis,"SCHOMBURGK, Heinrich",GER,Men,mixed doubles,X,Gold
Stockholm,1912,Tennis,Tennis,"SETTERWALL, Gunnar",SWE,Men,mixed doubles,X,Silver
Stockholm,1912,Tennis,Tennis,"BROQUEDIS, Marguerite",FRA,Women,mixed doubles,X,Bronze
Stockholm,1912,Tennis,Tennis,"KÖRING, Dora",GER,Women,mixed doubles,X,Gold
Stockholm,1912,Tennis,Tennis,"FICK, Sigrid",SWE,Women,mixed doubles,X,Silver
Stockholm,1912,Tennis,Tennis,"SETTERWALL, Gunnar",SWE,Men,mixed doubles indoor,X,Bronze
Stockholm,1912,Tennis,Tennis,"DIXON, Charles Percy",GBR,Men,mixed doubles indoor,X,Gold
Stockholm,1912,Tennis,Tennis,"BARRETT, Herbert Roper",GBR,Men,mixed doubles indoor,X,Silver
Stockholm,1912,Tennis,Tennis,"FICK, Sigrid",SWE,Women,mixed doubles indoor,X,Bronze
Stockholm,1912,Tennis,Tennis,"HANNAM, Edith Margaret",GBR,Women,mixed doubles indoor,X,Gold
Stockholm,1912,Tennis,Tennis,"AITCHISON, Francis Helen",GBR,Women,mixed doubles indoor,X,Silver
Stockholm,1912,Tennis,Tennis,"KREUZER, Oscar",GER,Men,singles,M,Bronze
Stockholm,1912,Tennis,Tennis,"WINSLOW, Charles Lyndhurst",RSA,Men,singles,M,Gold
Stockholm,1912,Tennis,Tennis,"KITSON, Harry Austin",RSA,Men,singles,M,Silver
Stockholm,1912,Tennis,Tennis,"BJURSTEDT, Anne Margrethe",NOR,Women,singles,W,Bronze
Stockholm,1912,Tennis,Tennis,"BROQUEDIS, Marguerite",FRA,Women,singles,W,Gold
Stockholm,1912,Tennis,Tennis,"KÖRING, Dora",GER,Women,singles,W,Silver
Stockholm,1912,Tennis,Tennis,"WILDING, Anthony Frederick",ANZ,Men,singles indoor,M,Bronze
Stockholm,1912,Tennis,Tennis,"GOBERT, André Henri",FRA,Men,singles indoor,M,Gold
Stockholm,1912,Tennis,Tennis,"DIXON, Charles Percy",GBR,Men,singles indoor,M,Silver
Stockholm,1912,Tennis,Tennis,"PARTON, Mabel Branwell",GBR,Women,singles indoor,W,Bronze
Stockholm,1912,Tennis,Tennis,"HANNAM, Edith Margaret",GBR,Women,singles indoor,W,Gold
Stockholm,1912,Tennis,Tennis,"CASTENSCHIOLD, Thora Gerda Sophie",DEN,Women,singles indoor,W,Silver
Stockholm,1912,Tug of War,Tug of War,"ANDERSSON, Arvid Leander",SWE,Men,tug of war,M,Gold
Stockholm,1912,Tug of War,Tug of War,"BERGMAN, Adolf",SWE,Men,tug of war,M,Gold
Stockholm,1912,Tug of War,Tug of War,"EDMAN, Johan Victor",SWE,Men,tug of war,M,Gold
Stockholm,1912,Tug of War,Tug of War,"FREDRIKSSON, Erik Algot",SWE,Men,tug of war,M,Gold
Stockholm,1912,Tug of War,Tug of War,"GUSTAFSSON, August",SWE,Men,tug of war,M,Gold
Stockholm,1912,Tug of War,Tug of War,"JONSSON, Carl",SWE,Men,tug of war,M,Gold
Stockholm,1912,Tug of War,Tug of War,"LARSSON, Eric Victor",SWE,Men,tug of war,M,Gold
Stockholm,1912,Tug of War,Tug of War,"LINDSTRÖM, Carl Herbert",SWE,Men,tug of war,M,Gold
Stockholm,1912,Tug of War,Tug of War,"CHAFFE, Walter",GBR,Men,tug of war,M,Silver
Stockholm,1912,Tug of War,Tug of War,"DOWLER, Joseph",GBR,Men,tug of war,M,Silver
Stockholm,1912,Tug of War,Tug of War,"HUMPHREYS, Frederick Harkness",GBR,Men,tug of war,M,Silver
Stockholm,1912,Tug of War,Tug of War,"HYNES, Mathias",GBR,Men,tug of war,M,Silver
Stockholm,1912,Tug of War,Tug of War,"MILLS, Edwin Archer",GBR,Men,tug of war,M,Silver
Stockholm,1912,Tug of War,Tug of War,"MUNRO, Alexander",GBR,Men,tug of war,M,Silver
Stockholm,1912,Tug of War,Tug of War,"SEWELL, John",GBR,Men,tug of war,M,Silver
Stockholm,1912,Tug of War,Tug of War,"SHEPHERD, James",GBR,Men,tug of war,M,Silver
Stockholm,1912,Wrestling,Wrestling Gre-R,"LASANEN, Otto",FIN,Men,- 60kg (featherweight),M,Bronze
Stockholm,1912,Wrestling,Wrestling Gre-R,"KOSKELO, Kaarlo",FIN,Men,- 60kg (featherweight),M,Gold
Stockholm,1912,Wrestling,Wrestling Gre-R,"GERSTÄCKER, Georg",GER,Men,- 60kg (featherweight),M,Silver
Stockholm,1912,Wrestling,Wrestling Gre-R,"JENSEN, Sören Marius",DEN,Men,+ 82.5kg (super heavyweight),M,Bronze
Stockholm,1912,Wrestling,Wrestling Gre-R,"SAARELA, Urjö Erik Mikael",FIN,Men,+ 82.5kg (super heavyweight),M,Gold
Stockholm,1912,Wrestling,Wrestling Gre-R,"OLIN, Johan Fredrik",FIN,Men,+ 82.5kg (super heavyweight),M,Silver
Stockholm,1912,Wrestling,Wrestling Gre-R,"MATIASSON, Edvin",SWE,Men,60 - 67.5kg (lightweight),M,Bronze
Stockholm,1912,Wrestling,Wrestling Gre-R,"VÄRE, Eemil Ernesti",FIN,Men,60 - 67.5kg (lightweight),M,Gold
Stockholm,1912,Wrestling,Wrestling Gre-R,"MALMSTRÖM, Gustaf H.",SWE,Men,60 - 67.5kg (lightweight),M,Silver
Stockholm,1912,Wrestling,Wrestling Gre-R,"ASIKAINEN, Alfred",FIN,Men,67.5 - 75kg (middleweight),M,Bronze
Stockholm,1912,Wrestling,Wrestling Gre-R,"JOHANSSON, Claes",SWE,Men,67.5 - 75kg (middleweight),M,Gold
Stockholm,1912,Wrestling,Wrestling Gre-R,"KLEIN, Martin",RU1,Men,67.5 - 75kg (middleweight),M,Silver
Stockholm,1912,Wrestling,Wrestling Gre-R,"VARGA, Béla",HUN,Men,75 - 82.5kg (light-heavyweight),M,Bronze
Stockholm,1912,Wrestling,Wrestling Gre-R,"AHLGREN, Anders",SWE,Men,75 - 82.5kg (light-heavyweight),M,Silver
Stockholm,1912,Wrestling,Wrestling Gre-R,"BÖHLING, Ivar Theodor",FIN,Men,75 - 82.5kg (light-heavyweight),M,Silver
Antwerp,1920,Aquatics,Diving,"PRIESTE, Harry",USA,Men,10m platform,M,Bronze
Antwerp,1920,Aquatics,Diving,"PINKSTON, Clarence",USA,Men,10m platform,M,Gold
Antwerp,1920,Aquatics,Diving,"ADLERZ, Erik",SWE,Men,10m platform,M,Silver
Antwerp,1920,Aquatics,Diving,"OLLIVIER, Eva",SWE,Women,10m platform,W,Bronze
Antwerp,1920,Aquatics,Diving,"FRYLAND CLAUSEN, Stefani",DEN,Women,10m platform,W,Gold
Antwerp,1920,Aquatics,Diving,"ARMSTRONG, Beatrix Eileen",GBR,Women,10m platform,W,Silver
Antwerp,1920,Aquatics,Diving,"BALBACH, Louis James",USA,Men,3m springboard,M,Bronze
Antwerp,1920,Aquatics,Diving,"KUEHN, Louis",USA,Men,3m springboard,M,Gold
Antwerp,1920,Aquatics,Diving,"PINKSTON, Clarence",USA,Men,3m springboard,M,Silver
Antwerp,1920,Aquatics,Diving,"PAYNE, Thelma",USA,Women,3m springboard,W,Bronze
Antwerp,1920,Aquatics,Diving,"RIGGIN, Aileen",USA,Women,3m springboard,W,Gold
Antwerp,1920,Aquatics,Diving,"WAINWRIGHT, Helen",USA,Women,3m springboard,W,Silver
Antwerp,1920,Aquatics,Diving,"JANSSON, John",SWE,Men,plain high diving,M,Bronze
Antwerp,1920,Aquatics,Diving,"WALLMAN, Arvid",SWE,Men,plain high diving,M,Gold
Antwerp,1920,Aquatics,Diving,"SKOGLUND, Nils",SWE,Men,plain high diving,M,Silver
Antwerp,1920,Aquatics,Swimming,"BLITZ, Gerard",BEL,Men,100m backstroke,M,Bronze
Antwerp,1920,Aquatics,Swimming,"KEALOHA, Warren Paoa",USA,Men,100m backstroke,M,Gold
Antwerp,1920,Aquatics,Swimming,"KEGERIS, Raymond",USA,Men,100m backstroke,M,Silver
Antwerp,1920,Aquatics,Swimming,"HARRIS, William",USA,Men,100m freestyle,M,Bronze
Antwerp,1920,Aquatics,Swimming,"KAHANAMOKU, Duke Paoa",USA,Men,100m freestyle,M,Gold
Antwerp,1920,Aquatics,Swimming,"KEALOHA, Pua Kela",USA,Men,100m freestyle,M,Silver
Antwerp,1920,Aquatics,Swimming,"SCHROTH, Frances",USA,Women,100m freestyle,W,Bronze
Antwerp,1920,Aquatics,Swimming,"BLEIBTREY, Ethelda",USA,Women,100m freestyle,W,Gold
Antwerp,1920,Aquatics,Swimming,"GUEST, Irene",USA,Women,100m freestyle,W,Silver
Antwerp,1920,Aquatics,Swimming,"BEAUREPAIRE, Frank E.",AUS,Men,1500m freestyle,M,Bronze
Antwerp,1920,Aquatics,Swimming,"ROSS, Norman",USA,Men,1500m freestyle,M,Gold
Antwerp,1920,Aquatics,Swimming,"VERNOT, George",CAN,Men,1500m freestyle,M,Silver
Antwerp,1920,Aquatics,Swimming,"AALTONEN, Arvo Ossian",FIN,Men,200m breaststroke,M,Bronze
Antwerp,1920,Aquatics,Swimming,"MALMROT, Hakan",SWE,Men,200m breaststroke,M,Gold
Antwerp,1920,Aquatics,Swimming,"HENNING, Tor",SWE,Men,200m breaststroke,M,Silver
Antwerp,1920,Aquatics,Swimming,"AALTONEN, Arvo Ossian",FIN,Men,400m breaststroke,M,Bronze
Antwerp,1920,Aquatics,Swimming,"MALMROT, Hakan",SWE,Men,400m breaststroke,M,Gold
Antwerp,1920,Aquatics,Swimming,"HENNING, Tor",SWE,Men,400m breaststroke,M,Silver
Antwerp,1920,Aquatics,Swimming,"VERNOT, George",CAN,Men,400m freestyle,M,Bronze
Antwerp,1920,Aquatics,Swimming,"ROSS, Norman",USA,Men,400m freestyle,M,Gold
Antwerp,1920,Aquatics,Swimming,"LANGER, Ludy",USA,Men,400m freestyle,M,Silver
Antwerp,1920,Aquatics,Swimming,"SCHROTH, Frances",USA,Women,400m freestyle,W,Bronze
Antwerp,1920,Aquatics,Swimming,"BLEIBTREY, Ethelda",USA,Women,400m freestyle,W,Gold
Antwerp,1920,Aquatics,Swimming,"WOODBRIDGE, Margaret",USA,Women,400m freestyle,W,Silver
Antwerp,1920,Aquatics,Swimming,"BERG, Aina",SWE,Women,4x100m freestyle relay,W,Bronze
Antwerp,1920,Aquatics,Swimming,"GYLLING, Jane",SWE,Women,4x100m freestyle relay,W,Bronze
Antwerp,1920,Aquatics,Swimming,"MACHNOW, Emy",SWE,Women,4x100m freestyle relay,W,Bronze
Antwerp,1920,Aquatics,Swimming,"NILSSON, Karin",SWE,Women,4x100m freestyle relay,W,Bronze
Antwerp,1920,Aquatics,Swimming,"BLEIBTREY, Ethelda",USA,Women,4x100m freestyle relay,W,Gold
Antwerp,1920,Aquatics,Swimming,"GUEST, Irene",USA,Women,4x100m freestyle relay,W,Gold
Antwerp,1920,Aquatics,Swimming,"SCHROTH, Frances",USA,Women,4x100m freestyle relay,W,Gold
Antwerp,1920,Aquatics,Swimming,"WOODBRIDGE, Margaret",USA,Women,4x100m freestyle relay,W,Gold
Antwerp,1920,Aquatics,Swimming,"JAMES, Hilda",GBR,Women,4x100m freestyle relay,W,Silver
Antwerp,1920,Aquatics,Swimming,"JEANS, Constance Mabel",GBR,Women,4x100m freestyle relay,W,Silver
Antwerp,1920,Aquatics,Swimming,"MAC KENZIE, Grace",GBR,Women,4x100m freestyle relay,W,Silver
Antwerp,1920,Aquatics,Swimming,"RADCLIFFE, Charlotte",GBR,Women,4x100m freestyle relay,W,Silver
Antwerp,1920,Aquatics,Swimming,"ANNISON, Harold Edward",GBR,Men,4x200m freestyle relay,M,Bronze
Antwerp,1920,Aquatics,Swimming,"PETER, Edward Percival",GBR,Men,4x200m freestyle relay,M,Bronze
Antwerp,1920,Aquatics,Swimming,"SAVAGE, Leslie",GBR,Men,4x200m freestyle relay,M,Bronze
Antwerp,1920,Aquatics,Swimming,"TAYLOR, Henry",GBR,Men,4x200m freestyle relay,M,Bronze
Antwerp,1920,Aquatics,Swimming,"KAHANAMOKU, Duke Paoa",USA,Men,4x200m freestyle relay,M,Gold
Antwerp,1920,Aquatics,Swimming,"KEALOHA, Pua Kela",USA,Men,4x200m freestyle relay,M,Gold
Antwerp,1920,Aquatics,Swimming,"MCGILLIVRAY, Perry",USA,Men,4x200m freestyle relay,M,Gold
Antwerp,1920,Aquatics,Swimming,"ROSS, Norman",USA,Men,4x200m freestyle relay,M,Gold
Antwerp,1920,Aquatics,Swimming,"BEAUREPAIRE, Frank E.",AUS,Men,4x200m freestyle relay,M,Silver
Antwerp,1920,Aquatics,Swimming,"HAY, Henry",AUS,Men,4x200m freestyle relay,M,Silver
Antwerp,1920,Aquatics,Swimming,"HERALD, William",AUS,Men,4x200m freestyle relay,M,Silver
Antwerp,1920,Aquatics,Swimming,"STEDMAN, Ivan",AUS,Men,4x200m freestyle relay,M,Silver
Antwerp,1920,Aquatics,Water polo,"ANDERSSON, Erik",SWE,Men,water polo,M,Bronze
Antwerp,1920,Aquatics,Water polo,"ANDERSSON, Robert T.",SWE,Men,water polo,M,Bronze
Antwerp,1920,Aquatics,Water polo,"ANDERSSON, Vilhelm",SWE,Men,water polo,M,Bronze
Antwerp,1920,Aquatics,Water polo,"BACKLUND, Nils",SWE,Men,water polo,M,Bronze
Antwerp,1920,Aquatics,Water polo,"BERGQVIST, Erik",SWE,Men,water polo,M,Bronze
Antwerp,1920,Aquatics,Water polo,"GUMPEL, Max",SWE,Men,water polo,M,Bronze
Antwerp,1920,Aquatics,Water polo,"HANSSON, Pontus",SWE,Men,water polo,M,Bronze
Antwerp,1920,Aquatics,Water polo,"JULIN, Harald S.A.",SWE,Men,water polo,M,Bronze
Antwerp,1920,Aquatics,Water polo,"NAUMANN, Theodor",SWE,Men,water polo,M,Bronze
Antwerp,1920,Aquatics,Water polo,"BUGBEE, Charles",GBR,Men,water polo,M,Gold
Antwerp,1920,Aquatics,Water polo,"DEAN, William Henry",GBR,Men,water polo,M,Gold
Antwerp,1920,Aquatics,Water polo,"JONES, Christopher",GBR,Men,water polo,M,Gold
Antwerp,1920,Aquatics,Water polo,"PEACOCK, William",GBR,Men,water polo,M,Gold
Antwerp,1920,Aquatics,Water polo,"PURCELL, Noel M.",GBR,Men,water polo,M,Gold
Antwerp,1920,Aquatics,Water polo,"RADMILOVIC, Paul",GBR,Men,water polo,M,Gold
Antwerp,1920,Aquatics,Water polo,"SMITH, Charles Sydney",GBR,Men,water polo,M,Gold
Antwerp,1920,Aquatics,Water polo,"BAUWENS, René",BEL,Men,water polo,M,Silver
Antwerp,1920,Aquatics,Water polo,"BLITZ, Gerard",BEL,Men,water polo,M,Silver
Antwerp,1920,Aquatics,Water polo,"BLITZ, Maurice",BEL,Men,water polo,M,Silver
Antwerp,1920,Aquatics,Water polo,"DEWIN, Pierre",BEL,Men,water polo,M,Silver
Antwerp,1920,Aquatics,Water polo,"DURANT, Albert",BEL,Men,water polo,M,Silver
Antwerp,1920,Aquatics,Water polo,"GAILLY, Paul",BEL,Men,water polo,M,Silver
Antwerp,1920,Aquatics,Water polo,"NIJS, Pierre",BEL,Men,water polo,M,Silver
Antwerp,1920,Aquatics,Water polo,"PLETINCX, Joseph",BEL,Men,water polo,M,Silver
Antwerp,1920,Archery,Archery,"FLAMAND, Firmin",BEL,Men,fixed bird target large birds,M,Bronze
Antwerp,1920,Archery,Archery,"CLOETENS, Edmond",BEL,Men,fixed bird target large birds,M,Gold
Antwerp,1920,Archery,Archery,"VAN DE PERCK, Louis",BEL,Men,fixed bird target large birds,M,Silver
Antwerp,1920,Archery,Archery,"CLOETENS, Edmond",BEL,Men,fixed bird target large birds teams,M,Gold
Antwerp,1920,Archery,Archery,"FLAMAND, Firmin",BEL,Men,fixed bird target large birds teams,M,Gold
Antwerp,1920,Archery,Archery,"HERMANS, Joseph",BEL,Men,fixed bird target large birds teams,M,Gold
Antwerp,1920,Archery,Archery,"VAN DE PERCK, Louis",BEL,Men,fixed bird target large birds teams,M,Gold
Antwerp,1920,Archery,Archery,"VAN DE VERRE, Auguste",BEL,Men,fixed bird target large birds teams,M,Gold
Antwerp,1920,Archery,Archery,"VAN MOER, Edmond",BEL,Men,fixed bird target large birds teams,M,Gold
Antwerp,1920,Archery,Archery,"CLOETENS, Edmond",BEL,Men,"fixed bird target small bird, teams",M,Gold
Antwerp,1920,Archery,Archery,"FLAMAND, Firmin",BEL,Men,"fixed bird target small bird, teams",M,Gold
Antwerp,1920,Archery,Archery,"HERMANS, Joseph",BEL,Men,"fixed bird target small bird, teams",M,Gold
Antwerp,1920,Archery,Archery,"VAN DE PERCK, Louis",BEL,Men,"fixed bird target small bird, teams",M,Gold
Antwerp,1920,Archery,Archery,"VAN DE VERRE, Auguste",BEL,Men,"fixed bird target small bird, teams",M,Gold
Antwerp,1920,Archery,Archery,"VAN MOER, Edmond",BEL,Men,"fixed bird target small bird, teams",M,Gold
Antwerp,1920,Archery,Archery,"HERMANS, Joseph",BEL,Men,fixed bird target small birds,M,Bronze
Antwerp,1920,Archery,Archery,"VAN MOER, Edmond",BEL,Men,fixed bird target small birds,M,Gold
Antwerp,1920,Archery,Archery,"VAN DE PERCK, Louis",BEL,Men,fixed bird target small birds,M,Silver
Antwerp,1920,Archery,Archery,"BRULE, Julien Louis",FRA,Men,moving bird target 28m teams,M,Bronze
Antwerp,1920,Archery,Archery,"EPIN, Léon",FRA,Men,moving bird target 28m teams,M,Bronze
Antwerp,1920,Archery,Archery,"FAUVEL, Pascal",FRA,Men,moving bird target 28m teams,M,Bronze
Antwerp,1920,Archery,Archery,"GRISOT, EugÃ¨ne G.",FRA,Men,moving bird target 28m teams,M,Bronze
Antwerp,1920,Archery,Archery,"LEROY, Paul",FRA,Men,moving bird target 28m teams,M,Bronze
Antwerp,1920,Archery,Archery,"MABELLON, Artur",FRA,Men,moving bird target 28m teams,M,Bronze
Antwerp,1920,Archery,Archery,"QUENTIN, Léonce Gaston",FRA,Men,moving bird target 28m teams,M,Bronze
Antwerp,1920,Archery,Archery,"RICHEZ, Eugène",FRA,Men,moving bird target 28m teams,M,Bronze
Antwerp,1920,Archery,Archery,"DE BROUWER, Petrus Godefridus",NED,Men,moving bird target 28m teams,M,Gold
Antwerp,1920,Archery,Archery,"PACKBIERS, Jan Joseph",NED,Men,moving bird target 28m teams,M,Gold
Antwerp,1920,Archery,Archery,"THEEUWES, Adrianus Cornelis",NED,Men,moving bird target 28m teams,M,Gold
Antwerp,1920,Archery,Archery,"VAN BUSSELL, Hendrikus",NED,Men,moving bird target 28m teams,M,Gold
Antwerp,1920,Archery,Archery,"VAN GASTEL, Johannes Jacobus",NED,Men,moving bird target 28m teams,M,Gold
Antwerp,1920,Archery,Archery,"VAN GESTEL, Jan-Babtiest-Jozef",NED,Men,moving bird target 28m teams,M,Gold
Antwerp,1920,Archery,Archery,"VAN MERRIENBOER, Adrianus",NED,Men,moving bird target 28m teams,M,Gold
Antwerp,1920,Archery,Archery,"WILLEMS, Theodorus B.",NED,Men,moving bird target 28m teams,M,Gold
Antwerp,1920,Archery,Archery,"ALLAERT, Alphonse",BEL,Men,moving bird target 28m teams,M,Silver
Antwerp,1920,Archery,Archery,"DE KNIBBER, Edmond",BEL,Men,moving bird target 28m teams,M,Silver
Antwerp,1920,Archery,Archery,"DE MAYER, Jérome",BEL,Men,moving bird target 28m teams,M,Silver
Antwerp,1920,Archery,Archery,"DELCON, Louis",BEL,Men,moving bird target 28m teams,M,Silver
Antwerp,1920,Archery,Archery,"FIERENS, Louis",BEL,Men,moving bird target 28m teams,M,Silver
Antwerp,1920,Archery,Archery,"VAN BEECK, Louis",BEL,Men,moving bird target 28m teams,M,Silver
Antwerp,1920,Archery,Archery,"VAN INNIS, Hubert",BEL,Men,moving bird target 28m teams,M,Silver
Antwerp,1920,Archery,Archery,"VAN THIELT, Pierre",BEL,Men,moving bird target 28m teams,M,Silver
Antwerp,1920,Archery,Archery,"ALLAERT, Alphonse",BEL,Men,moving bird target 33m teams,M,Gold
Antwerp,1920,Archery,Archery,"DE KNIBBER, Edmond",BEL,Men,moving bird target 33m teams,M,Gold
Antwerp,1920,Archery,Archery,"DE MAYER, Jérome",BEL,Men,moving bird target 33m teams,M,Gold
Antwerp,1920,Archery,Archery,"DELCON, Louis",BEL,Men,moving bird target 33m teams,M,Gold
Antwerp,1920,Archery,Archery,"FIERENS, Louis",BEL,Men,moving bird target 33m teams,M,Gold
Antwerp,1920,Archery,Archery,"VAN BEECK, Louis",BEL,Men,moving bird target 33m teams,M,Gold
Antwerp,1920,Archery,Archery,"VAN INNIS, Hubert",BEL,Men,moving bird target 33m teams,M,Gold
Antwerp,1920,Archery,Archery,"VAN THIELT, Pierre",BEL,Men,moving bird target 33m teams,M,Gold
Antwerp,1920,Archery,Archery,"BRULE, Julien Louis",FRA,Men,moving bird target 33m teams,M,Silver
Antwerp,1920,Archery,Archery,"EPIN, Léon",FRA,Men,moving bird target 33m teams,M,Silver
Antwerp,1920,Archery,Archery,"FAUVEL, Pascal",FRA,Men,moving bird target 33m teams,M,Silver
Antwerp,1920,Archery,Archery,"GRISOT, EugÃ¨ne G.",FRA,Men,moving bird target 33m teams,M,Silver
Antwerp,1920,Archery,Archery,"LEROY, Paul",FRA,Men,moving bird target 33m teams,M,Silver
Antwerp,1920,Archery,Archery,"MABELLON, Artur",FRA,Men,moving bird target 33m teams,M,Silver
Antwerp,1920,Archery,Archery,"QUENTIN, Léonce Gaston",FRA,Men,moving bird target 33m teams,M,Silver
Antwerp,1920,Archery,Archery,"RICHEZ, Eugène",FRA,Men,moving bird target 33m teams,M,Silver
Antwerp,1920,Archery,Archery,"ALLAERT, Alphonse",BEL,Men,moving bird target 50m teams,M,Gold
Antwerp,1920,Archery,Archery,"DE KNIBBER, Edmond",BEL,Men,moving bird target 50m teams,M,Gold
Antwerp,1920,Archery,Archery,"DE MAYER, Jérome",BEL,Men,moving bird target 50m teams,M,Gold
Antwerp,1920,Archery,Archery,"DELCON, Louis",BEL,Men,moving bird target 50m teams,M,Gold
Antwerp,1920,Archery,Archery,"FIERENS, Louis",BEL,Men,moving bird target 50m teams,M,Gold
Antwerp,1920,Archery,Archery,"VAN BEECK, Louis",BEL,Men,moving bird target 50m teams,M,Gold
Antwerp,1920,Archery,Archery,"VAN INNIS, Hubert",BEL,Men,moving bird target 50m teams,M,Gold
Antwerp,1920,Archery,Archery,"VAN THIELT, Pierre",BEL,Men,moving bird target 50m teams,M,Gold
Antwerp,1920,Archery,Archery,"BRULE, Julien Louis",FRA,Men,moving bird target 50m teams,M,Silver
Antwerp,1920,Archery,Archery,"EPIN, Léon",FRA,Men,moving bird target 50m teams,M,Silver
Antwerp,1920,Archery,Archery,"FAUVEL, Pascal",FRA,Men,moving bird target 50m teams,M,Silver
Antwerp,1920,Archery,Archery,"GRISOT, EugÃ¨ne G.",FRA,Men,moving bird target 50m teams,M,Silver
Antwerp,1920,Archery,Archery,"LEROY, Paul",FRA,Men,moving bird target 50m teams,M,Silver
Antwerp,1920,Archery,Archery,"MABELLON, Artur",FRA,Men,moving bird target 50m teams,M,Silver
Antwerp,1920,Archery,Archery,"QUENTIN, Léonce Gaston",FRA,Men,moving bird target 50m teams,M,Silver
Antwerp,1920,Archery,Archery,"RICHEZ, Eugène",FRA,Men,moving bird target 50m teams,M,Silver
Antwerp,1920,Archery,Archery,"VAN INNIS, Hubert",BEL,Men,"moving bird target, 28m",M,Gold
Antwerp,1920,Archery,Archery,"QUENTIN, Léonce Gaston",FRA,Men,"moving bird target, 28m",M,Silver
Antwerp,1920,Archery,Archery,"VAN INNIS, Hubert",BEL,Men,"moving bird target, 33m",M,Gold
Antwerp,1920,Archery,Archery,"BRULE, Julien Louis",FRA,Men,"moving bird target, 33m",M,Silver
Antwerp,1920,Archery,Archery,"BRULE, Julien Louis",FRA,Men,"moving bird target, 50m",M,Gold
Antwerp,1920,Archery,Archery,"VAN INNIS, Hubert",BEL,Men,"moving bird target, 50m",M,Silver
Antwerp,1920,Athletics,Athletics,"WILSON, James",GBR,Men,10000m,M,Bronze
Antwerp,1920,Athletics,Athletics,"NURMI, Paavo",FIN,Men,10000m,M,Gold
Antwerp,1920,Athletics,Athletics,"GUILLEMOT, Joseph",FRA,Men,10000m,M,Silver
Antwerp,1920,Athletics,Athletics,"GUNN, Charles",GBR,Men,10000m walk,M,Bronze
Antwerp,1920,Athletics,Athletics,"FRIGERIO, Ugo",ITA,Men,10000m walk,M,Gold
Antwerp,1920,Athletics,Athletics,"PEARMAN, Joseph",USA,Men,10000m walk,M,Silver
Antwerp,1920,Athletics,Athletics,"EDWARD, Harry",GBR,Men,100m,M,Bronze
Antwerp,1920,Athletics,Athletics,"PADDOCK, Charles",USA,Men,100m,M,Gold
Antwerp,1920,Athletics,Athletics,"KIRKSEY, Morris",USA,Men,100m,M,Silver
Antwerp,1920,Athletics,Athletics,"MURRAY, Frederick",USA,Men,110m hurdles,M,Bronze
Antwerp,1920,Athletics,Athletics,"THOMSON, Earl",CAN,Men,110m hurdles,M,Gold
