Sydney,2000,Hockey,Hockey,"DELMEE, Jeroen",NED,Men,hockey,M,Gold
Sydney,2000,Hockey,Hockey,"EIKELBOOM, Marten",NED,Men,hockey,M,Gold
Sydney,2000,Hockey,Hockey,"GEERIS, Piet-Hein",NED,Men,hockey,M,Gold
Sydney,2000,Hockey,Hockey,"JANSEN, Franciscus Ronaldus Maria",NED,Men,hockey,M,Gold
Sydney,2000,Hockey,Hockey,"JAZET, Erik",NED,Men,hockey,M,Gold
Sydney,2000,Hockey,Hockey,"LOMANS, Bram",NED,Men,hockey,M,Gold
Sydney,2000,Hockey,Hockey,"VAN DER WEIDE, Sander",NED,Men,hockey,M,Gold
Sydney,2000,Hockey,Hockey,"VAN PELT, Wouter",NED,Men,hockey,M,Gold
Sydney,2000,Hockey,Hockey,"VAN WEEL, Diederik",NED,Men,hockey,M,Gold
Sydney,2000,Hockey,Hockey,"VAN WIJK, Remco",NED,Men,hockey,M,Gold
Sydney,2000,Hockey,Hockey,"VEEN, Stephan",NED,Men,hockey,M,Gold
Sydney,2000,Hockey,Hockey,"VOGELS, Guus",NED,Men,hockey,M,Gold
Sydney,2000,Hockey,Hockey,"WIND, Peter",NED,Men,hockey,M,Gold
Sydney,2000,Hockey,Hockey,"HAN, Hyung-Bae",KOR,Men,hockey,M,Silver
Sydney,2000,Hockey,Hockey,"HWANG, Jong-Hyun",KOR,Men,hockey,M,Silver
Sydney,2000,Hockey,Hockey,"JEON, Hong-Kwon",KOR,Men,hockey,M,Silver
Sydney,2000,Hockey,Hockey,"JEON, Jong-Ha",KOR,Men,hockey,M,Silver
Sydney,2000,Hockey,Hockey,"JI, Seong-Hwan",KOR,Men,hockey,M,Silver
Sydney,2000,Hockey,Hockey,"KANG, Keon-Wook",KOR,Men,hockey,M,Silver
Sydney,2000,Hockey,Hockey,"KIM, Chel-Hwan",KOR,Men,hockey,M,Silver
Sydney,2000,Hockey,Hockey,"KIM, Jung-Chul",KOR,Men,hockey,M,Silver
Sydney,2000,Hockey,Hockey,"KIM, Kyung Seok",KOR,Men,hockey,M,Silver
Sydney,2000,Hockey,Hockey,"KIM, Yong-Bae",KOR,Men,hockey,M,Silver
Sydney,2000,Hockey,Hockey,"KIM, Yoon",KOR,Men,hockey,M,Silver
Sydney,2000,Hockey,Hockey,"LIM, Jong-Chun",KOR,Men,hockey,M,Silver
Sydney,2000,Hockey,Hockey,"LIM, Jung-Woo",KOR,Men,hockey,M,Silver
Sydney,2000,Hockey,Hockey,"SEO, Jong-Ho",KOR,Men,hockey,M,Silver
Sydney,2000,Hockey,Hockey,"SONG, Seung-Tae",KOR,Men,hockey,M,Silver
Sydney,2000,Hockey,Hockey,"YEO, Woon-Kon",KOR,Men,hockey,M,Silver
Sydney,2000,Hockey,Hockey,"BOOIJ, Minke",NED,Women,hockey,W,Bronze
Sydney,2000,Hockey,Hockey,"BOOMGAARDT, Ageeth",NED,Women,hockey,W,Bronze
Sydney,2000,Hockey,Hockey,"DEITERS, Julie",NED,Women,hockey,W,Bronze
Sydney,2000,Hockey,Hockey,"DONNERS, Wilhelmina",NED,Women,hockey,W,Bronze
Sydney,2000,Hockey,Hockey,"MOREIRA DE MELO, Fatima",NED,Women,hockey,W,Bronze
Sydney,2000,Hockey,Hockey,"SINNIGE, Clarinda",NED,Women,hockey,W,Bronze
Sydney,2000,Hockey,Hockey,"SMABERS, Hanneke",NED,Women,hockey,W,Bronze
Sydney,2000,Hockey,Hockey,"SMABERS, Minke",NED,Women,hockey,W,Bronze
Sydney,2000,Hockey,Hockey,"TEEUWEN, Josepha",NED,Women,hockey,W,Bronze
Sydney,2000,Hockey,Hockey,"THATE, Carole",NED,Women,hockey,W,Bronze
Sydney,2000,Hockey,Hockey,"TOUW, Daphne",NED,Women,hockey,W,Bronze
Sydney,2000,Hockey,Hockey,"VAN DE KIEFT, Fleur",NED,Women,hockey,W,Bronze
Sydney,2000,Hockey,Hockey,"VAN DEN BOOGAARD, Dillianne",NED,Women,hockey,W,Bronze
Sydney,2000,Hockey,Hockey,"VAN DER VAART, Macha",NED,Women,hockey,W,Bronze
Sydney,2000,Hockey,Hockey,"VAN DER WIELEN, Suzan",NED,Women,hockey,W,Bronze
Sydney,2000,Hockey,Hockey,"VEENSTRA, Myrna",NED,Women,hockey,W,Bronze
Sydney,2000,Hockey,Hockey,"ALLEN, Katie",AUS,Women,hockey,W,Gold
Sydney,2000,Hockey,Hockey,"ANNAN, Alyson",AUS,Women,hockey,W,Gold
Sydney,2000,Hockey,Hockey,"CARRUTHERS, Lisa",AUS,Women,hockey,W,Gold
Sydney,2000,Hockey,Hockey,"FARRELL, Renita",AUS,Women,hockey,W,Gold
Sydney,2000,Hockey,Hockey,"HASLAM, Juliet",AUS,Women,hockey,W,Gold
Sydney,2000,Hockey,Hockey,"HAWKES, Rechelle",AUS,Women,hockey,W,Gold
Sydney,2000,Hockey,Hockey,"HUDSON, Nicole",AUS,Women,hockey,W,Gold
Sydney,2000,Hockey,Hockey,"IMISON, Rachel",AUS,Women,hockey,W,Gold
Sydney,2000,Hockey,Hockey,"MAITLAND, Clover",AUS,Women,hockey,W,Gold
Sydney,2000,Hockey,Hockey,"MITCHELL-TAVERNER, Claire",AUS,Women,hockey,W,Gold
Sydney,2000,Hockey,Hockey,"MORRIS, Jenny",AUS,Women,hockey,W,Gold
Sydney,2000,Hockey,Hockey,"PEEK, Alison Louise",AUS,Women,hockey,W,Gold
Sydney,2000,Hockey,Hockey,"POWELL, Katrina",AUS,Women,hockey,W,Gold
Sydney,2000,Hockey,Hockey,"SKIRVING, Angie",AUS,Women,hockey,W,Gold
Sydney,2000,Hockey,Hockey,"STARRE, Katie",AUS,Women,hockey,W,Gold
Sydney,2000,Hockey,Hockey,"TOWERS, Julie",AUS,Women,hockey,W,Gold
Sydney,2000,Hockey,Hockey,"AICEGA, Magdalena",ARG,Women,hockey,W,Silver
Sydney,2000,Hockey,Hockey,"ANTONISKA, Mariela",ARG,Women,hockey,W,Silver
Sydney,2000,Hockey,Hockey,"ARRONDO, Ines",ARG,Women,hockey,W,Silver
Sydney,2000,Hockey,Hockey,"AYMAR, Luciana",ARG,Women,hockey,W,Silver
Sydney,2000,Hockey,Hockey,"FERRARI, Maria Paz",ARG,Women,hockey,W,Silver
Sydney,2000,Hockey,Hockey,"GAMBERO, Ana",ARG,Women,hockey,W,Silver
Sydney,2000,Hockey,Hockey,"GARCIA, Agustina",ARG,Women,hockey,W,Silver
Sydney,2000,Hockey,Hockey,"HERNANDEZ, Maria de la Paz",ARG,Women,hockey,W,Silver
Sydney,2000,Hockey,Hockey,"MAIZTEGUI, Laura",ARG,Women,hockey,W,Silver
Sydney,2000,Hockey,Hockey,"MARGALOT, Mercedes",ARG,Women,hockey,W,Silver
Sydney,2000,Hockey,Hockey,"MASOTTA, Paula Karina",ARG,Women,hockey,W,Silver
Sydney,2000,Hockey,Hockey,"ONETO, Vanina Paula",ARG,Women,hockey,W,Silver
Sydney,2000,Hockey,Hockey,"RIMOLDI PUIG, Jorgelina",ARG,Women,hockey,W,Silver
Sydney,2000,Hockey,Hockey,"ROGNONI, Maria Cecilia",ARG,Women,hockey,W,Silver
Sydney,2000,Hockey,Hockey,"STEPNIK, Ayelen Iara",ARG,Women,hockey,W,Silver
Sydney,2000,Hockey,Hockey,"VUKOJICIC, Paola",ARG,Women,hockey,W,Silver
Sydney,2000,Judo,Judo,"GRADANTE, Anna-Maria",GER,Women,- 48kg (extra-lightweight),W,Bronze
Sydney,2000,Judo,Judo,"SIMONS, Ann",BEL,Women,- 48kg (extra-lightweight),W,Bronze
Sydney,2000,Judo,Judo,"TANI, Ryoko",JPN,Women,- 48kg (extra-lightweight),W,Gold
Sydney,2000,Judo,Judo,"BROULETOVA, Lioubov",RUS,Women,- 48kg (extra-lightweight),W,Silver
Sydney,2000,Judo,Judo,"POULOT RAMOS, Manolo",CUB,Men,- 60 kg,M,Bronze
Sydney,2000,Judo,Judo,"SMAGULOV, Aidyn",KGZ,Men,- 60 kg,M,Bronze
Sydney,2000,Judo,Judo,"NOMURA, Tadahiro",JPN,Men,- 60 kg,M,Gold
Sydney,2000,Judo,Judo,"JUNG, Bu-Kyung",KOR,Men,- 60 kg,M,Silver
Sydney,2000,Judo,Judo,"PERTELSON, Indrek",EST,Men,+ 100kg (heavyweight),M,Bronze
Sydney,2000,Judo,Judo,"TMENOV, Tamerlan",RUS,Men,+ 100kg (heavyweight),M,Bronze
Sydney,2000,Judo,Judo,"DOUILLET, David",FRA,Men,+ 100kg (heavyweight),M,Gold
Sydney,2000,Judo,Judo,"SHINOHARA, Shinichi",JPN,Men,+ 100kg (heavyweight),M,Silver
Sydney,2000,Judo,Judo,"KIM, Seon-Young",KOR,Women,+ 78kg (heavyweight),W,Bronze
Sydney,2000,Judo,Judo,"YAMASHITA, Mayumi",JPN,Women,+ 78kg (heavyweight),W,Bronze
Sydney,2000,Judo,Judo,"YUAN, Hua",CHN,Women,+ 78kg (heavyweight),W,Gold
Sydney,2000,Judo,Judo,"BELTRAN, Daima Mayelis",CUB,Women,+ 78kg (heavyweight),W,Silver
Sydney,2000,Judo,Judo,"KYE, Sun Hui",PRK,Women,48 - 52kg (half-lightweight),W,Bronze
Sydney,2000,Judo,Judo,"LIU, Yuxiang",CHN,Women,48 - 52kg (half-lightweight),W,Bronze
Sydney,2000,Judo,Judo,"VERDECIA, Legna",CUB,Women,48 - 52kg (half-lightweight),W,Gold
Sydney,2000,Judo,Judo,"NARAZAKI, Noriko",JPN,Women,48 - 52kg (half-lightweight),W,Silver
Sydney,2000,Judo,Judo,"KUSAKABE, Kie",JPN,Women,52 - 57kg (lightweight),W,Bronze
Sydney,2000,Judo,Judo,"PEKLI, Maria",AUS,Women,52 - 57kg (lightweight),W,Bronze
Sydney,2000,Judo,Judo,"FERNANDEZ, Isabel",ESP,Women,52 - 57kg (lightweight),W,Gold
Sydney,2000,Judo,Judo,"GONZALEZ, Driulys",CUB,Women,52 - 57kg (lightweight),W,Silver
Sydney,2000,Judo,Judo,"JUNG, Sung-Sook",KOR,Women,57 - 63kg (half-middleweight),W,Bronze
Sydney,2000,Judo,Judo,"VANDECAVEYE, Gella",BEL,Women,57 - 63kg (half-middleweight),W,Bronze
Sydney,2000,Judo,Judo,"VANDENHENDE, Severine",FRA,Women,57 - 63kg (half-middleweight),W,Gold
Sydney,2000,Judo,Judo,"LI, Shufang",CHN,Women,57 - 63kg (half-middleweight),W,Silver
Sydney,2000,Judo,Judo,"GIOVINAZZO, Girolamo",ITA,Men,60 - 66kg (half-lightweight),M,Bronze
Sydney,2000,Judo,Judo,"VAZAGASHVILI, Giorgi",GEO,Men,60 - 66kg (half-lightweight),M,Bronze
Sydney,2000,Judo,Judo,"OZKAN, Huseyin",TUR,Men,60 - 66kg (half-lightweight),M,Gold
Sydney,2000,Judo,Judo,"BENBOUDAOUD, Larbi",FRA,Men,60 - 66kg (half-lightweight),M,Silver
Sydney,2000,Judo,Judo,"CHO, Min-Sun",KOR,Women,63 - 70kg (middleweight),W,Bronze
Sydney,2000,Judo,Judo,"SCAPIN, Ylenia",ITA,Women,63 - 70kg (middleweight),W,Bronze
Sydney,2000,Judo,Judo,"VERANES, Sibelis",CUB,Women,63 - 70kg (middleweight),W,Gold
Sydney,2000,Judo,Judo,"HOWEY, Kate",GBR,Women,63 - 70kg (middleweight),W,Silver
Sydney,2000,Judo,Judo,"LARYUKOV, Anatoly",BLR,Men,66 - 73kg (lightweight),M,Bronze
Sydney,2000,Judo,Judo,"ZELONIJS, Vsevolods",LAT,Men,66 - 73kg (lightweight),M,Bronze
Sydney,2000,Judo,Judo,"MADDALONI, Giuseppe",ITA,Men,66 - 73kg (lightweight),M,Gold
Sydney,2000,Judo,Judo,"CAMILO, Tiago",BRA,Men,66 - 73kg (lightweight),M,Silver
Sydney,2000,Judo,Judo,"PIERANTOZZI, Emanuela",ITA,Women,70 - 78kg (half-heavyweight),W,Bronze
Sydney,2000,Judo,Judo,"RICHTER, Simona Marcela",ROU,Women,70 - 78kg (half-heavyweight),W,Bronze
Sydney,2000,Judo,Judo,"TANG, Lin",CHN,Women,70 - 78kg (half-heavyweight),W,Gold
Sydney,2000,Judo,Judo,"LEBRUN, Celine",FRA,Women,70 - 78kg (half-heavyweight),W,Silver
Sydney,2000,Judo,Judo,"BUDOLIN, Aleksei",EST,Men,73 - 81kg (half-middleweight),M,Bronze
Sydney,2000,Judo,Judo,"DELGADO, Nuno",POR,Men,73 - 81kg (half-middleweight),M,Bronze
Sydney,2000,Judo,Judo,"TAKIMOTO, Makoto",JPN,Men,73 - 81kg (half-middleweight),M,Gold
Sydney,2000,Judo,Judo,"CHO, In-Chul",KOR,Men,73 - 81kg (half-middleweight),M,Silver
Sydney,2000,Judo,Judo,"DEMONTFAUCON, Frederic",FRA,Men,81 - 90kg (middleweight),M,Bronze
Sydney,2000,Judo,Judo,"MASHURENKO, Ruslan",UKR,Men,81 - 90kg (middleweight),M,Bronze
Sydney,2000,Judo,Judo,"HUIZINGA, Mark",NED,Men,81 - 90kg (middleweight),M,Gold
Sydney,2000,Judo,Judo,"HONORATO, Carlos",BRA,Men,81 - 90kg (middleweight),M,Silver
Sydney,2000,Judo,Judo,"STEPKINE, Iouri",RUS,Men,90 - 100kg (half-heavyweight),M,Bronze
Sydney,2000,Judo,Judo,"TRAINEAU, Stephane",FRA,Men,90 - 100kg (half-heavyweight),M,Bronze
Sydney,2000,Judo,Judo,"INOUE, Kosei",JPN,Men,90 - 100kg (half-heavyweight),M,Gold
Sydney,2000,Judo,Judo,"GILL, Nicolas",CAN,Men,90 - 100kg (half-heavyweight),M,Silver
Sydney,2000,Modern Pentathlon,Modern Pentath.,"DOVGAL, Pavel",BLR,Men,Individual competition,M,Bronze
Sydney,2000,Modern Pentathlon,Modern Pentath.,"SVATKOVSKIY, Dmitri",RUS,Men,Individual competition,M,Gold
Sydney,2000,Modern Pentathlon,Modern Pentath.,"BALOGH, Gabor",HUN,Men,Individual competition,M,Silver
Sydney,2000,Modern Pentathlon,Modern Pentath.,"ALLENBY, Kate",GBR,Women,Individual competition,W,Bronze
Sydney,2000,Modern Pentathlon,Modern Pentath.,"COOK, Stephanie",GBR,Women,Individual competition,W,Gold
Sydney,2000,Modern Pentathlon,Modern Pentath.,"DE RIEL, Emily",USA,Women,Individual competition,W,Silver
Sydney,2000,Rowing,Rowing,"LONG, Matthew",AUS,Men,coxless pair (2-),M,Bronze
Sydney,2000,Rowing,Rowing,"TOMKINS, James",AUS,Men,coxless pair (2-),M,Bronze
Sydney,2000,Rowing,Rowing,"ANDRIEUX, Michel",FRA,Men,coxless pair (2-),M,Gold
Sydney,2000,Rowing,Rowing,"ROLLAND, Jean Christophe",FRA,Men,coxless pair (2-),M,Gold
Sydney,2000,Rowing,Rowing,"BEA, Sebastian",USA,Men,coxless pair (2-),M,Silver
Sydney,2000,Rowing,Rowing,"MURPHY, Edward",USA,Men,coxless pair (2-),M,Silver
Sydney,2000,Rowing,Rowing,"CALABRESE, Giovanni",ITA,Men,double sculls (2x),M,Bronze
Sydney,2000,Rowing,Rowing,"SARTORI, Nicola",ITA,Men,double sculls (2x),M,Bronze
Sydney,2000,Rowing,Rowing,"COP, Iztok",SLO,Men,double sculls (2x),M,Gold
Sydney,2000,Rowing,Rowing,"SPIK, Luka",SLO,Men,double sculls (2x),M,Gold
Sydney,2000,Rowing,Rowing,"BEKKEN, Fredrik",NOR,Men,double sculls (2x),M,Silver
Sydney,2000,Rowing,Rowing,"TUFTE, Olaf",NOR,Men,double sculls (2x),M,Silver
Sydney,2000,Rowing,Rowing,"POPLAVSKAJA, Kristina",LTU,Women,double sculls (2x),W,Bronze
Sydney,2000,Rowing,Rowing,"SAKICKIENE, Birute",LTU,Women,double sculls (2x),W,Bronze
Sydney,2000,Rowing,Rowing,"BORON, Kathrin",GER,Women,double sculls (2x),W,Gold
Sydney,2000,Rowing,Rowing,"THIEME, Jana",GER,Women,double sculls (2x),W,Gold
Sydney,2000,Rowing,Rowing,"VAN DISHOECK, Pieta",NED,Women,double sculls (2x),W,Silver
Sydney,2000,Rowing,Rowing,"VAN NES, Eeke",NED,Women,double sculls (2x),W,Silver
Sydney,2000,Rowing,Rowing,"BORASKA, Igor",CRO,Men,eight with coxswain (8+),M,Bronze
Sydney,2000,Rowing,Rowing,"CULJAK, Kresimir",CRO,Men,eight with coxswain (8+),M,Bronze
Sydney,2000,Rowing,Rowing,"FRANCETIC, Igor",CRO,Men,eight with coxswain (8+),M,Bronze
Sydney,2000,Rowing,Rowing,"FRANKOVIC, Tihomir",CRO,Men,eight with coxswain (8+),M,Bronze
Sydney,2000,Rowing,Rowing,"PETRISKO, Silvijo",CRO,Men,eight with coxswain (8+),M,Bronze
Sydney,2000,Rowing,Rowing,"SKELIN, Niksa",CRO,Men,eight with coxswain (8+),M,Bronze
Sydney,2000,Rowing,Rowing,"SKELIN, Sinisa",CRO,Men,eight with coxswain (8+),M,Bronze
Sydney,2000,Rowing,Rowing,"SMOLJANOVIC, Tomislav",CRO,Men,eight with coxswain (8+),M,Bronze
Sydney,2000,Rowing,Rowing,"VUJEVIC, Branimir",CRO,Men,eight with coxswain (8+),M,Bronze
Sydney,2000,Rowing,Rowing,"ATTRILL, Louis",GBR,Men,eight with coxswain (8+),M,Gold
Sydney,2000,Rowing,Rowing,"DENNIS, Simon",GBR,Men,eight with coxswain (8+),M,Gold
Sydney,2000,Rowing,Rowing,"DOUGLAS, Rowley",GBR,Men,eight with coxswain (8+),M,Gold
Sydney,2000,Rowing,Rowing,"GRUBOR, Luka",GBR,Men,eight with coxswain (8+),M,Gold
Sydney,2000,Rowing,Rowing,"HUNT-DAVIS, Ben",GBR,Men,eight with coxswain (8+),M,Gold
Sydney,2000,Rowing,Rowing,"LINDSAY, Andrew",GBR,Men,eight with coxswain (8+),M,Gold
Sydney,2000,Rowing,Rowing,"SCARLETT, Fred",GBR,Men,eight with coxswain (8+),M,Gold
Sydney,2000,Rowing,Rowing,"TRAPMORE, Steve",GBR,Men,eight with coxswain (8+),M,Gold
Sydney,2000,Rowing,Rowing,"WEST, Kieran",GBR,Men,eight with coxswain (8+),M,Gold
Sydney,2000,Rowing,Rowing,"BURKE, Daniel",AUS,Men,eight with coxswain (8+),M,Silver
Sydney,2000,Rowing,Rowing,"FERNANDEZ, Jaime",AUS,Men,eight with coxswain (8+),M,Silver
Sydney,2000,Rowing,Rowing,"GORDON, Alastair",AUS,Men,eight with coxswain (8+),M,Silver
Sydney,2000,Rowing,Rowing,"HAYMAN, Brett",AUS,Men,eight with coxswain (8+),M,Silver
Sydney,2000,Rowing,Rowing,"JAHRLING, Rob",AUS,Men,eight with coxswain (8+),M,Silver
Sydney,2000,Rowing,Rowing,"MCKAY, Mike",AUS,Men,eight with coxswain (8+),M,Silver
Sydney,2000,Rowing,Rowing,"PORZIG, Nicholas",AUS,Men,eight with coxswain (8+),M,Silver
Sydney,2000,Rowing,Rowing,"RYAN, Christian",AUS,Men,eight with coxswain (8+),M,Silver
Sydney,2000,Rowing,Rowing,"WELCH, Stuart",AUS,Men,eight with coxswain (8+),M,Silver
Sydney,2000,Rowing,Rowing,"ALEXANDER, Buffy",CAN,Women,eight with coxswain (8+),W,Bronze
Sydney,2000,Rowing,Rowing,"BIESENTHAL, Laryssa",CAN,Women,eight with coxswain (8+),W,Bronze
Sydney,2000,Rowing,Rowing,"DAVIS, Heather",CAN,Women,eight with coxswain (8+),W,Bronze
Sydney,2000,Rowing,Rowing,"KORN, Alison",CAN,Women,eight with coxswain (8+),W,Bronze
Sydney,2000,Rowing,Rowing,"LUKE, Theresa",CAN,Women,eight with coxswain (8+),W,Bronze
Sydney,2000,Rowing,Rowing,"MCDERMID, Heather",CAN,Women,eight with coxswain (8+),W,Bronze
Sydney,2000,Rowing,Rowing,"ROBINSON, Emma",CAN,Women,eight with coxswain (8+),W,Bronze
Sydney,2000,Rowing,Rowing,"THOMPSON, Lesley Allison",CAN,Women,eight with coxswain (8+),W,Bronze
Sydney,2000,Rowing,Rowing,"URBANIAK, Dorota",CAN,Women,eight with coxswain (8+),W,Bronze
Sydney,2000,Rowing,Rowing,"ANDRUNACHE, Georgeta",ROU,Women,eight with coxswain (8+),W,Gold
Sydney,2000,Rowing,Rowing,"COCHELEA, Veronica",ROU,Women,eight with coxswain (8+),W,Gold
Sydney,2000,Rowing,Rowing,"DUMITRACHE, Maria Magdalena",ROU,Women,eight with coxswain (8+),W,Gold
Sydney,2000,Rowing,Rowing,"GAFENCU, Liliana",ROU,Women,eight with coxswain (8+),W,Gold
Sydney,2000,Rowing,Rowing,"GEORGESCU, Elena",ROU,Women,eight with coxswain (8+),W,Gold
Sydney,2000,Rowing,Rowing,"IGNAT, Doina",ROU,Women,eight with coxswain (8+),W,Gold
Sydney,2000,Rowing,Rowing,"LIPA, Elisabeta",ROU,Women,eight with coxswain (8+),W,Gold
Sydney,2000,Rowing,Rowing,"OLTEANU, Ioana",ROU,Women,eight with coxswain (8+),W,Gold
Sydney,2000,Rowing,Rowing,"SUSANU, Viorica",ROU,Women,eight with coxswain (8+),W,Gold
Sydney,2000,Rowing,Rowing,"APPELDOORN, Tessa",NED,Women,eight with coxswain (8+),W,Silver
Sydney,2000,Rowing,Rowing,"BEEK TER, Carin",NED,Women,eight with coxswain (8+),W,Silver
Sydney,2000,Rowing,Rowing,"MEIJER, Elien",NED,Women,eight with coxswain (8+),W,Silver
Sydney,2000,Rowing,Rowing,"PENNINX, Nelleke",NED,Women,eight with coxswain (8+),W,Silver
Sydney,2000,Rowing,Rowing,"QUIK, Martijntje",NED,Women,eight with coxswain (8+),W,Silver
Sydney,2000,Rowing,Rowing,"VAN DISHOECK, Pieta",NED,Women,eight with coxswain (8+),W,Silver
Sydney,2000,Rowing,Rowing,"VAN NES, Eeke",NED,Women,eight with coxswain (8+),W,Silver
Sydney,2000,Rowing,Rowing,"VENEMA, Anneke",NED,Women,eight with coxswain (8+),W,Silver
Sydney,2000,Rowing,Rowing,"WESTERHOF, Marieke",NED,Women,eight with coxswain (8+),W,Silver
Sydney,2000,Rowing,Rowing,"DODWELL, Ben Philip",AUS,Men,four without coxswain (4-),M,Bronze
Sydney,2000,Rowing,Rowing,"HANSON, Boden Joseph",AUS,Men,four without coxswain (4-),M,Bronze
Sydney,2000,Rowing,Rowing,"STEWART, Geoff",AUS,Men,four without coxswain (4-),M,Bronze
Sydney,2000,Rowing,Rowing,"STEWART, James",AUS,Men,four without coxswain (4-),M,Bronze
Sydney,2000,Rowing,Rowing,"CRACKNELL, James",GBR,Men,four without coxswain (4-),M,Gold
Sydney,2000,Rowing,Rowing,"FOSTER, Tim James",GBR,Men,four without coxswain (4-),M,Gold
Sydney,2000,Rowing,Rowing,"PINSENT, Matthew",GBR,Men,four without coxswain (4-),M,Gold
Sydney,2000,Rowing,Rowing,"REDGRAVE, Steven",GBR,Men,four without coxswain (4-),M,Gold
Sydney,2000,Rowing,Rowing,"CARBONCINI, Lorenzo",ITA,Men,four without coxswain (4-),M,Silver
Sydney,2000,Rowing,Rowing,"DEI ROSSI, Riccardo",ITA,Men,four without coxswain (4-),M,Silver
Sydney,2000,Rowing,Rowing,"MOLEA, Walter",ITA,Men,four without coxswain (4-),M,Silver
Sydney,2000,Rowing,Rowing,"MORNATI, Carlo",ITA,Men,four without coxswain (4-),M,Silver
Sydney,2000,Rowing,Rowing,"EBBESEN, Eskild Balschmidt",DEN,Men,lightweight coxless four (4-),M,Bronze
Sydney,2000,Rowing,Rowing,"EBERT, Thomas",DEN,Men,lightweight coxless four (4-),M,Bronze
Sydney,2000,Rowing,Rowing,"FEDDERSEN, Victor",DEN,Men,lightweight coxless four (4-),M,Bronze
Sydney,2000,Rowing,Rowing,"MADSEN, Soren",DEN,Men,lightweight coxless four (4-),M,Bronze
Sydney,2000,Rowing,Rowing,"BETTE, Jean-Christophe",FRA,Men,lightweight coxless four (4-),M,Gold
Sydney,2000,Rowing,Rowing,"DORFMANN, Xavier",FRA,Men,lightweight coxless four (4-),M,Gold
Sydney,2000,Rowing,Rowing,"HOCDE, Yves",FRA,Men,lightweight coxless four (4-),M,Gold
Sydney,2000,Rowing,Rowing,"PORCHIER, Laurent",FRA,Men,lightweight coxless four (4-),M,Gold
Sydney,2000,Rowing,Rowing,"BALMFORTH, Darren",AUS,Men,lightweight coxless four (4-),M,Silver
Sydney,2000,Rowing,Rowing,"BURGESS, Simon",AUS,Men,lightweight coxless four (4-),M,Silver
Sydney,2000,Rowing,Rowing,"EDWARDS, Anthony",AUS,Men,lightweight coxless four (4-),M,Silver
Sydney,2000,Rowing,Rowing,"RICHARDS, Robert",AUS,Men,lightweight coxless four (4-),M,Silver
Sydney,2000,Rowing,Rowing,"CHAPELLE, Thibaud",FRA,Men,lightweight double sculls (2x),M,Bronze
Sydney,2000,Rowing,Rowing,"TOURON, Pascal",FRA,Men,lightweight double sculls (2x),M,Bronze
Sydney,2000,Rowing,Rowing,"KUCHARSKI, Tomasz",POL,Men,lightweight double sculls (2x),M,Gold
Sydney,2000,Rowing,Rowing,"SYCZ, Robert",POL,Men,lightweight double sculls (2x),M,Gold
Sydney,2000,Rowing,Rowing,"LUINI, Elia",ITA,Men,lightweight double sculls (2x),M,Silver
Sydney,2000,Rowing,Rowing,"PETTINARI, Leonardo",ITA,Men,lightweight double sculls (2x),M,Silver
Sydney,2000,Rowing,Rowing,"COLLINS, Christine",USA,Women,lightweight double sculls (2x),W,Bronze
Sydney,2000,Rowing,Rowing,"GARNER, Sarah",USA,Women,lightweight double sculls (2x),W,Bronze
Sydney,2000,Rowing,Rowing,"ALUPEI, Angela",ROU,Women,lightweight double sculls (2x),W,Gold
Sydney,2000,Rowing,Rowing,"BURCICA, Constanta",ROU,Women,lightweight double sculls (2x),W,Gold
Sydney,2000,Rowing,Rowing,"BLASBERG, Claudia",GER,Women,lightweight double sculls (2x),W,Silver
Sydney,2000,Rowing,Rowing,"VIEHOFF, Valerie",GER,Women,lightweight double sculls (2x),W,Silver
Sydney,2000,Rowing,Rowing,"KRAFT, Karen",USA,Women,pair without coxswain (2-),W,Bronze
Sydney,2000,Rowing,Rowing,"RYAN, Melissa",USA,Women,pair without coxswain (2-),W,Bronze
Sydney,2000,Rowing,Rowing,"ANDRUNACHE, Georgeta",ROU,Women,pair without coxswain (2-),W,Gold
Sydney,2000,Rowing,Rowing,"IGNAT, Doina",ROU,Women,pair without coxswain (2-),W,Gold
Sydney,2000,Rowing,Rowing,"SLATTER, Kate Elizabeth",AUS,Women,pair without coxswain (2-),W,Silver
Sydney,2000,Rowing,Rowing,"TAYLOR, Rachael",AUS,Women,pair without coxswain (2-),W,Silver
Sydney,2000,Rowing,Rowing,"GEISLER, Marco",GER,Men,quadruple sculls without coxswain (4x),M,Bronze
Sydney,2000,Rowing,Rowing,"HAJEK, Andreas",GER,Men,quadruple sculls without coxswain (4x),M,Bronze
Sydney,2000,Rowing,Rowing,"VOLKERT, Stephan",GER,Men,quadruple sculls without coxswain (4x),M,Bronze
Sydney,2000,Rowing,Rowing,"WILLMS, Andre",GER,Men,quadruple sculls without coxswain (4x),M,Bronze
Sydney,2000,Rowing,Rowing,"ABBAGNALE, Agostino",ITA,Men,quadruple sculls without coxswain (4x),M,Gold
Sydney,2000,Rowing,Rowing,"GALTAROSSA, Rossano",ITA,Men,quadruple sculls without coxswain (4x),M,Gold
Sydney,2000,Rowing,Rowing,"RAINERI, Simone",ITA,Men,quadruple sculls without coxswain (4x),M,Gold
Sydney,2000,Rowing,Rowing,"SARTORI, Alessio",ITA,Men,quadruple sculls without coxswain (4x),M,Gold
Sydney,2000,Rowing,Rowing,"BARTMAN, Michiel",NED,Men,quadruple sculls without coxswain (4x),M,Silver
Sydney,2000,Rowing,Rowing,"LIPPITS, Dirk",NED,Men,quadruple sculls without coxswain (4x),M,Silver
Sydney,2000,Rowing,Rowing,"SIMON, Diederik",NED,Men,quadruple sculls without coxswain (4x),M,Silver
Sydney,2000,Rowing,Rowing,"VERBERNE, Jochem",NED,Men,quadruple sculls without coxswain (4x),M,Silver
Sydney,2000,Rowing,Rowing,"DORODNOVA, Oxana",RUS,Women,quadruple sculls without coxswain (4x),W,Bronze
Sydney,2000,Rowing,Rowing,"FEDOTOVA, Irina",RUS,Women,quadruple sculls without coxswain (4x),W,Bronze
Sydney,2000,Rowing,Rowing,"LEVINA, Yulia",RUS,Women,quadruple sculls without coxswain (4x),W,Bronze
Sydney,2000,Rowing,Rowing,"MERK, Larisa",RUS,Women,quadruple sculls without coxswain (4x),W,Bronze
Sydney,2000,Rowing,Rowing,"EVERS, Meike",GER,Women,quadruple sculls without coxswain (4x),W,Gold
Sydney,2000,Rowing,Rowing,"KOWALSKI, Kerstin",GER,Women,quadruple sculls without coxswain (4x),W,Gold
Sydney,2000,Rowing,Rowing,"KOWALSKI, Manja",GER,Women,quadruple sculls without coxswain (4x),W,Gold
Sydney,2000,Rowing,Rowing,"LUTZE, Manuela",GER,Women,quadruple sculls without coxswain (4x),W,Gold
Sydney,2000,Rowing,Rowing,"BATTEN, Guin",GBR,Women,quadruple sculls without coxswain (4x),W,Silver
Sydney,2000,Rowing,Rowing,"BATTEN, Miriam",GBR,Women,quadruple sculls without coxswain (4x),W,Silver
Sydney,2000,Rowing,Rowing,"GRAINGER, Katherine",GBR,Women,quadruple sculls without coxswain (4x),W,Silver
Sydney,2000,Rowing,Rowing,"LINDSAY, Gillian Anne",GBR,Women,quadruple sculls without coxswain (4x),W,Silver
Sydney,2000,Rowing,Rowing,"HACKER, Marcel",GER,Men,single sculls (1x),M,Bronze
Sydney,2000,Rowing,Rowing,"WADDELL, Rob",NZL,Men,single sculls (1x),M,Gold
Sydney,2000,Rowing,Rowing,"MUELLER, Xeno",SUI,Men,single sculls (1x),M,Silver
Sydney,2000,Rowing,Rowing,"RUTSCHOW, Katrin",GER,Women,single sculls (1x),W,Bronze
Sydney,2000,Rowing,Rowing,"KARSTEN, Ekaterina",BLR,Women,single sculls (1x),W,Gold
Sydney,2000,Rowing,Rowing,"NEYKOVA, Rumyana",BUL,Women,single sculls (1x),W,Silver
Sydney,2000,Sailing,Sailing,"CONTE, Javier",ARG,Men,470 - Two Person Dinghy,M,Bronze
Sydney,2000,Sailing,Sailing,"DE LA FUENTE, Juan",ARG,Men,470 - Two Person Dinghy,M,Bronze
Sydney,2000,Sailing,Sailing,"KING, Tom",AUS,Men,470 - Two Person Dinghy,M,Gold
Sydney,2000,Sailing,Sailing,"TURNBULL, Mark",AUS,Men,470 - Two Person Dinghy,M,Gold
Sydney,2000,Sailing,Sailing,"FOERSTER, Paul",USA,Men,470 - Two Person Dinghy,M,Silver
Sydney,2000,Sailing,Sailing,"MERRICK, Robert",USA,Men,470 - Two Person Dinghy,M,Silver
Sydney,2000,Sailing,Sailing,"PAKHOLCHIK, Olena",UKR,Women,470 - Two Person Dinghy,W,Bronze
Sydney,2000,Sailing,Sailing,"TARAN, Ruslana",UKR,Women,470 - Two Person Dinghy,W,Bronze
Sydney,2000,Sailing,Sailing,"ARMSTRONG, Jenny",AUS,Women,470 - Two Person Dinghy,W,Gold
Sydney,2000,Sailing,Sailing,"STOWELL, Belinda",AUS,Women,470 - Two Person Dinghy,W,Gold
Sydney,2000,Sailing,Sailing,"GLASER, Sarah",USA,Women,470 - Two Person Dinghy,W,Silver
Sydney,2000,Sailing,Sailing,"ISLER, Jennifer",USA,Women,470 - Two Person Dinghy,W,Silver
Sydney,2000,Sailing,Sailing,"MCKEE, Charles",USA,Men,49er - Skiff,X,Bronze
Sydney,2000,Sailing,Sailing,"MCKEE, Jonathan Dunn",USA,Men,49er - Skiff,X,Bronze
Sydney,2000,Sailing,Sailing,"JARVI, Jyrki",FIN,Men,49er - Skiff,X,Gold
Sydney,2000,Sailing,Sailing,"JOHANSON, Thomas",FIN,Men,49er - Skiff,X,Gold
Sydney,2000,Sailing,Sailing,"BARKER, Ian",GBR,Men,49er - Skiff,X,Silver
Sydney,2000,Sailing,Sailing,"HISCOCKS, Simon",GBR,Men,49er - Skiff,X,Silver
Sydney,2000,Sailing,Sailing,"MCINTOSH, Aaron",NZL,Men,board (Mistral),M,Bronze
Sydney,2000,Sailing,Sailing,"SIEBER, Christoph",AUT,Men,board (Mistral),M,Gold
Sydney,2000,Sailing,Sailing,"ESPINOLA, Carlos",ARG,Men,board (Mistral),M,Silver
Sydney,2000,Sailing,Sailing,"KENDALL, Barbara",NZL,Women,board (Mistral),W,Bronze
Sydney,2000,Sailing,Sailing,"SENSINI, Alessandra",ITA,Women,board (Mistral),W,Gold
Sydney,2000,Sailing,Sailing,"LUX, Amelie",GER,Women,board (Mistral),W,Silver
Sydney,2000,Sailing,Sailing,"DAVIS, Paul",NOR,Men,fleet/match race keelboat open (Soling),X,Bronze
Sydney,2000,Sailing,Sailing,"JOHANNESSEN, Herman Horn",NOR,Men,fleet/match race keelboat open (Soling),X,Bronze
Sydney,2000,Sailing,Sailing,"STOKKELAND, Espen",NOR,Men,fleet/match race keelboat open (Soling),X,Bronze
Sydney,2000,Sailing,Sailing,"BANK, Jesper",DEN,Men,fleet/match race keelboat open (Soling),X,Gold
Sydney,2000,Sailing,Sailing,"BLAKSKJAER, Henrik",DEN,Men,fleet/match race keelboat open (Soling),X,Gold
Sydney,2000,Sailing,Sailing,"JACOBSEN, Thomas",DEN,Men,fleet/match race keelboat open (Soling),X,Gold
Sydney,2000,Sailing,Sailing,"BAHR, Gunnar",GER,Men,fleet/match race keelboat open (Soling),X,Silver
Sydney,2000,Sailing,Sailing,"BORKOWSKI, Ingo",GER,Men,fleet/match race keelboat open (Soling),X,Silver
Sydney,2000,Sailing,Sailing,"SCHÜMANN, Jochen",GER,Men,fleet/match race keelboat open (Soling),X,Silver
Sydney,2000,Sailing,Sailing,"AMATO, Serena",ARG,Women,single-handed dinghy (Europe),W,Bronze
Sydney,2000,Sailing,Sailing,"ROBERTSON, Shirley",GBR,Women,single-handed dinghy (Europe),W,Gold
Sydney,2000,Sailing,Sailing,"MATTHIJSSE, Margriet",NED,Women,single-handed dinghy (Europe),W,Silver
Sydney,2000,Sailing,Sailing,"LOOF, Fredrik",SWE,Men,single-handed dinghy (Finn),M,Bronze
Sydney,2000,Sailing,Sailing,"PERCY, Iain",GBR,Men,single-handed dinghy (Finn),M,Gold
Sydney,2000,Sailing,Sailing,"DEVOTI, Luca",ITA,Men,single-handed dinghy (Finn),M,Silver
Sydney,2000,Sailing,Sailing,"BLACKBURN, Michael",AUS,Men,single-handed dinghy open (Laser),X,Bronze
Sydney,2000,Sailing,Sailing,"AINSLIE, Ben",GBR,Men,single-handed dinghy open (Laser),X,Gold
Sydney,2000,Sailing,Sailing,"SCHEIDT, Robert",BRA,Men,single-handed dinghy open (Laser),X,Silver
Sydney,2000,Sailing,Sailing,"GAEBLER, Roland",GER,Men,Tornado - Multihull,X,Bronze
Sydney,2000,Sailing,Sailing,"SCHWALL, Rene",GER,Men,Tornado - Multihull,X,Bronze
Sydney,2000,Sailing,Sailing,"HAGARA, Roman",AUT,Men,Tornado - Multihull,X,Gold
Sydney,2000,Sailing,Sailing,"STEINACHER, Hans Peter",AUT,Men,Tornado - Multihull,X,Gold
Sydney,2000,Sailing,Sailing,"BUNDOCK, Darren",AUS,Men,Tornado - Multihull,X,Silver
Sydney,2000,Sailing,Sailing,"FORBES, John",AUS,Men,Tornado - Multihull,X,Silver
Sydney,2000,Sailing,Sailing,"FERREIRA, Marcelo",BRA,Men,two-person keelboat open (Star),X,Bronze
Sydney,2000,Sailing,Sailing,"GRAEL, Torben",BRA,Men,two-person keelboat open (Star),X,Bronze
Sydney,2000,Sailing,Sailing,"LILJEDAHL, Magnus",USA,Men,two-person keelboat open (Star),X,Gold
Sydney,2000,Sailing,Sailing,"REYNOLDS, Mark Jeffrey",USA,Men,two-person keelboat open (Star),X,Gold
Sydney,2000,Sailing,Sailing,"COVELL, Mark",GBR,Men,two-person keelboat open (Star),X,Silver
Sydney,2000,Sailing,Sailing,"WALKER, Ian",GBR,Men,two-person keelboat open (Star),X,Silver
Sydney,2000,Shooting,Shooting,"FORDER, Annemarie",AUS,Women,10m air pistol (40 shots),W,Bronze
Sydney,2000,Shooting,Shooting,"TAO, Luna",CHN,Women,10m air pistol (40 shots),W,Gold
Sydney,2000,Shooting,Shooting,"SEKARIC, Jasna",YUG,Women,10m air pistol (40 shots),W,Silver
Sydney,2000,Shooting,Shooting,"BASINSKI, Igor",BLR,Men,10m air pistol (60 shots),M,Bronze
Sydney,2000,Shooting,Shooting,"DUMOULIN, Franck",FRA,Men,10m air pistol (60 shots),M,Gold
Sydney,2000,Shooting,Shooting,"WANG, Yifu",CHN,Men,10m air pistol (60 shots),M,Silver
Sydney,2000,Shooting,Shooting,"GAO, Jing",CHN,Women,10m air rifle (40 shots),W,Bronze
Sydney,2000,Shooting,Shooting,"JOHNSON, Nancy",USA,Women,10m air rifle (40 shots),W,Gold
Sydney,2000,Shooting,Shooting,"KANG, Cho-Hyun",KOR,Women,10m air rifle (40 shots),W,Silver
Sydney,2000,Shooting,Shooting,"ALEINIKOV, Evgeni",RUS,Men,10m air rifle (60 shots),M,Bronze
Sydney,2000,Shooting,Shooting,"CAI, Yalin",CHN,Men,10m air rifle (60 shots),M,Gold
Sydney,2000,Shooting,Shooting,"KHADJIBEKOV, Artem",RUS,Men,10m air rifle (60 shots),M,Silver
Sydney,2000,Shooting,Shooting,"NIU, Zhiyuan",CHN,Men,10m running target (30+30 shots),M,Bronze
Sydney,2000,Shooting,Shooting,"YANG, Ling",CHN,Men,10m running target (30+30 shots),M,Gold
Sydney,2000,Shooting,Shooting,"MOLDOVAN, Oleg",MDA,Men,10m running target (30+30 shots),M,Silver
Sydney,2000,Shooting,Shooting,"EVGLEVSKAYA, Lolita",BLR,Women,25m pistol (30+30 shots),W,Bronze
Sydney,2000,Shooting,Shooting,"GROZDEVA, Maria",BUL,Women,25m pistol (30+30 shots),W,Gold
Sydney,2000,Shooting,Shooting,"TAO, Luna",CHN,Women,25m pistol (30+30 shots),W,Silver
Sydney,2000,Shooting,Shooting,"RAICEA, Iulian",ROU,Men,25m rapid fire pistol (60 shots),M,Bronze
Sydney,2000,Shooting,Shooting,"ALIFIRENKO, Sergei",RUS,Men,25m rapid fire pistol (60 shots),M,Gold
Sydney,2000,Shooting,Shooting,"ANSERMET, Michel",SUI,Men,25m rapid fire pistol (60 shots),M,Silver
Sydney,2000,Shooting,Shooting,"TENK, Martin",CZE,Men,50m pistol (60 shots),M,Bronze
Sydney,2000,Shooting,Shooting,"KIRIAKOV, Tanyu",BUL,Men,50m pistol (60 shots),M,Gold
Sydney,2000,Shooting,Shooting,"BASINSKI, Igor",BLR,Men,50m pistol (60 shots),M,Silver
Sydney,2000,Shooting,Shooting,"FEKLISTOVA, Maria",RUS,Women,50m rifle 3 positions (3x20 shots),W,Bronze
Sydney,2000,Shooting,Shooting,"MAUER, Renata",POL,Women,50m rifle 3 positions (3x20 shots),W,Gold
Sydney,2000,Shooting,Shooting,"GOLDOBINA, Tatiana",RUS,Women,50m rifle 3 positions (3x20 shots),W,Silver
Sydney,2000,Shooting,Shooting,"STENVAAG, Harald",NOR,Men,50m rifle 3 positions (3x40 shots),M,Bronze
Sydney,2000,Shooting,Shooting,"DEBEVEC, Rajmond",SLO,Men,50m rifle 3 positions (3x40 shots),M,Gold
Sydney,2000,Shooting,Shooting,"HIRVI, Juha",FIN,Men,50m rifle 3 positions (3x40 shots),M,Silver
Sydney,2000,Shooting,Shooting,"MARTYNOV, Sergei",BLR,Men,50m rifle prone (60 shots),M,Bronze
Sydney,2000,Shooting,Shooting,"EDMAN, Jonas",SWE,Men,50m rifle prone (60 shots),M,Gold
Sydney,2000,Shooting,Shooting,"GRIMMEL, Torben",DEN,Men,50m rifle prone (60 shots),M,Silver
Sydney,2000,Shooting,Shooting,"RHODE, Kimberly",USA,Women,double trap (120 targets),W,Bronze
Sydney,2000,Shooting,Shooting,"HANSEN, Pia",SWE,Women,double trap (120 targets),W,Gold
Sydney,2000,Shooting,Shooting,"GELISIO, Deborah",ITA,Women,double trap (120 targets),W,Silver
Sydney,2000,Shooting,Shooting,"ALDEEHANI, Fehaid",KUW,Men,double trap (150 targets),M,Bronze
Sydney,2000,Shooting,Shooting,"FAULDS, Richard",GBR,Men,double trap (150 targets),M,Gold
Sydney,2000,Shooting,Shooting,"MARK, Russell",AUS,Men,double trap (150 targets),M,Silver
Sydney,2000,Shooting,Shooting,"GRAVES, James",USA,Men,skeet (125 targets),M,Bronze
Sydney,2000,Shooting,Shooting,"MILCHEV, Mykola",UKR,Men,skeet (125 targets),M,Gold
Sydney,2000,Shooting,Shooting,"MALEK, Petr",CZE,Men,skeet (125 targets),M,Silver
Sydney,2000,Shooting,Shooting,"IGALY, Diana",HUN,Women,skeet (75 targets),W,Bronze
Sydney,2000,Shooting,Shooting,"MEFTAKHETDINOVA, Zemfira",AZE,Women,skeet (75 targets),W,Gold
Sydney,2000,Shooting,Shooting,"DEMINA, Svetlana",RUS,Women,skeet (75 targets),W,Silver
Sydney,2000,Shooting,Shooting,"PELLIELO, Giovanni",ITA,Men,trap (125 targets),M,Bronze
Sydney,2000,Shooting,Shooting,"DIAMOND, Michael",AUS,Men,trap (125 targets),M,Gold
Sydney,2000,Shooting,Shooting,"PEEL, Ian",GBR,Men,trap (125 targets),M,Silver
Sydney,2000,Shooting,Shooting,"GAO, E",CHN,Women,trap (75 targets),W,Bronze
Sydney,2000,Shooting,Shooting,"GUDZINEVICIUTE, Daina",LTU,Women,trap (75 targets),W,Gold
Sydney,2000,Shooting,Shooting,"RACINET, Delphine",FRA,Women,trap (75 targets),W,Silver
Sydney,2000,Softball,Softball,"ALLEN, Sandra",AUS,Women,softball,W,Bronze
Sydney,2000,Softball,Softball,"BROWN, Joanne",AUS,Women,softball,W,Bronze
Sydney,2000,Softball,Softball,"DIENELT, Kerry",AUS,Women,softball,W,Bronze
Sydney,2000,Softball,Softball,"EDEBONE, Peta",AUS,Women,softball,W,Bronze
Sydney,2000,Softball,Softball,"FAIRHURST, Sue",AUS,Women,softball,W,Bronze
Sydney,2000,Softball,Softball,"FOLLAS, Selina",AUS,Women,softball,W,Bronze
Sydney,2000,Softball,Softball,"HANES, Fiona",AUS,Women,softball,W,Bronze
Sydney,2000,Softball,Softball,"HARDIE, Kelly",AUS,Women,softball,W,Bronze
Sydney,2000,Softball,Softball,"HARDING, Tanya",AUS,Women,softball,W,Bronze
Sydney,2000,Softball,Softball,"MCDERMID, Sally",AUS,Women,softball,W,Bronze
Sydney,2000,Softball,Softball,"MORROW, Simmone",AUS,Women,softball,W,Bronze
Sydney,2000,Softball,Softball,"ROCHE, Melanie",AUS,Women,softball,W,Bronze
Sydney,2000,Softball,Softball,"TITCUME, Natalie",AUS,Women,softball,W,Bronze
Sydney,2000,Softball,Softball,"WARD, Natalie",AUS,Women,softball,W,Bronze
Sydney,2000,Softball,Softball,"WILKINS, Brooke",AUS,Women,softball,W,Bronze
Sydney,2000,Softball,Softball,"AMBROSI, Christie",USA,Women,softball,W,Gold
Sydney,2000,Softball,Softball,"BERG, Laura",USA,Women,softball,W,Gold
Sydney,2000,Softball,Softball,"BRUNDAGE, Jennifer",USA,Women,softball,W,Gold
Sydney,2000,Softball,Softball,"BUSTOS, Crystl",USA,Women,softball,W,Gold
Sydney,2000,Softball,Softball,"CORNELL, Sheila",USA,Women,softball,W,Gold
Sydney,2000,Softball,Softball,"FERNANDEZ, Lisa",USA,Women,softball,W,Gold
Sydney,2000,Softball,Softball,"HARRIGAN, Lori",USA,Women,softball,W,Gold
Sydney,2000,Softball,Softball,"HENDERSON, Danielle",USA,Women,softball,W,Gold
Sydney,2000,Softball,Softball,"MCFALLS, Jennifer",USA,Women,softball,W,Gold
Sydney,2000,Softball,Softball,"NUVEMAN, Stacey",USA,Women,softball,W,Gold
Sydney,2000,Softball,Softball,"O'BRIEN, Leah",USA,Women,softball,W,Gold
Sydney,2000,Softball,Softball,"RICHARDSON, Dorothy",USA,Women,softball,W,Gold
Sydney,2000,Softball,Softball,"SMITH, Michele",USA,Women,softball,W,Gold
Sydney,2000,Softball,Softball,"VENTURELLA, Michelle",USA,Women,softball,W,Gold
Sydney,2000,Softball,Softball,"WILLIAMS, Christa Lee",USA,Women,softball,W,Gold
Sydney,2000,Softball,Softball,"ANDO, Misako",JPN,Women,softball,W,Silver
Sydney,2000,Softball,Softball,"FUJII, Yumiko",JPN,Women,softball,W,Silver
Sydney,2000,Softball,Softball,"ISHIKAWA, Taeko",JPN,Women,softball,W,Silver
Sydney,2000,Softball,Softball,"ITO, Kazue",JPN,Women,softball,W,Silver
Sydney,2000,Softball,Softball,"KOBAYASHI, Yoshimi",JPN,Women,softball,W,Silver
Sydney,2000,Softball,Softball,"KOSEKI, Shiori",JPN,Women,softball,W,Silver
Sydney,2000,Softball,Softball,"MASUBUCHI, Mariko",JPN,Women,softball,W,Silver
Sydney,2000,Softball,Softball,"MATSUMOTO, Naomi",JPN,Women,softball,W,Silver
Sydney,2000,Softball,Softball,"NAITO, Emi",JPN,Women,softball,W,Silver
Sydney,2000,Softball,Softball,"SAITO, Haruka",JPN,Women,softball,W,Silver
Sydney,2000,Softball,Softball,"TAKAYAMA, Juri",JPN,Women,softball,W,Silver
Sydney,2000,Softball,Softball,"TAMOTO, Hiroko",JPN,Women,softball,W,Silver
Sydney,2000,Softball,Softball,"UTSUGI, Reika",JPN,Women,softball,W,Silver
Sydney,2000,Softball,Softball,"YAMADA, Miyo",JPN,Women,softball,W,Silver
Sydney,2000,Softball,Softball,"YAMAJI, Noriko",JPN,Women,softball,W,Silver
Sydney,2000,Table Tennis,Table Tennis,"CHILA, Patrick Antoine Edouard",FRA,Men,doubles,M,Bronze
Sydney,2000,Table Tennis,Table Tennis,"GATIEN, Jean-Philippe",FRA,Men,doubles,M,Bronze
Sydney,2000,Table Tennis,Table Tennis,"WANG, Liqin",CHN,Men,doubles,M,Gold
Sydney,2000,Table Tennis,Table Tennis,"YAN, Sen",CHN,Men,doubles,M,Gold
Sydney,2000,Table Tennis,Table Tennis,"KONG, Linghui",CHN,Men,doubles,M,Silver
Sydney,2000,Table Tennis,Table Tennis,"LIU, Guoliang",CHN,Men,doubles,M,Silver
Sydney,2000,Table Tennis,Table Tennis,"KIM, Moo-Kyo",KOR,Women,doubles,W,Bronze
Sydney,2000,Table Tennis,Table Tennis,"RYU, Ji-Hye",KOR,Women,doubles,W,Bronze
Sydney,2000,Table Tennis,Table Tennis,"LI, Ju",CHN,Women,doubles,W,Gold
Sydney,2000,Table Tennis,Table Tennis,"WANG, Nan",CHN,Women,doubles,W,Gold
Sydney,2000,Table Tennis,Table Tennis,"SUN, Jin",CHN,Women,doubles,W,Silver
Sydney,2000,Table Tennis,Table Tennis,"YANG, Ying",CHN,Women,doubles,W,Silver
Sydney,2000,Table Tennis,Table Tennis,"LIU, Guoliang",CHN,Men,singles,M,Bronze
Sydney,2000,Table Tennis,Table Tennis,"KONG, Linghui",CHN,Men,singles,M,Gold
Sydney,2000,Table Tennis,Table Tennis,"WALDNER, Jan-Ove",SWE,Men,singles,M,Silver
Sydney,2000,Table Tennis,Table Tennis,"CHEN, Jing",TPE,Women,singles,W,Bronze
Sydney,2000,Table Tennis,Table Tennis,"WANG, Nan",CHN,Women,singles,W,Gold
Sydney,2000,Table Tennis,Table Tennis,"LI, Ju",CHN,Women,singles,W,Silver
Sydney,2000,Taekwondo,Taekwondo,"CHI, Shu-Ju",TPE,Women,- 49 kg,W,Bronze
Sydney,2000,Taekwondo,Taekwondo,"BURNS, Lauren",AUS,Women,- 49 kg,W,Gold
Sydney,2000,Taekwondo,Taekwondo,"MELENDEZ RODRIGUEZ, Urbia",CUB,Women,- 49 kg,W,Silver
Sydney,2000,Taekwondo,Taekwondo,"HUANG, Chih Hsiung",TPE,Men,- 58 kg,M,Bronze
Sydney,2000,Taekwondo,Taekwondo,"MOUROUTSOS, Michail",GRE,Men,- 58 kg,M,Gold
Sydney,2000,Taekwondo,Taekwondo,"ESPARZA, Gabriel",ESP,Men,- 58 kg,M,Silver
Sydney,2000,Taekwondo,Taekwondo,"BOSSHART, Dominique",CAN,Women,+ 67 kg,W,Bronze
Sydney,2000,Taekwondo,Taekwondo,"CHEN, Zhong",CHN,Women,+ 67 kg,W,Gold
Sydney,2000,Taekwondo,Taekwondo,"IVANOVA, Natalia",RUS,Women,+ 67 kg,W,Silver
Sydney,2000,Taekwondo,Taekwondo,"GENTIL, Pascal",FRA,Men,+ 80 kg,M,Bronze
Sydney,2000,Taekwondo,Taekwondo,"KIM, Kyong-Hun",KOR,Men,+ 80 kg,M,Gold
Sydney,2000,Taekwondo,Taekwondo,"TRENTON, Daniel",AUS,Men,+ 80 kg,M,Silver
Sydney,2000,Taekwondo,Taekwondo,"BIKCIN, Hamide",TUR,Women,49 - 57 kg,W,Bronze
Sydney,2000,Taekwondo,Taekwondo,"JUNG, Jae-Eun",KOR,Women,49 - 57 kg,W,Gold
Sydney,2000,Taekwondo,Taekwondo,"TRAN, Hieu Ngan",VIE,Women,49 - 57 kg,W,Silver
Sydney,2000,Taekwondo,Taekwondo,"OKAMOTO, Yoriko",JPN,Women,57 - 67 kg,W,Bronze
Sydney,2000,Taekwondo,Taekwondo,"LEE, Sun-Hee",KOR,Women,57 - 67 kg,W,Gold
Sydney,2000,Taekwondo,Taekwondo,"GUNDERSEN, Trude",NOR,Women,57 - 67 kg,W,Silver
Sydney,2000,Taekwondo,Taekwondo,"SAEI, Hadi",IRI,Men,58 - 68 kg,M,Bronze
Sydney,2000,Taekwondo,Taekwondo,"LOPEZ, Steven",USA,Men,58 - 68 kg,M,Gold
Sydney,2000,Taekwondo,Taekwondo,"SIN, Joon-Sik",KOR,Men,58 - 68 kg,M,Silver
Sydney,2000,Taekwondo,Taekwondo,"ESTRADA GARIBAY, Victor Manuel",MEX,Men,68 - 80 kg,M,Bronze
Sydney,2000,Taekwondo,Taekwondo,"MATOS, Angel Valodia",CUB,Men,68 - 80 kg,M,Gold
Sydney,2000,Taekwondo,Taekwondo,"EBNOUTALIB, Faissal",GER,Men,68 - 80 kg,M,Silver
Sydney,2000,Tennis,Tennis,"CORRETJA, Alex",ESP,Men,doubles,M,Bronze
Sydney,2000,Tennis,Tennis,"COSTA, Alberto",ESP,Men,doubles,M,Bronze
Sydney,2000,Tennis,Tennis,"LAREAU, Sebastien",CAN,Men,doubles,M,Gold
Sydney,2000,Tennis,Tennis,"NESTOR, Daniel",CAN,Men,doubles,M,Gold
Sydney,2000,Tennis,Tennis,"WOODBRIDGE, Todd",AUS,Men,doubles,M,Silver
Sydney,2000,Tennis,Tennis,"WOODFORDE, Mark",AUS,Men,doubles,M,Silver
Sydney,2000,Tennis,Tennis,"CALLENS, Els",BEL,Women,doubles,W,Bronze
Sydney,2000,Tennis,Tennis,"VAN ROOST, Dominique",BEL,Women,doubles,W,Bronze
Sydney,2000,Tennis,Tennis,"WILLIAMS, Serena",USA,Women,doubles,W,Gold
Sydney,2000,Tennis,Tennis,"WILLIAMS, Venus",USA,Women,doubles,W,Gold
Sydney,2000,Tennis,Tennis,"BOOGERT, Kristie",NED,Women,doubles,W,Silver
Sydney,2000,Tennis,Tennis,"OREMANS, Miriam",NED,Women,doubles,W,Silver
Sydney,2000,Tennis,Tennis,"DI PASQUALE, Arnaud",FRA,Men,singles,M,Bronze
Sydney,2000,Tennis,Tennis,"KAFELNIKOV, Eugueni",RUS,Men,singles,M,Gold
Sydney,2000,Tennis,Tennis,"HAAS, Tommy",GER,Men,singles,M,Silver
Sydney,2000,Tennis,Tennis,"SELES, Monica",USA,Women,singles,W,Bronze
Sydney,2000,Tennis,Tennis,"WILLIAMS, Venus",USA,Women,singles,W,Gold
Sydney,2000,Tennis,Tennis,"DEMENTIEVA, Elena",RUS,Women,singles,W,Silver
Sydney,2000,Triathlon,Triathlon,"REHULA, Jan",CZE,Men,Individual,M,Bronze
Sydney,2000,Triathlon,Triathlon,"WHITFIELD, Simon",CAN,Men,Individual,M,Gold
Sydney,2000,Triathlon,Triathlon,"VUCKOVIC, Stephan",GER,Men,Individual,M,Silver
Sydney,2000,Triathlon,Triathlon,"MESSMER, Magali",SUI,Women,Individual,W,Bronze
Sydney,2000,Triathlon,Triathlon,"MCMAHON, Brigitte",SUI,Women,Individual,W,Gold
Sydney,2000,Triathlon,Triathlon,"JONES, Michellie",AUS,Women,Individual,W,Silver
Sydney,2000,Volleyball,Beach volley.,"AHMANN, Jörg",GER,Men,beach volleyball,M,Bronze
