Rome,1960,Athletics,Athletics,"JONES-CARR, Brenda",AUS,Women,800m,W,Silver
Rome,1960,Athletics,Athletics,"KÖHLER-BIRKEMEYER, Gisela",EUA,Women,80m hurdles,W,Bronze
Rome,1960,Athletics,Athletics,"PRESS, Iryna",URS,Women,80m hurdles,W,Gold
Rome,1960,Athletics,Athletics,"QUINTON, Carole Louis",GBR,Women,80m hurdles,W,Silver
Rome,1960,Athletics,Athletics,"KUZNETSOV, Vasili",URS,Men,decathlon,M,Bronze
Rome,1960,Athletics,Athletics,"JOHNSON, Rafer Lewis",USA,Men,decathlon,M,Gold
Rome,1960,Athletics,Athletics,"YANG, Chuan-Kwang",TPE,Men,decathlon,M,Silver
Rome,1960,Athletics,Athletics,"COCHRAN, Richard Lee",USA,Men,discus throw,M,Bronze
Rome,1960,Athletics,Athletics,"OERTER, Alfred",USA,Men,discus throw,M,Gold
Rome,1960,Athletics,Athletics,"BABKA, Richard Aldrich",USA,Men,discus throw,M,Silver
Rome,1960,Athletics,Athletics,"MANOLIU, Lia",ROU,Women,discus throw,W,Bronze
Rome,1960,Athletics,Athletics,"ROMASHKOVA-PONOMAREVA, Nina",URS,Women,discus throw,W,Gold
Rome,1960,Athletics,Athletics,"PRESS, Tamara",URS,Women,discus throw,W,Silver
Rome,1960,Athletics,Athletics,"RUT, Tadeusz",POL,Men,hammer throw,M,Bronze
Rome,1960,Athletics,Athletics,"RUDENKOV, Vasili",URS,Men,hammer throw,M,Gold
Rome,1960,Athletics,Athletics,"ZSIVOTZKY, Gyula",HUN,Men,hammer throw,M,Silver
Rome,1960,Athletics,Athletics,"THOMAS, John Curtis",USA,Men,high jump,M,Bronze
Rome,1960,Athletics,Athletics,"SHAVLAKADZE, Robert",URS,Men,high jump,M,Gold
Rome,1960,Athletics,Athletics,"BRUMEL, Valeri",URS,Men,high jump,M,Silver
Rome,1960,Athletics,Athletics,"BALAS, Iolanda",ROU,Women,high jump,W,Gold
Rome,1960,Athletics,Athletics,"JOZWIAKOWSKA-BIEDA, Jaroslawa",POL,Women,high jump,W,Silver
Rome,1960,Athletics,Athletics,"SHIRLEY, Dorothy Ada",GBR,Women,high jump,W,Silver
Rome,1960,Athletics,Athletics,"KULCSAR, Gergely",HUN,Men,javelin throw,M,Bronze
Rome,1960,Athletics,Athletics,"TSYBULENKO, Viktor",URS,Men,javelin throw,M,Gold
Rome,1960,Athletics,Athletics,"KRÜGER, Walter",EUA,Men,javelin throw,M,Silver
Rome,1960,Athletics,Athletics,"ZALOGAJTITE-KALEDENE, Birute",URS,Women,javelin throw,W,Bronze
Rome,1960,Athletics,Athletics,"OZOLINA, Elvira",URS,Women,javelin throw,W,Gold
Rome,1960,Athletics,Athletics,"INGROVA-ZATOPKOVA, Dana",TCH,Women,javelin throw,W,Silver
Rome,1960,Athletics,Athletics,"TER-OVANESYAN, Igor",URS,Men,long jump,M,Bronze
Rome,1960,Athletics,Athletics,"BOSTON, Ralph Harold",USA,Men,long jump,M,Gold
Rome,1960,Athletics,Athletics,"ROBERSON, Irvin",USA,Men,long jump,M,Silver
Rome,1960,Athletics,Athletics,"CLAUS-LAUFER, Hildrun",EUA,Women,long jump,W,Bronze
Rome,1960,Athletics,Athletics,"KOLASHNIKOVA-KREPKINA, Vera",URS,Women,long jump,W,Gold
Rome,1960,Athletics,Athletics,"DUNSKA-KRZESINSKA, Elzbieta",POL,Women,long jump,W,Silver
Rome,1960,Athletics,Athletics,"MAGEE, Arthur Barry",NZL,Men,marathon,M,Bronze
Rome,1960,Athletics,Athletics,"BIKILA, Abebe",ETH,Men,marathon,M,Gold
Rome,1960,Athletics,Athletics,"RHADI BEN ABDESSELEM, Abdesiem",MAR,Men,marathon,M,Silver
Rome,1960,Athletics,Athletics,"LANDSTRÖM, Eeles Enok",FIN,Men,pole vault,M,Bronze
Rome,1960,Athletics,Athletics,"BRAGG, Donald George",USA,Men,pole vault,M,Gold
Rome,1960,Athletics,Athletics,"MORRIS, Ronald Hugh",USA,Men,pole vault,M,Silver
Rome,1960,Athletics,Athletics,"LONG, Dallas Crutcher III",USA,Men,shot put,M,Bronze
Rome,1960,Athletics,Athletics,"NIEDER, William Henry",USA,Men,shot put,M,Gold
Rome,1960,Athletics,Athletics,"O, William Patrick Jr.",USA,Men,shot put,M,Silver
Rome,1960,Athletics,Athletics,"BROWN, Earlene Dennis",USA,Women,shot put,W,Bronze
Rome,1960,Athletics,Athletics,"PRESS, Tamara",URS,Women,shot put,W,Gold
Rome,1960,Athletics,Athletics,"LÜTTGE-HÜBNER, Johanna",EUA,Women,shot put,W,Silver
Rome,1960,Athletics,Athletics,"KREER, Vitold",URS,Men,triple jump,M,Bronze
Rome,1960,Athletics,Athletics,"SCHMIDT, Jozef",POL,Men,triple jump,M,Gold
Rome,1960,Athletics,Athletics,"GORYAEV, Vladimir",URS,Men,triple jump,M,Silver
Rome,1960,Basketball,Basketball,"BISPO DOS SANTOS, Edson",BRA,Men,basketball,M,Bronze
Rome,1960,Basketball,Basketball,"BLAS, Moyses",BRA,Men,basketball,M,Bronze
Rome,1960,Basketball,Basketball,"BLATKAUSKAS, Waldemar",BRA,Men,basketball,M,Bronze
Rome,1960,Basketball,Basketball,"DE AZEVEDO, Zenny",BRA,Men,basketball,M,Bronze
Rome,1960,Basketball,Basketball,"DE SOUZA, Carmo",BRA,Men,basketball,M,Bronze
Rome,1960,Basketball,Basketball,"DOMINGO MASSONI, Carlos",BRA,Men,basketball,M,Bronze
Rome,1960,Basketball,Basketball,"GERALDO BOCCARDO, Waldyr",BRA,Men,basketball,M,Bronze
Rome,1960,Basketball,Basketball,"MARQUES, Wlamir",BRA,Men,basketball,M,Bronze
Rome,1960,Basketball,Basketball,"PASOS AMAURY, Antonio",BRA,Men,basketball,M,Bronze
Rome,1960,Basketball,Basketball,"PEREIRA DE FREITAS, Fernando",BRA,Men,basketball,M,Bronze
Rome,1960,Basketball,Basketball,"SALVADOR SUCAR, Antonio",BRA,Men,basketball,M,Bronze
Rome,1960,Basketball,Basketball,"SCHALL JATYR, Eduardo",BRA,Men,basketball,M,Bronze
Rome,1960,Basketball,Basketball,"ARNETTE, Jay Hoyland",USA,Men,basketball,M,Gold
Rome,1960,Basketball,Basketball,"BELLAMY, Walter Jones Jr.",USA,Men,basketball,M,Gold
Rome,1960,Basketball,Basketball,"BOOZER, Robert Lewis",USA,Men,basketball,M,Gold
Rome,1960,Basketball,Basketball,"DISCHINGER, Terence Gilbert",USA,Men,basketball,M,Gold
Rome,1960,Basketball,Basketball,"HALDORSSON, Burdette Eliele",USA,Men,basketball,M,Gold
Rome,1960,Basketball,Basketball,"IMHOFF, Darrall Tucker",USA,Men,basketball,M,Gold
Rome,1960,Basketball,Basketball,"KELLEY, Allen Earl",USA,Men,basketball,M,Gold
Rome,1960,Basketball,Basketball,"LANE, Lester E.",USA,Men,basketball,M,Gold
Rome,1960,Basketball,Basketball,"LUCAS, Jeremy Ray",USA,Men,basketball,M,Gold
Rome,1960,Basketball,Basketball,"ROBERTSON, Oscar Palmer",USA,Men,basketball,M,Gold
Rome,1960,Basketball,Basketball,"SMITH, Adrian Howard",USA,Men,basketball,M,Gold
Rome,1960,Basketball,Basketball,"WEST, Jeremy Alan",USA,Men,basketball,M,Gold
Rome,1960,Basketball,Basketball,"KORNEEV, Yuri",URS,Men,basketball,M,Silver
Rome,1960,Basketball,Basketball,"KRUMINS, Yanis",URS,Men,basketball,M,Silver
Rome,1960,Basketball,Basketball,"MINASHVILI, Guram",URS,Men,basketball,M,Silver
Rome,1960,Basketball,Basketball,"MUIZHNIEK, Valdis",URS,Men,basketball,M,Silver
Rome,1960,Basketball,Basketball,"OZER, Tsezar",URS,Men,basketball,M,Silver
Rome,1960,Basketball,Basketball,"PETROV, Aleksandr",URS,Men,basketball,M,Silver
Rome,1960,Basketball,Basketball,"SEMYONOV, Mikhail",URS,Men,basketball,M,Silver
Rome,1960,Basketball,Basketball,"UGREKHELIDZE, Vladimir",URS,Men,basketball,M,Silver
Rome,1960,Basketball,Basketball,"VALDMANIS, Maigonis",URS,Men,basketball,M,Silver
Rome,1960,Basketball,Basketball,"VALTIN, Albert",URS,Men,basketball,M,Silver
Rome,1960,Basketball,Basketball,"VOLNOV, Gennadi",URS,Men,basketball,M,Silver
Rome,1960,Basketball,Basketball,"ZUBKOV, Viktor",URS,Men,basketball,M,Silver
Rome,1960,Boxing,Boxing,"EL GINDY, Abdel Moneim",EGY,Men,- 51kg (flyweight),M,Bronze
Rome,1960,Boxing,Boxing,"TANABE, Kiyoshi",JPN,Men,- 51kg (flyweight),M,Bronze
Rome,1960,Boxing,Boxing,"TÖRÖK, Gyula",HUN,Men,- 51kg (flyweight),M,Gold
Rome,1960,Boxing,Boxing,"SIVKO, Sergei",URS,Men,- 51kg (flyweight),M,Silver
Rome,1960,Boxing,Boxing,"NEMEC, Josef",TCH,Men,+ 81kg (heavyweight),M,Bronze
Rome,1960,Boxing,Boxing,"SIEGMUND, Günter",EUA,Men,+ 81kg (heavyweight),M,Bronze
Rome,1960,Boxing,Boxing,"DE PICCOLI, Francesco",ITA,Men,+ 81kg (heavyweight),M,Gold
Rome,1960,Boxing,Boxing,"BEKKER, Daniel Wepener",RSA,Men,+ 81kg (heavyweight),M,Silver
Rome,1960,Boxing,Boxing,"BENDIG, Brunon",POL,Men,51 - 54kg (bantamweight),M,Bronze
Rome,1960,Boxing,Boxing,"TAYLOR, Oliver",AUS,Men,51 - 54kg (bantamweight),M,Bronze
Rome,1960,Boxing,Boxing,"GRIGORYEV, Oleg",URS,Men,51 - 54kg (bantamweight),M,Gold
Rome,1960,Boxing,Boxing,"ZAMPARINI, Primo",ITA,Men,51 - 54kg (bantamweight),M,Silver
Rome,1960,Boxing,Boxing,"LIMMONEN, Jorma Johannes",FIN,Men,54 - 57kg (featherweight),M,Bronze
Rome,1960,Boxing,Boxing,"MEYERS, William",RSA,Men,54 - 57kg (featherweight),M,Bronze
Rome,1960,Boxing,Boxing,"MUSSO, Francesco",ITA,Men,54 - 57kg (featherweight),M,Gold
Rome,1960,Boxing,Boxing,"ADAMSKI, Jerzy",POL,Men,54 - 57kg (featherweight),M,Silver
Rome,1960,Boxing,Boxing,"LAUDONIO, Abel Ricardo",ARG,Men,57 - 60kg (lightweight),M,Bronze
Rome,1960,Boxing,Boxing,"MCTAGGART, Richard",GBR,Men,57 - 60kg (lightweight),M,Bronze
Rome,1960,Boxing,Boxing,"PAZDZIOR, Kazimierz",POL,Men,57 - 60kg (lightweight),M,Gold
Rome,1960,Boxing,Boxing,"LOPOPOLO, Alessandro",ITA,Men,57 - 60kg (lightweight),M,Silver
Rome,1960,Boxing,Boxing,"DANIELS, Quincey",USA,Men,60 - 63.5kg (light-welterweight),M,Bronze
Rome,1960,Boxing,Boxing,"KASPRZYK, Marian",POL,Men,60 - 63.5kg (light-welterweight),M,Bronze
Rome,1960,Boxing,Boxing,"NEMECEK, Bohumil",TCH,Men,60 - 63.5kg (light-welterweight),M,Gold
Rome,1960,Boxing,Boxing,"QUARTEY, Clement",GHA,Men,60 - 63.5kg (light-welterweight),M,Silver
Rome,1960,Boxing,Boxing,"DROGOSZ, Leszek (Lech)",POL,Men,63.5 - 67kg (welterweight),M,Bronze
Rome,1960,Boxing,Boxing,"LLOYD, James",GBR,Men,63.5 - 67kg (welterweight),M,Bronze
Rome,1960,Boxing,Boxing,"BENVENUTI, Giovanni",ITA,Men,63.5 - 67kg (welterweight),M,Gold
Rome,1960,Boxing,Boxing,"RADONYAK, Yuri",URS,Men,63.5 - 67kg (welterweight),M,Silver
Rome,1960,Boxing,Boxing,"FISHER, William",GBR,Men,67 - 71kg (light-middleweight),M,Bronze
Rome,1960,Boxing,Boxing,"LAGUTIN, Boris",URS,Men,67 - 71kg (light-middleweight),M,Bronze
Rome,1960,Boxing,Boxing,"MCCLURE, Wilbert James",USA,Men,67 - 71kg (light-middleweight),M,Gold
Rome,1960,Boxing,Boxing,"BOSSI, Carmelo",ITA,Men,67 - 71kg (light-middleweight),M,Silver
Rome,1960,Boxing,Boxing,"FEOFANOV, Yevgeni",URS,Men,71-75kg,M,Bronze
Rome,1960,Boxing,Boxing,"MONEA, Ion",ROU,Men,71-75kg,M,Bronze
Rome,1960,Boxing,Boxing,"CROOK, Edward Jr.",USA,Men,71-75kg,M,Gold
Rome,1960,Boxing,Boxing,"WALASEK, Tadeusz",POL,Men,71-75kg,M,Silver
Rome,1960,Boxing,Boxing,"MADIGAN, Anthony",AUS,Men,75 - 81kg (light-heavyweight),M,Bronze
Rome,1960,Boxing,Boxing,"SARAUDI, Giulio",ITA,Men,75 - 81kg (light-heavyweight),M,Bronze
Rome,1960,Boxing,Boxing,"ALI, Muhammad",USA,Men,75 - 81kg (light-heavyweight),M,Gold
Rome,1960,Boxing,Boxing,"PIETRZYKOWSKI, Zbigniew",POL,Men,75 - 81kg (light-heavyweight),M,Silver
Rome,1960,Canoe / Kayak,Canoe / Kayak F,"ROTMAN, Leon",ROU,Men,C-1 1000m (canoe single),M,Bronze
Rome,1960,Canoe / Kayak,Canoe / Kayak F,"PARTI, Janos",HUN,Men,C-1 1000m (canoe single),M,Gold
Rome,1960,Canoe / Kayak,Canoe / Kayak F,"SILAEV, Aleksandr",URS,Men,C-1 1000m (canoe single),M,Silver
Rome,1960,Canoe / Kayak,Canoe / Kayak F,"FARKAS, Imre",HUN,Men,C-2 1000m (canoe double),M,Bronze
Rome,1960,Canoe / Kayak,Canoe / Kayak F,"TÖRO, Andras Istvan",HUN,Men,C-2 1000m (canoe double),M,Bronze
Rome,1960,Canoe / Kayak,Canoe / Kayak F,"GEISHTOR, Leonid",URS,Men,C-2 1000m (canoe double),M,Gold
Rome,1960,Canoe / Kayak,Canoe / Kayak F,"MAKARENKO, Sergei",URS,Men,C-2 1000m (canoe double),M,Gold
Rome,1960,Canoe / Kayak,Canoe / Kayak F,"DEZI, Aldo",ITA,Men,C-2 1000m (canoe double),M,Silver
Rome,1960,Canoe / Kayak,Canoe / Kayak F,"LA MACCHIA, Francesco",ITA,Men,C-2 1000m (canoe double),M,Silver
Rome,1960,Canoe / Kayak,Canoe / Kayak F,"FREDRIKSSON, Gert",SWE,Men,K-1 1000m (kayak single),M,Bronze
Rome,1960,Canoe / Kayak,Canoe / Kayak F,"HANSEN, Erik Rosendahl",DEN,Men,K-1 1000m (kayak single),M,Gold
Rome,1960,Canoe / Kayak,Canoe / Kayak F,"SZÖLLÖSI, Imre",HUN,Men,K-1 1000m (kayak single),M,Silver
Rome,1960,Canoe / Kayak,Canoe / Kayak F,"HANSEN, Erik Rosendahl",DEN,Men,K-1 4x500m,M,Bronze
Rome,1960,Canoe / Kayak,Canoe / Kayak F,"HÖYER, Arne",DEN,Men,K-1 4x500m,M,Bronze
Rome,1960,Canoe / Kayak,Canoe / Kayak F,"JESSEN, Erling",DEN,Men,K-1 4x500m,M,Bronze
Rome,1960,Canoe / Kayak,Canoe / Kayak F,"SÖRENSEN, Helmuth Nyborg",DEN,Men,K-1 4x500m,M,Bronze
Rome,1960,Canoe / Kayak,Canoe / Kayak F,"KRAUSE, Dieter",EUA,Men,K-1 4x500m,M,Gold
Rome,1960,Canoe / Kayak,Canoe / Kayak F,"LANGE, Paul",EUA,Men,K-1 4x500m,M,Gold
Rome,1960,Canoe / Kayak,Canoe / Kayak F,"PERLEBERG, Günther",EUA,Men,K-1 4x500m,M,Gold
Rome,1960,Canoe / Kayak,Canoe / Kayak F,"WENTZKE, Friedhelm",EUA,Men,K-1 4x500m,M,Gold
Rome,1960,Canoe / Kayak,Canoe / Kayak F,"KEMECZEI, Imre",HUN,Men,K-1 4x500m,M,Silver
Rome,1960,Canoe / Kayak,Canoe / Kayak F,"MESZAROS, György",HUN,Men,K-1 4x500m,M,Silver
Rome,1960,Canoe / Kayak,Canoe / Kayak F,"SZENTE, Andras",HUN,Men,K-1 4x500m,M,Silver
Rome,1960,Canoe / Kayak,Canoe / Kayak F,"SZÖLLÖSI, Imre",HUN,Men,K-1 4x500m,M,Silver
Rome,1960,Canoe / Kayak,Canoe / Kayak F,"WALKOWIAK-PILECKA, Daniela",POL,Women,K-1 500m (kayak single),W,Bronze
Rome,1960,Canoe / Kayak,Canoe / Kayak F,"SEREDINA, Antonina",URS,Women,K-1 500m (kayak single),W,Gold
Rome,1960,Canoe / Kayak,Canoe / Kayak F,"ZENZ, Therese",EUA,Women,K-1 500m (kayak single),W,Silver
Rome,1960,Canoe / Kayak,Canoe / Kayak F,"KAPLANIAK, Stefan",POL,Men,K-2 1000m (kayak double),M,Bronze
Rome,1960,Canoe / Kayak,Canoe / Kayak F,"ZIELINSKI, Wladyslaw",POL,Men,K-2 1000m (kayak double),M,Bronze
Rome,1960,Canoe / Kayak,Canoe / Kayak F,"FREDRIKSSON, Gert",SWE,Men,K-2 1000m (kayak double),M,Gold
Rome,1960,Canoe / Kayak,Canoe / Kayak F,"SJÖDELIUS, Sven-Olov",SWE,Men,K-2 1000m (kayak double),M,Gold
Rome,1960,Canoe / Kayak,Canoe / Kayak F,"MESZAROS, György",HUN,Men,K-2 1000m (kayak double),M,Silver
Rome,1960,Canoe / Kayak,Canoe / Kayak F,"SZENTE, Andras",HUN,Men,K-2 1000m (kayak double),M,Silver
Rome,1960,Canoe / Kayak,Canoe / Kayak F,"BANFALVI-FRIED, Klara",HUN,Women,K-2 500m (kayak double),W,Bronze
Rome,1960,Canoe / Kayak,Canoe / Kayak F,"EGRESI, Vilma",HUN,Women,K-2 500m (kayak double),W,Bronze
Rome,1960,Canoe / Kayak,Canoe / Kayak F,"SEREDINA, Antonina",URS,Women,K-2 500m (kayak double),W,Gold
Rome,1960,Canoe / Kayak,Canoe / Kayak F,"SHUBINA, Mariya",URS,Women,K-2 500m (kayak double),W,Gold
Rome,1960,Canoe / Kayak,Canoe / Kayak F,"HARTMANN, Ingrid",EUA,Women,K-2 500m (kayak double),W,Silver
Rome,1960,Canoe / Kayak,Canoe / Kayak F,"ZENZ, Therese",EUA,Women,K-2 500m (kayak double),W,Silver
Rome,1960,Cycling,Cycling Road,"VAN DEN BERGHEN, Willy",BEL,Men,individual road race,M,Bronze
Rome,1960,Cycling,Cycling Road,"KAPITONOV, Viktor",URS,Men,individual road race,M,Gold
Rome,1960,Cycling,Cycling Road,"TRAPE, Livio",ITA,Men,individual road race,M,Silver
Rome,1960,Cycling,Cycling Road,"KAPITONOV, Viktor",URS,Men,team time trial,M,Bronze
Rome,1960,Cycling,Cycling Road,"KLEVTSOV, Yevgeni",URS,Men,team time trial,M,Bronze
Rome,1960,Cycling,Cycling Road,"MELIKHOV, Yuri",URS,Men,team time trial,M,Bronze
Rome,1960,Cycling,Cycling Road,"PETROV, Aleksei",URS,Men,team time trial,M,Bronze
Rome,1960,Cycling,Cycling Road,"BAILETTI, Antonio",ITA,Men,team time trial,M,Gold
Rome,1960,Cycling,Cycling Road,"COGLIATI, Ottavio",ITA,Men,team time trial,M,Gold
Rome,1960,Cycling,Cycling Road,"FORNONI, Giacomo",ITA,Men,team time trial,M,Gold
Rome,1960,Cycling,Cycling Road,"TRAPE, Livio",ITA,Men,team time trial,M,Gold
Rome,1960,Cycling,Cycling Road,"ADLER, Egon",EUA,Men,team time trial,M,Silver
Rome,1960,Cycling,Cycling Road,"HAGEN, Erich",EUA,Men,team time trial,M,Silver
Rome,1960,Cycling,Cycling Road,"LÖRKE, Günter",EUA,Men,team time trial,M,Silver
Rome,1960,Cycling,Cycling Road,"SCHUR, Gustav-Adolf",EUA,Men,team time trial,M,Silver
Rome,1960,Cycling,Cycling Track,"VARGASHKIN, Rostislav",URS,Men,1km time trial,M,Bronze
Rome,1960,Cycling,Cycling Track,"GAIARDONI, Sante",ITA,Men,1km time trial,M,Gold
Rome,1960,Cycling,Cycling Track,"GIESELER, Dietrich (Dieter)",EUA,Men,1km time trial,M,Silver
Rome,1960,Cycling,Cycling Track,"LEONOV, Vladimir",URS,Men,2000m tandem,M,Bronze
Rome,1960,Cycling,Cycling Track,"VASILYEV, Boris",URS,Men,2000m tandem,M,Bronze
Rome,1960,Cycling,Cycling Track,"BEGHETTO, Giuseppe",ITA,Men,2000m tandem,M,Gold
Rome,1960,Cycling,Cycling Track,"BIANCHETTO, Sergio",ITA,Men,2000m tandem,M,Gold
Rome,1960,Cycling,Cycling Track,"SIMON, Jürgen",EUA,Men,2000m tandem,M,Silver
Rome,1960,Cycling,Cycling Track,"STÄBER, Lothar",EUA,Men,2000m tandem,M,Silver
Rome,1960,Cycling,Cycling Track,"GASPARELLA, Valentino",ITA,Men,Sprint indivual,M,Bronze
Rome,1960,Cycling,Cycling Track,"GAIARDONI, Sante",ITA,Men,Sprint indivual,M,Gold
Rome,1960,Cycling,Cycling Track,"STERCKX, Leo",BEL,Men,Sprint indivual,M,Silver
Rome,1960,Cycling,Cycling Track,"BELGARDT, Arnold",URS,Men,Team Pursuit (4000m),M,Bronze
Rome,1960,Cycling,Cycling Track,"KOLUMBET, Leonid",URS,Men,Team Pursuit (4000m),M,Bronze
Rome,1960,Cycling,Cycling Track,"MOSKVIN, Stanislav",URS,Men,Team Pursuit (4000m),M,Bronze
Rome,1960,Cycling,Cycling Track,"ROMANOV, Viktor",URS,Men,Team Pursuit (4000m),M,Bronze
Rome,1960,Cycling,Cycling Track,"ARIENTI, Luigi",ITA,Men,Team Pursuit (4000m),M,Gold
Rome,1960,Cycling,Cycling Track,"TESTA, Franco",ITA,Men,Team Pursuit (4000m),M,Gold
Rome,1960,Cycling,Cycling Track,"VALLOTTO, Mario",ITA,Men,Team Pursuit (4000m),M,Gold
Rome,1960,Cycling,Cycling Track,"VIGNA, Marino",ITA,Men,Team Pursuit (4000m),M,Gold
Rome,1960,Cycling,Cycling Track,"BARLEBEN, Bernd",EUA,Men,Team Pursuit (4000m),M,Silver
Rome,1960,Cycling,Cycling Track,"GRÖNING, Peter",EUA,Men,Team Pursuit (4000m),M,Silver
Rome,1960,Cycling,Cycling Track,"KLIEME, Manfred",EUA,Men,Team Pursuit (4000m),M,Silver
Rome,1960,Cycling,Cycling Track,"KÖHLER, Siegfried",EUA,Men,Team Pursuit (4000m),M,Silver
Rome,1960,Equestrian,Dressage,"NECKERMANN, Josef",EUA,Men,individual,X,Bronze
Rome,1960,Equestrian,Dressage,"FILATOV, Sergei",URS,Men,individual,X,Gold
Rome,1960,Equestrian,Dressage,"FISCHER, Gustav",SUI,Men,individual,X,Silver
Rome,1960,Equestrian,Eventing,"BÜHLER, Anton",SUI,Men,individual,X,Bronze
Rome,1960,Equestrian,Eventing,"MORGAN, Laurence Robert",AUS,Men,individual,X,Gold
Rome,1960,Equestrian,Eventing,"LAVIS, Neil John",AUS,Men,individual,X,Silver
Rome,1960,Equestrian,Eventing,"LE GOFF, Jack Louis J.",FRA,Men,team,X,Bronze
Rome,1960,Equestrian,Eventing,"LE ROY, Jehan Raymond",FRA,Men,team,X,Bronze
Rome,1960,Equestrian,Eventing,"LEFRANT, Guy Robert Marie",FRA,Men,team,X,Bronze
Rome,1960,Equestrian,Eventing,"LAVIS, Neil John",AUS,Men,team,X,Gold
Rome,1960,Equestrian,Eventing,"MORGAN, Laurence Robert",AUS,Men,team,X,Gold
Rome,1960,Equestrian,Eventing,"ROYCROFT, William",AUS,Men,team,X,Gold
Rome,1960,Equestrian,Eventing,"BÜHLER, Anton",SUI,Men,team,X,Silver
Rome,1960,Equestrian,Eventing,"GUNTHARDT, Rudolf",SUI,Men,team,X,Silver
Rome,1960,Equestrian,Eventing,"SCHWARZENBACH, Hans Herbert",SUI,Men,team,X,Silver
Rome,1960,Equestrian,Jumping,"BROOME, David Mcpherson",GBR,Men,individual,X,Bronze
Rome,1960,Equestrian,Jumping,"D'INZEO, Raimondo",ITA,Men,individual,X,Gold
Rome,1960,Equestrian,Jumping,"D'INZEO, Piero",ITA,Men,individual,X,Silver
Rome,1960,Equestrian,Jumping,"D'INZEO, Piero",ITA,Men,team,X,Bronze
Rome,1960,Equestrian,Jumping,"D'INZEO, Raimondo",ITA,Men,team,X,Bronze
Rome,1960,Equestrian,Jumping,"OPPES, Antonio",ITA,Men,team,X,Bronze
Rome,1960,Equestrian,Jumping,"SCHOCKEMÖHLE, Alwin",EUA,Men,team,X,Gold
Rome,1960,Equestrian,Jumping,"THIEDEMANN, Fritz",EUA,Men,team,X,Gold
Rome,1960,Equestrian,Jumping,"WINKLER, Hans Günter",EUA,Men,team,X,Gold
Rome,1960,Equestrian,Jumping,"CHAPOT, Frank Davis",USA,Men,team,X,Silver
Rome,1960,Equestrian,Jumping,"MORRIS, George Hayes",USA,Men,team,X,Silver
Rome,1960,Equestrian,Jumping,"STEINKRAUS, William Clark",USA,Men,team,X,Silver
Rome,1960,Fencing,Fencing,"KHABAROV, Bruno",URS,Men,épée individual,M,Bronze
Rome,1960,Fencing,Fencing,"DELFINO, Giuseppe",ITA,Men,épée individual,M,Gold
Rome,1960,Fencing,Fencing,"JAY, Allan Louis Neville",GBR,Men,épée individual,M,Silver
Rome,1960,Fencing,Fencing,"CHERNIKOV, Valentin",URS,Men,épée team,M,Bronze
Rome,1960,Fencing,Fencing,"CHERNUSHEVICH, Arnold",URS,Men,épée team,M,Bronze
Rome,1960,Fencing,Fencing,"KHABAROV, Bruno",URS,Men,épée team,M,Bronze
Rome,1960,Fencing,Fencing,"KOSTAVA, Guram",URS,Men,épée team,M,Bronze
Rome,1960,Fencing,Fencing,"PAVLOVSKY, Aleksandr",URS,Men,épée team,M,Bronze
Rome,1960,Fencing,Fencing,"DELFINO, Giuseppe",ITA,Men,épée team,M,Gold
Rome,1960,Fencing,Fencing,"MANGIAROTTI, Edoardo",ITA,Men,épée team,M,Gold
Rome,1960,Fencing,Fencing,"MARINI, Fiorenzo",ITA,Men,épée team,M,Gold
Rome,1960,Fencing,Fencing,"PAVESI, Carlo",ITA,Men,épée team,M,Gold
Rome,1960,Fencing,Fencing,"PELLEGRINO, Alberto",ITA,Men,épée team,M,Gold
Rome,1960,Fencing,Fencing,"SACCARO, Gianluigi",ITA,Men,épée team,M,Gold
Rome,1960,Fencing,Fencing,"ALEXANDER, Michael O'Donel",GBR,Men,épée team,M,Silver
Rome,1960,Fencing,Fencing,"HARRISON, Raymond Alan",GBR,Men,épée team,M,Silver
Rome,1960,Fencing,Fencing,"HOSKYNS, Henry William Furse",GBR,Men,épée team,M,Silver
Rome,1960,Fencing,Fencing,"HOWARD, Michael John Peter",GBR,Men,épée team,M,Silver
Rome,1960,Fencing,Fencing,"JAY, Allan Louis Neville",GBR,Men,épée team,M,Silver
Rome,1960,Fencing,Fencing,"PELLING, John Albert",GBR,Men,épée team,M,Silver
Rome,1960,Fencing,Fencing,"AXELROD, Albert",USA,Men,foil individual,M,Bronze
Rome,1960,Fencing,Fencing,"ZHDANOVICH, Viktor",URS,Men,foil individual,M,Gold
Rome,1960,Fencing,Fencing,"SISIKIN, Yuri",URS,Men,foil individual,M,Silver
Rome,1960,Fencing,Fencing,"VICOL, Maria",ROU,Women,foil individual,W,Bronze
Rome,1960,Fencing,Fencing,"SCHMID, Adelheid Barbara",EUA,Women,foil individual,W,Gold
Rome,1960,Fencing,Fencing,"RASTVOROVA, Valentina",URS,Women,foil individual,W,Silver
Rome,1960,Fencing,Fencing,"BRECHT, Jürgen",EUA,Men,foil team,M,Bronze
Rome,1960,Fencing,Fencing,"GERRESHEIM, Timothaus (Tim)",EUA,Men,foil team,M,Bronze
Rome,1960,Fencing,Fencing,"MEHL, Eberhard",EUA,Men,foil team,M,Bronze
Rome,1960,Fencing,Fencing,"THEUERKAUFF, Jürgen",EUA,Men,foil team,M,Bronze
Rome,1960,Fencing,Fencing,"MIDLER, Mark",URS,Men,foil team,M,Gold
Rome,1960,Fencing,Fencing,"RUDOV, Yuri",URS,Men,foil team,M,Gold
Rome,1960,Fencing,Fencing,"SISIKIN, Yuri",URS,Men,foil team,M,Gold
Rome,1960,Fencing,Fencing,"SVESHNIKOV, German",URS,Men,foil team,M,Gold
Rome,1960,Fencing,Fencing,"ZHDANOVICH, Viktor",URS,Men,foil team,M,Gold
Rome,1960,Fencing,Fencing,"AUREGGI, Aldo",ITA,Men,foil team,M,Silver
Rome,1960,Fencing,Fencing,"CARPANEDA, Luigi Arturo",ITA,Men,foil team,M,Silver
Rome,1960,Fencing,Fencing,"CURLETTO, Mario",ITA,Men,foil team,M,Silver
Rome,1960,Fencing,Fencing,"MANGIAROTTI, Edoardo",ITA,Men,foil team,M,Silver
Rome,1960,Fencing,Fencing,"PELLEGRINO, Alberto",ITA,Men,foil team,M,Silver
Rome,1960,Fencing,Fencing,"CAMBER, Irene",ITA,Women,foil team,W,Bronze
Rome,1960,Fencing,Fencing,"CESARI, Velleda",ITA,Women,foil team,W,Bronze
Rome,1960,Fencing,Fencing,"COLOMBETTI, Bruna",ITA,Women,foil team,W,Bronze
Rome,1960,Fencing,Fencing,"PASINI, Claudia",ITA,Women,foil team,W,Bronze
Rome,1960,Fencing,Fencing,"RAGNO-LONZI, Antonella",ITA,Women,foil team,W,Bronze
Rome,1960,Fencing,Fencing,"GOROKHOVA, Galina",URS,Women,foil team,W,Gold
Rome,1960,Fencing,Fencing,"PETRENKO-SAMUSENKO, Tatyana",URS,Women,foil team,W,Gold
Rome,1960,Fencing,Fencing,"PRUDSKOVA, Valentina",URS,Women,foil team,W,Gold
Rome,1960,Fencing,Fencing,"RASTVOROVA, Valentina",URS,Women,foil team,W,Gold
Rome,1960,Fencing,Fencing,"SHISHOVA, Lyudmila",URS,Women,foil team,W,Gold
Rome,1960,Fencing,Fencing,"ZABELINA, Aleksandra",URS,Women,foil team,W,Gold
Rome,1960,Fencing,Fencing,"DÖMÖLKI-SAKOVICS, Lidia",HUN,Women,foil team,W,Silver
Rome,1960,Fencing,Fencing,"JUHASZ-NAGY, Katalin",HUN,Women,foil team,W,Silver
Rome,1960,Fencing,Fencing,"NYARI-KOVACS, Magdolna",HUN,Women,foil team,W,Silver
Rome,1960,Fencing,Fencing,"REJTO-UJLAKI, Ildiko",HUN,Women,foil team,W,Silver
Rome,1960,Fencing,Fencing,"SZEKELY-MARVALICS, Györgyi",HUN,Women,foil team,W,Silver
Rome,1960,Fencing,Fencing,"CALARESE, Wladimiro",ITA,Men,sabre individual,M,Bronze
Rome,1960,Fencing,Fencing,"KARPATI, Rudolf",HUN,Men,sabre individual,M,Gold
Rome,1960,Fencing,Fencing,"HORVATH, Zoltan",HUN,Men,sabre individual,M,Silver
Rome,1960,Fencing,Fencing,"CALANCHINI, Giampaolo",ITA,Men,sabre team,M,Bronze
Rome,1960,Fencing,Fencing,"CALARESE, Wladimiro",ITA,Men,sabre team,M,Bronze
Rome,1960,Fencing,Fencing,"CHICCA, Pierluigi",ITA,Men,sabre team,M,Bronze
Rome,1960,Fencing,Fencing,"FERRARI, Roberto",ITA,Men,sabre team,M,Bronze
Rome,1960,Fencing,Fencing,"RAVAGNAN, Mario",ITA,Men,sabre team,M,Bronze
Rome,1960,Fencing,Fencing,"DELNEKI, Gabor",HUN,Men,sabre team,M,Gold
Rome,1960,Fencing,Fencing,"GEREVICH, Aladar",HUN,Men,sabre team,M,Gold
Rome,1960,Fencing,Fencing,"HORVATH, Zoltan",HUN,Men,sabre team,M,Gold
Rome,1960,Fencing,Fencing,"KARPATI, Rudolf",HUN,Men,sabre team,M,Gold
Rome,1960,Fencing,Fencing,"KOVACS, Pal Adam",HUN,Men,sabre team,M,Gold
Rome,1960,Fencing,Fencing,"MENDELENYI, Tamas",HUN,Men,sabre team,M,Gold
Rome,1960,Fencing,Fencing,"KUSZEWSKI, Marian Zygmunt",POL,Men,sabre team,M,Silver
Rome,1960,Fencing,Fencing,"OCHYRA, Emil Antoni",POL,Men,sabre team,M,Silver
Rome,1960,Fencing,Fencing,"PAWLOWSKI, Jerzy",POL,Men,sabre team,M,Silver
Rome,1960,Fencing,Fencing,"PIATKOWSKI, Andrzej Ryszard",POL,Men,sabre team,M,Silver
Rome,1960,Fencing,Fencing,"ZABLOCKI, Wojciech",POL,Men,sabre team,M,Silver
Rome,1960,Fencing,Fencing,"ZUB, Ryszard",POL,Men,sabre team,M,Silver
Rome,1960,Football,Football,"ALBERT, Florian",HUN,Men,football,M,Bronze
Rome,1960,Football,Football,"DALNOKI, Jenö",HUN,Men,football,M,Bronze
Rome,1960,Football,Football,"DUDAS, Zoltan",HUN,Men,football,M,Bronze
Rome,1960,Football,Football,"DUNAI, Janos",HUN,Men,football,M,Bronze
Rome,1960,Football,Football,"FARAGO, Lajos",HUN,Men,football,M,Bronze
Rome,1960,Football,Football,"GÖRÖCS, Janos",HUN,Men,football,M,Bronze
Rome,1960,Football,Football,"KOVACS, Ferenc",HUN,Men,football,M,Bronze
Rome,1960,Football,Football,"NOVAK, Dezsö",HUN,Men,football,M,Bronze
Rome,1960,Football,Football,"OROSZ, Pal",HUN,Men,football,M,Bronze
Rome,1960,Football,Football,"PAL, Laszlo (Tibor)",HUN,Men,football,M,Bronze
Rome,1960,Football,Football,"PAL, Tibor (Laszlo)",HUN,Men,football,M,Bronze
Rome,1960,Football,Football,"RAKOSI, Gyula",HUN,Men,football,M,Bronze
Rome,1960,Football,Football,"SATORI, Imre",HUN,Men,football,M,Bronze
Rome,1960,Football,Football,"SOLYMOSI, Ernö",HUN,Men,football,M,Bronze
Rome,1960,Football,Football,"TÖRÖK, Gabor",HUN,Men,football,M,Bronze
Rome,1960,Football,Football,"VARHIDI, Pal",HUN,Men,football,M,Bronze
Rome,1960,Football,Football,"VILEZSAL, Oszkar",HUN,Men,football,M,Bronze
Rome,1960,Football,Football,"ANKOVIC, Andrija",YUG,Men,football,M,Gold
Rome,1960,Football,Football,"DURKOVIC, Vladimir",YUG,Men,football,M,Gold
Rome,1960,Football,Football,"GALIC, Milan",YUG,Men,football,M,Gold
Rome,1960,Football,Football,"JUSUFI, Fahrudin",YUG,Men,football,M,Gold
Rome,1960,Football,Football,"KNEZ, Tomislav",YUG,Men,football,M,Gold
Rome,1960,Football,Football,"KOSTIC, Borivoje",YUG,Men,football,M,Gold
Rome,1960,Football,Football,"KOZLINA, Aleksandar",YUG,Men,football,M,Gold
Rome,1960,Football,Football,"MARAVIC, Dusan",YUG,Men,football,M,Gold
Rome,1960,Football,Football,"MATUS, Zeljko",YUG,Men,football,M,Gold
Rome,1960,Football,Football,"PERUSIC, Zeljko",YUG,Men,football,M,Gold
Rome,1960,Football,Football,"ROGANOVIC, Novak",YUG,Men,football,M,Gold
Rome,1960,Football,Football,"SOMBOLAC, Velimir",YUG,Men,football,M,Gold
Rome,1960,Football,Football,"SOSKIC, Milutin",YUG,Men,football,M,Gold
Rome,1960,Football,Football,"TAKAC, Silvester",YUG,Men,football,M,Gold
Rome,1960,Football,Football,"VIDINIC, Blagoje",YUG,Men,football,M,Gold
Rome,1960,Football,Football,"ZANETIC, Ante",YUG,Men,football,M,Gold
Rome,1960,Football,Football,"ANDERSEN, Paul Kuhlmann",DEN,Men,football,M,Silver
Rome,1960,Football,Football,"DANIELSEN, John",DEN,Men,football,M,Silver
Rome,1960,Football,Football,"ENOKSEN, Henning Lynggaard",DEN,Men,football,M,Silver
Rome,1960,Football,Football,"FROM, Henry Petersen",DEN,Men,football,M,Silver
Rome,1960,Football,Football,"HANSEN, Bent",DEN,Men,football,M,Silver
Rome,1960,Football,Football,"JENSEN, Poul",DEN,Men,football,M,Silver
Rome,1960,Football,Football,"NIELSEN, Flemming Gert",DEN,Men,football,M,Silver
Rome,1960,Football,Football,"NIELSEN, Hans Christian W.",DEN,Men,football,M,Silver
Rome,1960,Football,Football,"NIELSEN, Harald Ingemann",DEN,Men,football,M,Silver
Rome,1960,Football,Football,"PEDERSEN, Poul Ebbesen",DEN,Men,football,M,Silver
Rome,1960,Football,Football,"SÖRENSEN, Jörn",DEN,Men,football,M,Silver
Rome,1960,Football,Football,"TROELSEN, Tommy Brian",DEN,Men,football,M,Silver
Rome,1960,Gymnastics,Artistic G.,"MURATOVA, Sofiya",URS,Women,balance beam,W,Bronze
Rome,1960,Gymnastics,Artistic G.,"VECHTOVA-BOSAKOVA, Eva",TCH,Women,balance beam,W,Gold
Rome,1960,Gymnastics,Artistic G.,"LATYNINA, Larisa",URS,Women,balance beam,W,Silver
Rome,1960,Gymnastics,Artistic G.,"MENICHELLI, Franco",ITA,Men,floor exercises,M,Bronze
Rome,1960,Gymnastics,Artistic G.,"AIHARA, Nobuyuki",JPN,Men,floor exercises,M,Gold
Rome,1960,Gymnastics,Artistic G.,"TITOV, Yuri",URS,Men,floor exercises,M,Silver
Rome,1960,Gymnastics,Artistic G.,"LYUKHINA-ZAMOTAILOVA, Tamara",URS,Women,floor exercises,W,Bronze
Rome,1960,Gymnastics,Artistic G.,"LATYNINA, Larisa",URS,Women,floor exercises,W,Gold
Rome,1960,Gymnastics,Artistic G.,"ASTAKHOVA, Polina",URS,Women,floor exercises,W,Silver
Rome,1960,Gymnastics,Artistic G.,"SHAKHLIN, Boris",URS,Men,horizontal bar,M,Bronze
Rome,1960,Gymnastics,Artistic G.,"ONO, Takashi",JPN,Men,horizontal bar,M,Gold
Rome,1960,Gymnastics,Artistic G.,"TAKEMOTO, Masao",JPN,Men,horizontal bar,M,Silver
Rome,1960,Gymnastics,Artistic G.,"TITOV, Yuri",URS,Men,individual all-round,M,Bronze
Rome,1960,Gymnastics,Artistic G.,"SHAKHLIN, Boris",URS,Men,individual all-round,M,Gold
Rome,1960,Gymnastics,Artistic G.,"ONO, Takashi",JPN,Men,individual all-round,M,Silver
Rome,1960,Gymnastics,Artistic G.,"ASTAKHOVA, Polina",URS,Women,individual all-round,W,Bronze
Rome,1960,Gymnastics,Artistic G.,"LATYNINA, Larisa",URS,Women,individual all-round,W,Gold
Rome,1960,Gymnastics,Artistic G.,"MURATOVA, Sofiya",URS,Women,individual all-round,W,Silver
Rome,1960,Gymnastics,Artistic G.,"ONO, Takashi",JPN,Men,parallel bars,M,Bronze
Rome,1960,Gymnastics,Artistic G.,"SHAKHLIN, Boris",URS,Men,parallel bars,M,Gold
Rome,1960,Gymnastics,Artistic G.,"CARMINUCCI, Giovanni",ITA,Men,parallel bars,M,Silver
Rome,1960,Gymnastics,Artistic G.,"TSURUMI, Shuji",JPN,Men,pommel horse,M,Bronze
Rome,1960,Gymnastics,Artistic G.,"EKMAN, Eugen Georg Oskar",FIN,Men,pommel horse,M,Gold
Rome,1960,Gymnastics,Artistic G.,"SHAKHLIN, Boris",URS,Men,pommel horse,M,Gold
Rome,1960,Gymnastics,Artistic G.,"KAPSAZOV, Velik Nikolov",BUL,Men,rings,M,Bronze
Rome,1960,Gymnastics,Artistic G.,"ONO, Takashi",JPN,Men,rings,M,Bronze
Rome,1960,Gymnastics,Artistic G.,"AZARYAN, Albert",URS,Men,rings,M,Gold
Rome,1960,Gymnastics,Artistic G.,"SHAKHLIN, Boris",URS,Men,rings,M,Silver
Rome,1960,Gymnastics,Artistic G.,"CARMINUCCI, Giovanni",ITA,Men,team competition,M,Bronze
Rome,1960,Gymnastics,Artistic G.,"CARMINUCCI, Pasquale",ITA,Men,team competition,M,Bronze
Rome,1960,Gymnastics,Artistic G.,"MARZOLLA, Gianfranco",ITA,Men,team competition,M,Bronze
Rome,1960,Gymnastics,Artistic G.,"MENICHELLI, Franco",ITA,Men,team competition,M,Bronze
Rome,1960,Gymnastics,Artistic G.,"POLMONARI, Orlando",ITA,Men,team competition,M,Bronze
Rome,1960,Gymnastics,Artistic G.,"VICARDI, Angelo",ITA,Men,team competition,M,Bronze
Rome,1960,Gymnastics,Artistic G.,"AIHARA, Nobuyuki",JPN,Men,team competition,M,Gold
Rome,1960,Gymnastics,Artistic G.,"ENDO, Yukio",JPN,Men,team competition,M,Gold
Rome,1960,Gymnastics,Artistic G.,"MITSUKURI, Takashi",JPN,Men,team competition,M,Gold
Rome,1960,Gymnastics,Artistic G.,"ONO, Takashi",JPN,Men,team competition,M,Gold
Rome,1960,Gymnastics,Artistic G.,"TAKEMOTO, Masao",JPN,Men,team competition,M,Gold
Rome,1960,Gymnastics,Artistic G.,"TSURUMI, Shuji",JPN,Men,team competition,M,Gold
Rome,1960,Gymnastics,Artistic G.,"AZARYAN, Albert",URS,Men,team competition,M,Silver
Rome,1960,Gymnastics,Artistic G.,"KERDEMILIDI, Valeri",URS,Men,team competition,M,Silver
Rome,1960,Gymnastics,Artistic G.,"MILIGULO, Nikolai",URS,Men,team competition,M,Silver
Rome,1960,Gymnastics,Artistic G.,"PORTNOI, Vladimir",URS,Men,team competition,M,Silver
Rome,1960,Gymnastics,Artistic G.,"SHAKHLIN, Boris",URS,Men,team competition,M,Silver
Rome,1960,Gymnastics,Artistic G.,"TITOV, Yuri",URS,Men,team competition,M,Silver
Rome,1960,Gymnastics,Artistic G.,"IONESCU-ALBU, Atanasia",ROU,Women,team competition,W,Bronze
Rome,1960,Gymnastics,Artistic G.,"IOVAN-INOVAN, Sonia",ROU,Women,team competition,W,Bronze
Rome,1960,Gymnastics,Artistic G.,"LEUSTEANU-POPESCU-TEODORESCU, Elena",ROU,Women,team competition,W,Bronze
Rome,1960,Gymnastics,Artistic G.,"MARGARIT-NICULESCU, Elena",ROU,Women,team competition,W,Bronze
Rome,1960,Gymnastics,Artistic G.,"PORECEANU-SCHLAND, Uta",ROU,Women,team competition,W,Bronze
Rome,1960,Gymnastics,Artistic G.,"VATASOIU-LITA, Emilia",ROU,Women,team competition,W,Bronze
Rome,1960,Gymnastics,Artistic G.,"ASTAKHOVA, Polina",URS,Women,team competition,W,Gold
Rome,1960,Gymnastics,Artistic G.,"KALININA-IVANOVA, Lidiya",URS,Women,team competition,W,Gold
Rome,1960,Gymnastics,Artistic G.,"LATYNINA, Larisa",URS,Women,team competition,W,Gold
Rome,1960,Gymnastics,Artistic G.,"LYUKHINA-ZAMOTAILOVA, Tamara",URS,Women,team competition,W,Gold
Rome,1960,Gymnastics,Artistic G.,"MURATOVA, Sofiya",URS,Women,team competition,W,Gold
Rome,1960,Gymnastics,Artistic G.,"NIKOLAEVA, Margarita",URS,Women,team competition,W,Gold
Rome,1960,Gymnastics,Artistic G.,"CASLAVSKA, Vera",TCH,Women,team competition,W,Silver
Rome,1960,Gymnastics,Artistic G.,"RUZICKOVA, Hana",TCH,Women,team competition,W,Silver
Rome,1960,Gymnastics,Artistic G.,"SINOVA-MATOUSKOVA, Matylda",TCH,Women,team competition,W,Silver
Rome,1960,Gymnastics,Artistic G.,"SVEDOVA, Ludmila",TCH,Women,team competition,W,Silver
Rome,1960,Gymnastics,Artistic G.,"TACOVA-TKACIKOVA, Adolfina",TCH,Women,team competition,W,Silver
Rome,1960,Gymnastics,Artistic G.,"VECHTOVA-BOSAKOVA, Eva",TCH,Women,team competition,W,Silver
Rome,1960,Gymnastics,Artistic G.,"LYUKHINA-ZAMOTAILOVA, Tamara",URS,Women,uneven bars,W,Bronze
Rome,1960,Gymnastics,Artistic G.,"ASTAKHOVA, Polina",URS,Women,uneven bars,W,Gold
Rome,1960,Gymnastics,Artistic G.,"LATYNINA, Larisa",URS,Women,uneven bars,W,Silver
Rome,1960,Gymnastics,Artistic G.,"PORTNOI, Vladimir",URS,Men,vault,M,Bronze
Rome,1960,Gymnastics,Artistic G.,"ONO, Takashi",JPN,Men,vault,M,Gold
Rome,1960,Gymnastics,Artistic G.,"SHAKHLIN, Boris",URS,Men,vault,M,Gold
Rome,1960,Gymnastics,Artistic G.,"LATYNINA, Larisa",URS,Women,vault,W,Bronze
Rome,1960,Gymnastics,Artistic G.,"NIKOLAEVA, Margarita",URS,Women,vault,W,Gold
Rome,1960,Gymnastics,Artistic G.,"MURATOVA, Sofiya",URS,Women,vault,W,Silver
Rome,1960,Hockey,Hockey,"AMAT FONTANALS, Pedro",ESP,Men,hockey,M,Bronze
Rome,1960,Hockey,Hockey,"CABALLER SOTERAS, Francisco",ESP,Men,hockey,M,Bronze
Rome,1960,Hockey,Hockey,"CALZADO DE CASTRO, Juan Angel",ESP,Men,hockey,M,Bronze
Rome,1960,Hockey,Hockey,"COLOMER RIBAS, Jose",ESP,Men,hockey,M,Bronze
Rome,1960,Hockey,Hockey,"DEL COSO IGLESIAS, Carlos",ESP,Men,hockey,M,Bronze
Rome,1960,Hockey,Hockey,"DINARES MASSAGUE, Jose Antonio",ESP,Men,hockey,M,Bronze
Rome,1960,Hockey,Hockey,"DUALDE SANTOS DE LA MADRID, Eduardo",ESP,Men,hockey,M,Bronze
Rome,1960,Hockey,Hockey,"DUALDE SANTOS DE LA MADRID, Joaquin",ESP,Men,hockey,M,Bronze
Rome,1960,Hockey,Hockey,"EGUSQUIZA BASTERRA, Rafael",ESP,Men,hockey,M,Bronze
Rome,1960,Hockey,Hockey,"MACAYA SANTOS DE LA MADRID, Ignacio",ESP,Men,hockey,M,Bronze
Rome,1960,Hockey,Hockey,"MURUA LEGUIZAMON, Pedro",ESP,Men,hockey,M,Bronze
Rome,1960,Hockey,Hockey,"ROIG JUNYENT, Pedro",ESP,Men,hockey,M,Bronze
Rome,1960,Hockey,Hockey,"USOZ QUINTANA, Luis Maria",ESP,Men,hockey,M,Bronze
Rome,1960,Hockey,Hockey,"VENTALLO SURRALLES, Narciso",ESP,Men,hockey,M,Bronze
Rome,1960,Hockey,Hockey,"ABDUL, Hamid",PAK,Men,hockey,M,Gold
Rome,1960,Hockey,Hockey,"ABDUL, Rashid I",PAK,Men,hockey,M,Gold
Rome,1960,Hockey,Hockey,"ABDUL, Waheed",PAK,Men,hockey,M,Gold
Rome,1960,Hockey,Hockey,"BASHIR, Ahmad",PAK,Men,hockey,M,Gold
Rome,1960,Hockey,Hockey,"GHULAM, Rasul",PAK,Men,hockey,M,Gold
Rome,1960,Hockey,Hockey,"KHAN, Anwar Ahmad",PAK,Men,hockey,M,Gold
Rome,1960,Hockey,Hockey,"KHURSHEED, Aslam",PAK,Men,hockey,M,Gold
Rome,1960,Hockey,Hockey,"KIDDI, Habib Ali",PAK,Men,hockey,M,Gold
Rome,1960,Hockey,Hockey,"MANZOOR, Hussain Atif",PAK,Men,hockey,M,Gold
Rome,1960,Hockey,Hockey,"MUSHTAQ, Ahmed",PAK,Men,hockey,M,Gold
Rome,1960,Hockey,Hockey,"MUTTI, Ullah",PAK,Men,hockey,M,Gold
Rome,1960,Hockey,Hockey,"NASIR, Ahmad",PAK,Men,hockey,M,Gold
Rome,1960,Hockey,Hockey,"NOOR, Alam",PAK,Men,hockey,M,Gold
Rome,1960,Hockey,Hockey,"ANTIC, Joseph",IND,Men,hockey,M,Silver
Rome,1960,Hockey,Hockey,"CLAUDIUS, Leslie Walter",IND,Men,hockey,M,Silver
Rome,1960,Hockey,Hockey,"LAL SHARMA, Jaman",IND,Men,hockey,M,Silver
Rome,1960,Hockey,Hockey,"LAL, Mohinder",IND,Men,hockey,M,Silver
Rome,1960,Hockey,Hockey,"LAXMAN, Shankar",IND,Men,hockey,M,Silver
Rome,1960,Hockey,Hockey,"PETER, John Victor",IND,Men,hockey,M,Silver
Rome,1960,Hockey,Hockey,"SAWANT, Govind",IND,Men,hockey,M,Silver
Rome,1960,Hockey,Hockey,"SINGH BHOLA, Raghbir",IND,Men,hockey,M,Silver
Rome,1960,Hockey,Hockey,"SINGH KULLAR, Udham",IND,Men,hockey,M,Silver
Rome,1960,Hockey,Hockey,"SINGH, Charanjit",IND,Men,hockey,M,Silver
Rome,1960,Hockey,Hockey,"SINGH, Jaswant",IND,Men,hockey,M,Silver
Rome,1960,Hockey,Hockey,"SINGH, Joginder",IND,Men,hockey,M,Silver
Rome,1960,Hockey,Hockey,"SINGH, Prithipal",IND,Men,hockey,M,Silver
Rome,1960,Modern Pentathlon,Modern Pentath.,"BECK, Robert Lee",USA,Men,Individual competition,M,Bronze
Rome,1960,Modern Pentathlon,Modern Pentath.,"NEMETH, Ferenc",HUN,Men,Individual competition,M,Gold
Rome,1960,Modern Pentathlon,Modern Pentath.,"NAGY, Imre",HUN,Men,Individual competition,M,Silver
Rome,1960,Modern Pentathlon,Modern Pentath.,"BECK, Robert Lee",USA,Men,Team competition,M,Bronze
Rome,1960,Modern Pentathlon,Modern Pentath.,"DANIELS, Jack Tupper",USA,Men,Team competition,M,Bronze
Rome,1960,Modern Pentathlon,Modern Pentath.,"LAMBERT, George Howard Jr.",USA,Men,Team competition,M,Bronze
Rome,1960,Modern Pentathlon,Modern Pentath.,"BALCZO, Andras",HUN,Men,Team competition,M,Gold
Rome,1960,Modern Pentathlon,Modern Pentath.,"NAGY, Imre",HUN,Men,Team competition,M,Gold
Rome,1960,Modern Pentathlon,Modern Pentath.,"NEMETH, Ferenc",HUN,Men,Team competition,M,Gold
Rome,1960,Modern Pentathlon,Modern Pentath.,"NOVIKOV, Igor",URS,Men,Team competition,M,Silver
Rome,1960,Modern Pentathlon,Modern Pentath.,"SELG, Hanno",URS,Men,Team competition,M,Silver
Rome,1960,Modern Pentathlon,Modern Pentath.,"TATARINOV, Nikolai",URS,Men,Team competition,M,Silver
Rome,1960,Rowing,Rowing,"LEHTELÄ, Veli Veikko",FIN,Men,coxless pair (2-),M,Bronze
Rome,1960,Rowing,Rowing,"PITKÄNEN, Toimi Johannes",FIN,Men,coxless pair (2-),M,Bronze
Rome,1960,Rowing,Rowing,"BOREIKO, Valentin",URS,Men,coxless pair (2-),M,Gold
Rome,1960,Rowing,Rowing,"GOLOVANOV, Oleg",URS,Men,coxless pair (2-),M,Gold
Rome,1960,Rowing,Rowing,"KLOIMSTEIN, Josef",AUT,Men,coxless pair (2-),M,Silver
Rome,1960,Rowing,Rowing,"SAGEDER, Alfred",AUT,Men,coxless pair (2-),M,Silver
Rome,1960,Rowing,Rowing,"HÜRLIMANN, Ernst",SUI,Men,double sculls (2x),M,Bronze
Rome,1960,Rowing,Rowing,"LARCHER, Rolf",SUI,Men,double sculls (2x),M,Bronze
Rome,1960,Rowing,Rowing,"KOZAK, Vaclav",TCH,Men,double sculls (2x),M,Gold
Rome,1960,Rowing,Rowing,"SCHMIDT, Pavel",TCH,Men,double sculls (2x),M,Gold
Rome,1960,Rowing,Rowing,"BERKUTOV, Aleksandr",URS,Men,double sculls (2x),M,Silver
Rome,1960,Rowing,Rowing,"TYUKALOV, Yuri",URS,Men,double sculls (2x),M,Silver
Rome,1960,Rowing,Rowing,"JANOUSEK, Bohumil",TCH,Men,eight with coxswain (8+),M,Bronze
Rome,1960,Rowing,Rowing,"JINDRA, Jan",TCH,Men,eight with coxswain (8+),M,Bronze
Rome,1960,Rowing,Rowing,"KONICEK, Miroslav",TCH,Men,eight with coxswain (8+),M,Bronze
Rome,1960,Rowing,Rowing,"LUNDAK, Jiri",TCH,Men,eight with coxswain (8+),M,Bronze
Rome,1960,Rowing,Rowing,"LUSK, Stanislav",TCH,Men,eight with coxswain (8+),M,Bronze
Rome,1960,Rowing,Rowing,"PAVKOVIC, Vaclav",TCH,Men,eight with coxswain (8+),M,Bronze
Rome,1960,Rowing,Rowing,"POJEZNY, Ludek",TCH,Men,eight with coxswain (8+),M,Bronze
Rome,1960,Rowing,Rowing,"SVEDA, Jan",TCH,Men,eight with coxswain (8+),M,Bronze
Rome,1960,Rowing,Rowing,"VENTUS, Josef",TCH,Men,eight with coxswain (8+),M,Bronze
Rome,1960,Rowing,Rowing,"BITTNER, Klaus",EUA,Men,eight with coxswain (8+),M,Gold
Rome,1960,Rowing,Rowing,"HOPP, Karl Heinz",EUA,Men,eight with coxswain (8+),M,Gold
Rome,1960,Rowing,Rowing,"LENK, Hans",EUA,Men,eight with coxswain (8+),M,Gold
