Melbourne / Stockholm,1956,Aquatics,Water polo,"JEZIC, Zdravko",YUG,Men,water polo,M,Silver
Melbourne / Stockholm,1956,Aquatics,Water polo,"KACIC, Horivoje",YUG,Men,water polo,M,Silver
Melbourne / Stockholm,1956,Aquatics,Water polo,"KOVACIC, Zdravko",YUG,Men,water polo,M,Silver
Melbourne / Stockholm,1956,Aquatics,Water polo,"RADONIC, Lovro",YUG,Men,water polo,M,Silver
Melbourne / Stockholm,1956,Aquatics,Water polo,"ZUZEJ, Marjan",YUG,Men,water polo,M,Silver
Melbourne / Stockholm,1956,Athletics,Athletics,"LAWRENCE, Allan",AUS,Men,10000m,M,Bronze
Melbourne / Stockholm,1956,Athletics,Athletics,"KUTS, Vladimir",URS,Men,10000m,M,Gold
Melbourne / Stockholm,1956,Athletics,Athletics,"KOVACS, Jozsef",HUN,Men,10000m,M,Silver
Melbourne / Stockholm,1956,Athletics,Athletics,"HOGAN, Hector",AUS,Men,100m,M,Bronze
Melbourne / Stockholm,1956,Athletics,Athletics,"MORROW, Robert Joseph",USA,Men,100m,M,Gold
Melbourne / Stockholm,1956,Athletics,Athletics,"BAKER, Walter Thane",USA,Men,100m,M,Silver
Melbourne / Stockholm,1956,Athletics,Athletics,"MATHEWS-O'SHEA, Marlene Judith",AUS,Women,100m,W,Bronze
Melbourne / Stockholm,1956,Athletics,Athletics,"CUTHBERT, Betty",AUS,Women,100m,W,Gold
Melbourne / Stockholm,1956,Athletics,Athletics,"STUBNICK, Christa",EUA,Women,100m,W,Silver
Melbourne / Stockholm,1956,Athletics,Athletics,"SHANKLE, Joel",USA,Men,110m hurdles,M,Bronze
Melbourne / Stockholm,1956,Athletics,Athletics,"CALHOUN, Lee",USA,Men,110m hurdles,M,Gold
Melbourne / Stockholm,1956,Athletics,Athletics,"DAVIS, Jack",USA,Men,110m hurdles,M,Silver
Melbourne / Stockholm,1956,Athletics,Athletics,"LANDY, John",AUS,Men,1500m,M,Bronze
Melbourne / Stockholm,1956,Athletics,Athletics,"DELANY, Ronald Michael",IRL,Men,1500m,M,Gold
Melbourne / Stockholm,1956,Athletics,Athletics,"RICHTZENHAIN, Klaus",EUA,Men,1500m,M,Silver
Melbourne / Stockholm,1956,Athletics,Athletics,"BAKER, Walter Thane",USA,Men,200m,M,Bronze
Melbourne / Stockholm,1956,Athletics,Athletics,"MORROW, Robert Joseph",USA,Men,200m,M,Gold
Melbourne / Stockholm,1956,Athletics,Athletics,"STANFIELD, Andrew William",USA,Men,200m,M,Silver
Melbourne / Stockholm,1956,Athletics,Athletics,"MATHEWS-O'SHEA, Marlene Judith",AUS,Women,200m,W,Bronze
Melbourne / Stockholm,1956,Athletics,Athletics,"CUTHBERT, Betty",AUS,Women,200m,W,Gold
Melbourne / Stockholm,1956,Athletics,Athletics,"STUBNICK, Christa",EUA,Women,200m,W,Silver
Melbourne / Stockholm,1956,Athletics,Athletics,"JUNK, Bruno",URS,Men,20km walk,M,Bronze
Melbourne / Stockholm,1956,Athletics,Athletics,"SPIRIN, Leonid",URS,Men,20km walk,M,Gold
Melbourne / Stockholm,1956,Athletics,Athletics,"MIKENAS, Antanas",URS,Men,20km walk,M,Silver
Melbourne / Stockholm,1956,Athletics,Athletics,"LARSEN, Ernst",NOR,Men,3000m steeplechase,M,Bronze
Melbourne / Stockholm,1956,Athletics,Athletics,"BRASHER, Christopher William",GBR,Men,3000m steeplechase,M,Gold
Melbourne / Stockholm,1956,Athletics,Athletics,"ROZSNYOI, Sandor",HUN,Men,3000m steeplechase,M,Silver
Melbourne / Stockholm,1956,Athletics,Athletics,"HELLSTEN, Voitto Valdemar",FIN,Men,400m,M,Bronze
Melbourne / Stockholm,1956,Athletics,Athletics,"IGNATYEV, Ardalion",URS,Men,400m,M,Bronze
Melbourne / Stockholm,1956,Athletics,Athletics,"JENKINS, Charles Lamont",USA,Men,400m,M,Gold
Melbourne / Stockholm,1956,Athletics,Athletics,"HAAS, Karl-Friedrich",EUA,Men,400m,M,Silver
Melbourne / Stockholm,1956,Athletics,Athletics,"CULBREATH, Joshua",USA,Men,400m hurdles,M,Bronze
Melbourne / Stockholm,1956,Athletics,Athletics,"DAVIS, Glenn Ashby",USA,Men,400m hurdles,M,Gold
Melbourne / Stockholm,1956,Athletics,Athletics,"SOUTHERN, Silas Edward",USA,Men,400m hurdles,M,Silver
Melbourne / Stockholm,1956,Athletics,Athletics,"FÜTTERER, Heinz",EUA,Men,4x100m relay,M,Bronze
Melbourne / Stockholm,1956,Athletics,Athletics,"GERMAR, Manfred",EUA,Men,4x100m relay,M,Bronze
Melbourne / Stockholm,1956,Athletics,Athletics,"KNÖRZER, Lothar",EUA,Men,4x100m relay,M,Bronze
Melbourne / Stockholm,1956,Athletics,Athletics,"POHL, Leonard (Leo)",EUA,Men,4x100m relay,M,Bronze
Melbourne / Stockholm,1956,Athletics,Athletics,"BAKER, Walter Thane",USA,Men,4x100m relay,M,Gold
Melbourne / Stockholm,1956,Athletics,Athletics,"KING, Leamon",USA,Men,4x100m relay,M,Gold
Melbourne / Stockholm,1956,Athletics,Athletics,"MORROW, Robert Joseph",USA,Men,4x100m relay,M,Gold
Melbourne / Stockholm,1956,Athletics,Athletics,"MURCHISON, Ira James",USA,Men,4x100m relay,M,Gold
Melbourne / Stockholm,1956,Athletics,Athletics,"BARTENEV, Leonid",URS,Men,4x100m relay,M,Silver
Melbourne / Stockholm,1956,Athletics,Athletics,"KONOVALOV, Yuri",URS,Men,4x100m relay,M,Silver
Melbourne / Stockholm,1956,Athletics,Athletics,"SUKHAREV, Vladimir",URS,Men,4x100m relay,M,Silver
Melbourne / Stockholm,1956,Athletics,Athletics,"TOKAREV, Boris",URS,Men,4x100m relay,M,Silver
Melbourne / Stockholm,1956,Athletics,Athletics,"DANIELS, Isabelle Francis",USA,Women,4x100m relay,W,Bronze
Melbourne / Stockholm,1956,Athletics,Athletics,"FAGGS, Mae Heriwentha",USA,Women,4x100m relay,W,Bronze
Melbourne / Stockholm,1956,Athletics,Athletics,"MATTHEWS, Margaret Rejean",USA,Women,4x100m relay,W,Bronze
Melbourne / Stockholm,1956,Athletics,Athletics,"RUDOLPH, Wilma",USA,Women,4x100m relay,W,Bronze
Melbourne / Stockholm,1956,Athletics,Athletics,"CROOKER-FLEMING, Norma Wilson",AUS,Women,4x100m relay,W,Gold
Melbourne / Stockholm,1956,Athletics,Athletics,"CUTHBERT, Betty",AUS,Women,4x100m relay,W,Gold
Melbourne / Stockholm,1956,Athletics,Athletics,"MELLOR-WENHAM, Fluer Northey",AUS,Women,4x100m relay,W,Gold
Melbourne / Stockholm,1956,Athletics,Athletics,"STRICKLAND-DE LA HUNTY, Shirley",AUS,Women,4x100m relay,W,Gold
Melbourne / Stockholm,1956,Athletics,Athletics,"ARMITAGE, Heather Joy",GBR,Women,4x100m relay,W,Silver
Melbourne / Stockholm,1956,Athletics,Athletics,"FOULDS-PAUL, June Florence",GBR,Women,4x100m relay,W,Silver
Melbourne / Stockholm,1956,Athletics,Athletics,"PASHLEY, Anne",GBR,Women,4x100m relay,W,Silver
Melbourne / Stockholm,1956,Athletics,Athletics,"SCRIVENS, Jean Eileen",GBR,Women,4x100m relay,W,Silver
Melbourne / Stockholm,1956,Athletics,Athletics,"HIGGINS, Francis Peter",GBR,Men,4x400m relay,M,Bronze
Melbourne / Stockholm,1956,Athletics,Athletics,"JOHNSON, Derek James Neville",GBR,Men,4x400m relay,M,Bronze
Melbourne / Stockholm,1956,Athletics,Athletics,"SALISBURY, John Edward",GBR,Men,4x400m relay,M,Bronze
Melbourne / Stockholm,1956,Athletics,Athletics,"WHEELER, Michael Keith Valentine",GBR,Men,4x400m relay,M,Bronze
Melbourne / Stockholm,1956,Athletics,Athletics,"COURTNEY, Thomas William",USA,Men,4x400m relay,M,Gold
Melbourne / Stockholm,1956,Athletics,Athletics,"JENKINS, Charles Lamont",USA,Men,4x400m relay,M,Gold
Melbourne / Stockholm,1956,Athletics,Athletics,"JONES, Louis Woodard III",USA,Men,4x400m relay,M,Gold
Melbourne / Stockholm,1956,Athletics,Athletics,"MASHBURN, Jesse William",USA,Men,4x400m relay,M,Gold
Melbourne / Stockholm,1956,Athletics,Athletics,"GIPSON, Graham Chater",AUS,Men,4x400m relay,M,Silver
Melbourne / Stockholm,1956,Athletics,Athletics,"GOSPER, Richard Kevan",AUS,Men,4x400m relay,M,Silver
Melbourne / Stockholm,1956,Athletics,Athletics,"GREGORY, Leonard Stuart",AUS,Men,4x400m relay,M,Silver
Melbourne / Stockholm,1956,Athletics,Athletics,"LEAN, David Francis",AUS,Men,4x400m relay,M,Silver
Melbourne / Stockholm,1956,Athletics,Athletics,"IBBOTSON, George Derek",GBR,Men,5000m,M,Bronze
Melbourne / Stockholm,1956,Athletics,Athletics,"KUTS, Vladimir",URS,Men,5000m,M,Gold
Melbourne / Stockholm,1956,Athletics,Athletics,"PIRIE, Douglas A.Gordon",GBR,Men,5000m,M,Silver
Melbourne / Stockholm,1956,Athletics,Athletics,"LJUNGGREN, John Artur",SWE,Men,50km walk,M,Bronze
Melbourne / Stockholm,1956,Athletics,Athletics,"READ, Norman Richard",NZL,Men,50km walk,M,Gold
Melbourne / Stockholm,1956,Athletics,Athletics,"MASKINSKOV, Yevgeni",URS,Men,50km walk,M,Silver
Melbourne / Stockholm,1956,Athletics,Athletics,"BOYSEN, Audun",NOR,Men,800m,M,Bronze
Melbourne / Stockholm,1956,Athletics,Athletics,"COURTNEY, Thomas William",USA,Men,800m,M,Gold
Melbourne / Stockholm,1956,Athletics,Athletics,"JOHNSON, Derek James Neville",GBR,Men,800m,M,Silver
Melbourne / Stockholm,1956,Athletics,Athletics,"THROWER-AUSTIN, Norma Claire",AUS,Women,80m hurdles,W,Bronze
Melbourne / Stockholm,1956,Athletics,Athletics,"STRICKLAND-DE LA HUNTY, Shirley",AUS,Women,80m hurdles,W,Gold
Melbourne / Stockholm,1956,Athletics,Athletics,"KÖHLER-BIRKEMEYER, Gisela",EUA,Women,80m hurdles,W,Silver
Melbourne / Stockholm,1956,Athletics,Athletics,"KUZNETSOV, Vasili",URS,Men,decathlon,M,Bronze
Melbourne / Stockholm,1956,Athletics,Athletics,"CAMPBELL, Milton Gray",USA,Men,decathlon,M,Gold
Melbourne / Stockholm,1956,Athletics,Athletics,"JOHNSON, Rafer Lewis",USA,Men,decathlon,M,Silver
Melbourne / Stockholm,1956,Athletics,Athletics,"KOCH, Desmond Dalworth",USA,Men,discus throw,M,Bronze
Melbourne / Stockholm,1956,Athletics,Athletics,"OERTER, Alfred",USA,Men,discus throw,M,Gold
Melbourne / Stockholm,1956,Athletics,Athletics,"GORDIEN, Fortune Edward",USA,Men,discus throw,M,Silver
Melbourne / Stockholm,1956,Athletics,Athletics,"ROMASHKOVA-PONOMAREVA, Nina",URS,Women,discus throw,W,Bronze
Melbourne / Stockholm,1956,Athletics,Athletics,"FIKOTOVA-CONNOLLY, Olga",TCH,Women,discus throw,W,Gold
Melbourne / Stockholm,1956,Athletics,Athletics,"BEGLYAKOVA, Irina",URS,Women,discus throw,W,Silver
Melbourne / Stockholm,1956,Athletics,Athletics,"SAMOTSVETOV, Anatoli",URS,Men,hammer throw,M,Bronze
Melbourne / Stockholm,1956,Athletics,Athletics,"CONNOLLY, Harold Vincent",USA,Men,hammer throw,M,Gold
Melbourne / Stockholm,1956,Athletics,Athletics,"KRIVONOSOV, Mikhail",URS,Men,hammer throw,M,Silver
Melbourne / Stockholm,1956,Athletics,Athletics,"KASHKAROV, Igor",URS,Men,high jump,M,Bronze
Melbourne / Stockholm,1956,Athletics,Athletics,"DUMAS, Charles Everett",USA,Men,high jump,M,Gold
Melbourne / Stockholm,1956,Athletics,Athletics,"PORTER, Charles Michael",AUS,Men,high jump,M,Silver
Melbourne / Stockholm,1956,Athletics,Athletics,"MCDANIEL, Mildred Louise",USA,Women,high jump,W,Gold
Melbourne / Stockholm,1956,Athletics,Athletics,"HOPKINS, Thelma Elizabeth",GBR,Women,high jump,W,Silver
Melbourne / Stockholm,1956,Athletics,Athletics,"PISSAREVA, Mariya",URS,Women,high jump,W,Silver
Melbourne / Stockholm,1956,Athletics,Athletics,"TSYBULENKO, Viktor",URS,Men,javelin throw,M,Bronze
Melbourne / Stockholm,1956,Athletics,Athletics,"DANIELSEN, Egil",NOR,Men,javelin throw,M,Gold
Melbourne / Stockholm,1956,Athletics,Athletics,"SIDLO, Janusz",POL,Men,javelin throw,M,Silver
Melbourne / Stockholm,1956,Athletics,Athletics,"KONYAEVA, Nadezhda",URS,Women,javelin throw,W,Bronze
Melbourne / Stockholm,1956,Athletics,Athletics,"YAUNZEME, Inese",URS,Women,javelin throw,W,Gold
Melbourne / Stockholm,1956,Athletics,Athletics,"AHRENS, Marlene",CHI,Women,javelin throw,W,Silver
Melbourne / Stockholm,1956,Athletics,Athletics,"VALKAMA, Jorma Rainer",FIN,Men,long jump,M,Bronze
Melbourne / Stockholm,1956,Athletics,Athletics,"BELL, Gregory Curtis",USA,Men,long jump,M,Gold
Melbourne / Stockholm,1956,Athletics,Athletics,"BENNETT, John Dale",USA,Men,long jump,M,Silver
Melbourne / Stockholm,1956,Athletics,Athletics,"KHNYKINA-DVALISHVILI, Nadezhda",URS,Women,long jump,W,Bronze
Melbourne / Stockholm,1956,Athletics,Athletics,"DUNSKA-KRZESINSKA, Elzbieta",POL,Women,long jump,W,Gold
Melbourne / Stockholm,1956,Athletics,Athletics,"WHITE, Willie B.",USA,Women,long jump,W,Silver
Melbourne / Stockholm,1956,Athletics,Athletics,"KARVONEN, Veikko Leo",FIN,Men,marathon,M,Bronze
Melbourne / Stockholm,1956,Athletics,Athletics,"MIMOUN, Alain",FRA,Men,marathon,M,Gold
Melbourne / Stockholm,1956,Athletics,Athletics,"MIHALIC, Franjo",YUG,Men,marathon,M,Silver
Melbourne / Stockholm,1956,Athletics,Athletics,"ROUBANIS, Georgios",GRE,Men,pole vault,M,Bronze
Melbourne / Stockholm,1956,Athletics,Athletics,"RICHARDS, Robert",USA,Men,pole vault,M,Gold
Melbourne / Stockholm,1956,Athletics,Athletics,"GUTOWSKI, Robert Allen",USA,Men,pole vault,M,Silver
Melbourne / Stockholm,1956,Athletics,Athletics,"SKOBLA, Jiri",TCH,Men,shot put,M,Bronze
Melbourne / Stockholm,1956,Athletics,Athletics,"O, William Patrick Jr.",USA,Men,shot put,M,Gold
Melbourne / Stockholm,1956,Athletics,Athletics,"NIEDER, William Henry",USA,Men,shot put,M,Silver
Melbourne / Stockholm,1956,Athletics,Athletics,"WERNER-SCHULZE-ENTRUP, Marianne",EUA,Women,shot put,W,Bronze
Melbourne / Stockholm,1956,Athletics,Athletics,"TYSHKEVICH, Tamara",URS,Women,shot put,W,Gold
Melbourne / Stockholm,1956,Athletics,Athletics,"ZYBINA, Galina",URS,Women,shot put,W,Silver
Melbourne / Stockholm,1956,Athletics,Athletics,"KREER, Vitold",URS,Men,triple jump,M,Bronze
Melbourne / Stockholm,1956,Athletics,Athletics,"FERREIRA DA SILVA, Adhemar",BRA,Men,triple jump,M,Gold
Melbourne / Stockholm,1956,Athletics,Athletics,"EINARSSON, Vilhjalmur",ISL,Men,triple jump,M,Silver
Melbourne / Stockholm,1956,Basketball,Basketball,"BLIXEN, Carlos S.",URU,Men,basketball,M,Bronze
Melbourne / Stockholm,1956,Basketball,Basketball,"CHELLE, Nelson R.",URU,Men,basketball,M,Bronze
Melbourne / Stockholm,1956,Basketball,Basketball,"CORTES, Ramiro",URU,Men,basketball,M,Bronze
Melbourne / Stockholm,1956,Basketball,Basketball,"COSTA, Hector J.",URU,Men,basketball,M,Bronze
Melbourne / Stockholm,1956,Basketball,Basketball,"DEMARCO, Nelson",URU,Men,basketball,M,Bronze
Melbourne / Stockholm,1956,Basketball,Basketball,"GARCIA OTERO, Hector",URU,Men,basketball,M,Bronze
Melbourne / Stockholm,1956,Basketball,Basketball,"GONZALEZ, Carlos",URU,Men,basketball,M,Bronze
Melbourne / Stockholm,1956,Basketball,Basketball,"MATTO, Sergio A.",URU,Men,basketball,M,Bronze
Melbourne / Stockholm,1956,Basketball,Basketball,"MERA, Raul E.",URU,Men,basketball,M,Bronze
Melbourne / Stockholm,1956,Basketball,Basketball,"MOGLIA, Oscar",URU,Men,basketball,M,Bronze
Melbourne / Stockholm,1956,Basketball,Basketball,"OLASCOAGA, Ariel",URU,Men,basketball,M,Bronze
Melbourne / Stockholm,1956,Basketball,Basketball,"SCARON, Milton A.",URU,Men,basketball,M,Bronze
Melbourne / Stockholm,1956,Basketball,Basketball,"BOUSHKA, Richard James",USA,Men,basketball,M,Gold
Melbourne / Stockholm,1956,Basketball,Basketball,"CAIN, Carl Cecil",USA,Men,basketball,M,Gold
Melbourne / Stockholm,1956,Basketball,Basketball,"DARLING, Charles Frick",USA,Men,basketball,M,Gold
Melbourne / Stockholm,1956,Basketball,Basketball,"EVANS, William Best",USA,Men,basketball,M,Gold
Melbourne / Stockholm,1956,Basketball,Basketball,"FORD, Gilbert",USA,Men,basketball,M,Gold
Melbourne / Stockholm,1956,Basketball,Basketball,"HALDORSSON, Burdette Eliele",USA,Men,basketball,M,Gold
Melbourne / Stockholm,1956,Basketball,Basketball,"HOUGLAND, William Marion",USA,Men,basketball,M,Gold
Melbourne / Stockholm,1956,Basketball,Basketball,"JEANGERARD, Robert Eugene",USA,Men,basketball,M,Gold
Melbourne / Stockholm,1956,Basketball,Basketball,"JONES, Kenneth C.",USA,Men,basketball,M,Gold
Melbourne / Stockholm,1956,Basketball,Basketball,"RUSSELL, William Fenton",USA,Men,basketball,M,Gold
Melbourne / Stockholm,1956,Basketball,Basketball,"TOMSIC, Ronald Paul",USA,Men,basketball,M,Gold
Melbourne / Stockholm,1956,Basketball,Basketball,"WALSH, James Patrick",USA,Men,basketball,M,Gold
Melbourne / Stockholm,1956,Basketball,Basketball,"BOCHKAREV, Arkadi",URS,Men,basketball,M,Silver
Melbourne / Stockholm,1956,Basketball,Basketball,"KRUMINS, Yanis",URS,Men,basketball,M,Silver
Melbourne / Stockholm,1956,Basketball,Basketball,"LAURITENAS, Algirdas",URS,Men,basketball,M,Silver
Melbourne / Stockholm,1956,Basketball,Basketball,"MUIZHNIEK, Valdis",URS,Men,basketball,M,Silver
Melbourne / Stockholm,1956,Basketball,Basketball,"OZEROV, Yuri",URS,Men,basketball,M,Silver
Melbourne / Stockholm,1956,Basketball,Basketball,"PETKYAVICHUS, Kasis",URS,Men,basketball,M,Silver
Melbourne / Stockholm,1956,Basketball,Basketball,"SEMYONOV, Mikhail",URS,Men,basketball,M,Silver
Melbourne / Stockholm,1956,Basketball,Basketball,"STONKUS, Stasis",URS,Men,basketball,M,Silver
Melbourne / Stockholm,1956,Basketball,Basketball,"STUDENETSKY, Mikhail",URS,Men,basketball,M,Silver
Melbourne / Stockholm,1956,Basketball,Basketball,"TORBAN, Vladimir",URS,Men,basketball,M,Silver
Melbourne / Stockholm,1956,Basketball,Basketball,"VALDMANIS, Maigonis",URS,Men,basketball,M,Silver
Melbourne / Stockholm,1956,Basketball,Basketball,"ZUBKOV, Viktor",URS,Men,basketball,M,Silver
Melbourne / Stockholm,1956,Boxing,Boxing,"CALDWELL, John",IRL,Men,- 51kg (flyweight),M,Bronze
Melbourne / Stockholm,1956,Boxing,Boxing,"LIBEER, Rene",FRA,Men,- 51kg (flyweight),M,Bronze
Melbourne / Stockholm,1956,Boxing,Boxing,"SPINKS, Terence George",GBR,Men,- 51kg (flyweight),M,Gold
Melbourne / Stockholm,1956,Boxing,Boxing,"DOBRESCU, Mircea",ROU,Men,- 51kg (flyweight),M,Silver
Melbourne / Stockholm,1956,Boxing,Boxing,"BEKKER, Daniel Wepener",RSA,Men,+ 81kg (heavyweight),M,Bronze
Melbourne / Stockholm,1956,Boxing,Boxing,"BOZZANO, Giacomo",ITA,Men,+ 81kg (heavyweight),M,Bronze
Melbourne / Stockholm,1956,Boxing,Boxing,"RADEMACHER, Thomas Peter",USA,Men,+ 81kg (heavyweight),M,Gold
Melbourne / Stockholm,1956,Boxing,Boxing,"MUKHIN, Lev",URS,Men,+ 81kg (heavyweight),M,Silver
Melbourne / Stockholm,1956,Boxing,Boxing,"BARRIENTOS, Claudio",CHI,Men,51 - 54kg (bantamweight),M,Bronze
Melbourne / Stockholm,1956,Boxing,Boxing,"GILROY, Frederick",IRL,Men,51 - 54kg (bantamweight),M,Bronze
Melbourne / Stockholm,1956,Boxing,Boxing,"BEHRENDT, Wolfgang",EUA,Men,51 - 54kg (bantamweight),M,Gold
Melbourne / Stockholm,1956,Boxing,Boxing,"SONG, Soon-Chun",KOR,Men,51 - 54kg (bantamweight),M,Silver
Melbourne / Stockholm,1956,Boxing,Boxing,"HÄMÄLÄINEN, Pentti Olavi",FIN,Men,54 - 57kg (featherweight),M,Bronze
Melbourne / Stockholm,1956,Boxing,Boxing,"NIEDZWIEDZKI, Henryk",POL,Men,54 - 57kg (featherweight),M,Bronze
Melbourne / Stockholm,1956,Boxing,Boxing,"SAFRONOV, Vladimir",URS,Men,54 - 57kg (featherweight),M,Gold
Melbourne / Stockholm,1956,Boxing,Boxing,"NICHOLLS, Thomas G.",GBR,Men,54 - 57kg (featherweight),M,Silver
Melbourne / Stockholm,1956,Boxing,Boxing,"BYRNE, Anthony",IRL,Men,57 - 60kg (lightweight),M,Bronze
Melbourne / Stockholm,1956,Boxing,Boxing,"LAGETKO, Anatoli",URS,Men,57 - 60kg (lightweight),M,Bronze
Melbourne / Stockholm,1956,Boxing,Boxing,"MCTAGGART, Richard",GBR,Men,57 - 60kg (lightweight),M,Gold
Melbourne / Stockholm,1956,Boxing,Boxing,"KURSCHAT, Harry",EUA,Men,57 - 60kg (lightweight),M,Silver
Melbourne / Stockholm,1956,Boxing,Boxing,"DUMITRESCU, Constantin",ROU,Men,60 - 63.5kg (light-welterweight),M,Bronze
Melbourne / Stockholm,1956,Boxing,Boxing,"LOUBSCHER, Henry James",RSA,Men,60 - 63.5kg (light-welterweight),M,Bronze
Melbourne / Stockholm,1956,Boxing,Boxing,"ENGIBARYAN, Vladimir",URS,Men,60 - 63.5kg (light-welterweight),M,Gold
Melbourne / Stockholm,1956,Boxing,Boxing,"NENCI, Franco",ITA,Men,60 - 63.5kg (light-welterweight),M,Silver
Melbourne / Stockholm,1956,Boxing,Boxing,"GARGANO, Nicholas",GBR,Men,63.5 - 67kg (welterweight),M,Bronze
Melbourne / Stockholm,1956,Boxing,Boxing,"HOGARTH, Kevin John",AUS,Men,63.5 - 67kg (welterweight),M,Bronze
Melbourne / Stockholm,1956,Boxing,Boxing,"LINCA, Nicolae",ROU,Men,63.5 - 67kg (welterweight),M,Gold
Melbourne / Stockholm,1956,Boxing,Boxing,"TIEDT, Fred",IRL,Men,63.5 - 67kg (welterweight),M,Silver
Melbourne / Stockholm,1956,Boxing,Boxing,"MCCORMACK, John",GBR,Men,67 - 71kg (light-middleweight),M,Bronze
Melbourne / Stockholm,1956,Boxing,Boxing,"PIETRZYKOWSKI, Zbigniew",POL,Men,67 - 71kg (light-middleweight),M,Bronze
Melbourne / Stockholm,1956,Boxing,Boxing,"PAPP, Laszlo",HUN,Men,67 - 71kg (light-middleweight),M,Gold
Melbourne / Stockholm,1956,Boxing,Boxing,"TORRES, Jose Louis Chegui",USA,Men,67 - 71kg (light-middleweight),M,Silver
Melbourne / Stockholm,1956,Boxing,Boxing,"CHAPRON, Gilbert",FRA,Men,71-75kg,M,Bronze
Melbourne / Stockholm,1956,Boxing,Boxing,"ZALAZAR, Victor",ARG,Men,71-75kg,M,Bronze
Melbourne / Stockholm,1956,Boxing,Boxing,"SHATKOV, Gennadi",URS,Men,71-75kg,M,Gold
Melbourne / Stockholm,1956,Boxing,Boxing,"TAPIA, Ramon",CHI,Men,71-75kg,M,Silver
Melbourne / Stockholm,1956,Boxing,Boxing,"LUCAS, Carlos",CHI,Men,75 - 81kg (light-heavyweight),M,Bronze
Melbourne / Stockholm,1956,Boxing,Boxing,"MURAUSKAS, Romualdas",URS,Men,75 - 81kg (light-heavyweight),M,Bronze
Melbourne / Stockholm,1956,Boxing,Boxing,"BOYD, James Felton",USA,Men,75 - 81kg (light-heavyweight),M,Gold
Melbourne / Stockholm,1956,Boxing,Boxing,"NEGREA, Gheorghe",ROU,Men,75 - 81kg (light-heavyweight),M,Silver
Melbourne / Stockholm,1956,Canoe / Kayak,Canoe / Kayak F,"BUKHARIN, Gennady",URS,Men,C-1 10000m,M,Bronze
Melbourne / Stockholm,1956,Canoe / Kayak,Canoe / Kayak F,"ROTMAN, Leon",ROU,Men,C-1 10000m,M,Gold
Melbourne / Stockholm,1956,Canoe / Kayak,Canoe / Kayak F,"PARTI, Janos",HUN,Men,C-1 10000m,M,Silver
Melbourne / Stockholm,1956,Canoe / Kayak,Canoe / Kayak F,"BUKHARIN, Gennady",URS,Men,C-1 1000m (canoe single),M,Bronze
Melbourne / Stockholm,1956,Canoe / Kayak,Canoe / Kayak F,"ROTMAN, Leon",ROU,Men,C-1 1000m (canoe single),M,Gold
Melbourne / Stockholm,1956,Canoe / Kayak,Canoe / Kayak F,"HERNEK, Istvan",HUN,Men,C-1 1000m (canoe single),M,Silver
Melbourne / Stockholm,1956,Canoe / Kayak,Canoe / Kayak F,"FARKAS, Imre",HUN,Men,C-2 10000m,M,Bronze
Melbourne / Stockholm,1956,Canoe / Kayak,Canoe / Kayak F,"HUNICS, Jozsef",HUN,Men,C-2 10000m,M,Bronze
Melbourne / Stockholm,1956,Canoe / Kayak,Canoe / Kayak F,"BOTEV, Gratsian",URS,Men,C-2 10000m,M,Gold
Melbourne / Stockholm,1956,Canoe / Kayak,Canoe / Kayak F,"KHARIN, Pavel",URS,Men,C-2 10000m,M,Gold
Melbourne / Stockholm,1956,Canoe / Kayak,Canoe / Kayak F,"DRANSART, Georges",FRA,Men,C-2 10000m,M,Silver
Melbourne / Stockholm,1956,Canoe / Kayak,Canoe / Kayak F,"RENAUD, Marcel",FRA,Men,C-2 10000m,M,Silver
Melbourne / Stockholm,1956,Canoe / Kayak,Canoe / Kayak F,"MOHACSI, Ferenc",HUN,Men,C-2 1000m (canoe double),M,Bronze
Melbourne / Stockholm,1956,Canoe / Kayak,Canoe / Kayak F,"WIELAND, Karoly",HUN,Men,C-2 1000m (canoe double),M,Bronze
Melbourne / Stockholm,1956,Canoe / Kayak,Canoe / Kayak F,"DUMITRU, Alexe",ROU,Men,C-2 1000m (canoe double),M,Gold
Melbourne / Stockholm,1956,Canoe / Kayak,Canoe / Kayak F,"ISMAILCIUC, Simion",ROU,Men,C-2 1000m (canoe double),M,Gold
Melbourne / Stockholm,1956,Canoe / Kayak,Canoe / Kayak F,"BOTEV, Gratsian",URS,Men,C-2 1000m (canoe double),M,Silver
Melbourne / Stockholm,1956,Canoe / Kayak,Canoe / Kayak F,"KHARIN, Pavel",URS,Men,C-2 1000m (canoe double),M,Silver
Melbourne / Stockholm,1956,Canoe / Kayak,Canoe / Kayak F,"SCHEUER, Michael",EUA,Men,K-1 10000m,M,Bronze
Melbourne / Stockholm,1956,Canoe / Kayak,Canoe / Kayak F,"FREDRIKSSON, Gert",SWE,Men,K-1 10000m,M,Gold
Melbourne / Stockholm,1956,Canoe / Kayak,Canoe / Kayak F,"HATLACZKY, Ferenc",HUN,Men,K-1 10000m,M,Silver
Melbourne / Stockholm,1956,Canoe / Kayak,Canoe / Kayak F,"KISS, Lajos",HUN,Men,K-1 1000m (kayak single),M,Bronze
Melbourne / Stockholm,1956,Canoe / Kayak,Canoe / Kayak F,"FREDRIKSSON, Gert",SWE,Men,K-1 1000m (kayak single),M,Gold
Melbourne / Stockholm,1956,Canoe / Kayak,Canoe / Kayak F,"PISSAREV, Igor",URS,Men,K-1 1000m (kayak single),M,Silver
Melbourne / Stockholm,1956,Canoe / Kayak,Canoe / Kayak F,"SÖBY, Tove Goltermann",DEN,Women,K-1 500m (kayak single),W,Bronze
Melbourne / Stockholm,1956,Canoe / Kayak,Canoe / Kayak F,"DEMENTYEVA, Elizaveta",URS,Women,K-1 500m (kayak single),W,Gold
Melbourne / Stockholm,1956,Canoe / Kayak,Canoe / Kayak F,"ZENZ, Therese",EUA,Women,K-1 500m (kayak single),W,Silver
Melbourne / Stockholm,1956,Canoe / Kayak,Canoe / Kayak F,"BROWN, Walter William",AUS,Men,K-2 10000m,M,Bronze
Melbourne / Stockholm,1956,Canoe / Kayak,Canoe / Kayak F,"GREEN, Dennis Allan",AUS,Men,K-2 10000m,M,Bronze
Melbourne / Stockholm,1956,Canoe / Kayak,Canoe / Kayak F,"FABIAN, Laszlo",HUN,Men,K-2 10000m,M,Gold
Melbourne / Stockholm,1956,Canoe / Kayak,Canoe / Kayak F,"URANYI, Janos",HUN,Men,K-2 10000m,M,Gold
Melbourne / Stockholm,1956,Canoe / Kayak,Canoe / Kayak F,"BRIEL, Fritz",EUA,Men,K-2 10000m,M,Silver
Melbourne / Stockholm,1956,Canoe / Kayak,Canoe / Kayak F,"KLEINE, Theodor",EUA,Men,K-2 10000m,M,Silver
Melbourne / Stockholm,1956,Canoe / Kayak,Canoe / Kayak F,"RAUB, Maximilian",AUT,Men,K-2 1000m (kayak double),M,Bronze
Melbourne / Stockholm,1956,Canoe / Kayak,Canoe / Kayak F,"WIEDERMANN, Herbert",AUT,Men,K-2 1000m (kayak double),M,Bronze
Melbourne / Stockholm,1956,Canoe / Kayak,Canoe / Kayak F,"MILTENBERGER, Meinrad",EUA,Men,K-2 1000m (kayak double),M,Gold
Melbourne / Stockholm,1956,Canoe / Kayak,Canoe / Kayak F,"SCHEUER, Michael",EUA,Men,K-2 1000m (kayak double),M,Gold
Melbourne / Stockholm,1956,Canoe / Kayak,Canoe / Kayak F,"DEMITKOV, Anatoli",URS,Men,K-2 1000m (kayak double),M,Silver
Melbourne / Stockholm,1956,Canoe / Kayak,Canoe / Kayak F,"KAALESTE, Mikhail",URS,Men,K-2 1000m (kayak double),M,Silver
Melbourne / Stockholm,1956,Cycling,Cycling Road,"JACKSON, Alan Wharmby",GBR,Men,individual road race,M,Bronze
Melbourne / Stockholm,1956,Cycling,Cycling Road,"BALDINI, Ercole",ITA,Men,individual road race,M,Gold
Melbourne / Stockholm,1956,Cycling,Cycling Road,"GEYRE, Arnaud",FRA,Men,individual road race,M,Silver
Melbourne / Stockholm,1956,Cycling,Cycling Road,"POMMER, Reinhold Viktor",EUA,Men,team time trial,M,Bronze
Melbourne / Stockholm,1956,Cycling,Cycling Road,"SCHUR, Gustav-Adolf",EUA,Men,team time trial,M,Bronze
Melbourne / Stockholm,1956,Cycling,Cycling Road,"TÜLLER, Horst",EUA,Men,team time trial,M,Bronze
Melbourne / Stockholm,1956,Cycling,Cycling Road,"GEYRE, Arnaud",FRA,Men,team time trial,M,Gold
Melbourne / Stockholm,1956,Cycling,Cycling Road,"MOUCHERAUD, Maurice",FRA,Men,team time trial,M,Gold
Melbourne / Stockholm,1956,Cycling,Cycling Road,"VERMEULEN, Michel",FRA,Men,team time trial,M,Gold
Melbourne / Stockholm,1956,Cycling,Cycling Road,"BRITTAIN, Arthur Stanley",GBR,Men,team time trial,M,Silver
Melbourne / Stockholm,1956,Cycling,Cycling Road,"HOLMES, William",GBR,Men,team time trial,M,Silver
Melbourne / Stockholm,1956,Cycling,Cycling Road,"JACKSON, Alan Wharmby",GBR,Men,team time trial,M,Silver
Melbourne / Stockholm,1956,Cycling,Cycling Track,"SWIFT, Alfred James",RSA,Men,1km time trial,M,Bronze
Melbourne / Stockholm,1956,Cycling,Cycling Track,"FAGGIN, Leandro",ITA,Men,1km time trial,M,Gold
Melbourne / Stockholm,1956,Cycling,Cycling Track,"FOUSEK, Ladislav",TCH,Men,1km time trial,M,Silver
Melbourne / Stockholm,1956,Cycling,Cycling Track,"OGNA, Giuseppe",ITA,Men,2000m tandem,M,Bronze
Melbourne / Stockholm,1956,Cycling,Cycling Track,"PINARELLO, Cesare",ITA,Men,2000m tandem,M,Bronze
Melbourne / Stockholm,1956,Cycling,Cycling Track,"BROWNE, Ian Sterry",AUS,Men,2000m tandem,M,Gold
Melbourne / Stockholm,1956,Cycling,Cycling Track,"MARCHANT, Anthony John",AUS,Men,2000m tandem,M,Gold
Melbourne / Stockholm,1956,Cycling,Cycling Track,"FOUSEK, Ladislav",TCH,Men,2000m tandem,M,Silver
Melbourne / Stockholm,1956,Cycling,Cycling Track,"MACHEK, Vaclav",TCH,Men,2000m tandem,M,Silver
Melbourne / Stockholm,1956,Cycling,Cycling Track,"PLOOG, Richard Francis",AUS,Men,Sprint indivual,M,Bronze
Melbourne / Stockholm,1956,Cycling,Cycling Track,"ROUSSEAU, Michel",FRA,Men,Sprint indivual,M,Gold
Melbourne / Stockholm,1956,Cycling,Cycling Track,"PESENTI, Guglielmo",ITA,Men,Sprint indivual,M,Silver
Melbourne / Stockholm,1956,Cycling,Cycling Track,"BURGESS, Donald Christopher",GBR,Men,Team Pursuit (4000m),M,Bronze
Melbourne / Stockholm,1956,Cycling,Cycling Track,"GAMBRILL, Michael John",GBR,Men,Team Pursuit (4000m),M,Bronze
Melbourne / Stockholm,1956,Cycling,Cycling Track,"GEDDES, John Reuben",GBR,Men,Team Pursuit (4000m),M,Bronze
Melbourne / Stockholm,1956,Cycling,Cycling Track,"SIMPSON, Thomas",GBR,Men,Team Pursuit (4000m),M,Bronze
Melbourne / Stockholm,1956,Cycling,Cycling Track,"DOMENICALI, Antonio",ITA,Men,Team Pursuit (4000m),M,Gold
Melbourne / Stockholm,1956,Cycling,Cycling Track,"FAGGIN, Leandro",ITA,Men,Team Pursuit (4000m),M,Gold
Melbourne / Stockholm,1956,Cycling,Cycling Track,"GANDINI, Franco",ITA,Men,Team Pursuit (4000m),M,Gold
Melbourne / Stockholm,1956,Cycling,Cycling Track,"GASPARELLA, Valentino",ITA,Men,Team Pursuit (4000m),M,Gold
Melbourne / Stockholm,1956,Cycling,Cycling Track,"BIANCHI, Rene",FRA,Men,Team Pursuit (4000m),M,Silver
Melbourne / Stockholm,1956,Cycling,Cycling Track,"GRACZYK, Jean",FRA,Men,Team Pursuit (4000m),M,Silver
Melbourne / Stockholm,1956,Cycling,Cycling Track,"LECANTE, Jean-Claude",FRA,Men,Team Pursuit (4000m),M,Silver
Melbourne / Stockholm,1956,Cycling,Cycling Track,"VERMEULEN, Michel",FRA,Men,Team Pursuit (4000m),M,Silver
Melbourne / Stockholm,1956,Equestrian,Dressage,"SAINT CYR, Henri",SWE,Men,individual,X,Gold
Melbourne / Stockholm,1956,Equestrian,Dressage,"LINSENHOFF, Liselott",EUA,Women,individual,X,Bronze
Melbourne / Stockholm,1956,Equestrian,Dressage,"HARTEL, Lis",DEN,Women,individual,X,Silver
Melbourne / Stockholm,1956,Equestrian,Dressage,JUBILEE,DEN,Women,individual,X,Silver
Melbourne / Stockholm,1956,Equestrian,Dressage,"CHAMMARTIN, Henri",SUI,Men,team,X,Bronze
Melbourne / Stockholm,1956,Equestrian,Dressage,"FISCHER, Gustav",SUI,Men,team,X,Bronze
Melbourne / Stockholm,1956,Equestrian,Dressage,"TRACHSEL, Gottfried",SUI,Men,team,X,Bronze
Melbourne / Stockholm,1956,Equestrian,Dressage,"BOLTENSTERN JR., Gustaf Adolf",SWE,Men,team,X,Gold
Melbourne / Stockholm,1956,Equestrian,Dressage,"PERSSON, Gehnäll",SWE,Men,team,X,Gold
Melbourne / Stockholm,1956,Equestrian,Dressage,"SAINT CYR, Henri",SWE,Men,team,X,Gold
Melbourne / Stockholm,1956,Equestrian,Dressage,AFRIKA,EUA,Women,team,X,Silver
Melbourne / Stockholm,1956,Equestrian,Dressage,"KÜPPERS, Anneliese",EUA,Women,team,X,Silver
Melbourne / Stockholm,1956,Equestrian,Dressage,"LINSENHOFF, Liselott",EUA,Women,team,X,Silver
Melbourne / Stockholm,1956,Equestrian,Dressage,"WEYGAND, Hannelore",EUA,Women,team,X,Silver
Melbourne / Stockholm,1956,Equestrian,Eventing,"WELDON, Francis William Charles",GBR,Men,individual,X,Bronze
Melbourne / Stockholm,1956,Equestrian,Eventing,"KASTENMAN, Petrus",SWE,Men,individual,X,Gold
Melbourne / Stockholm,1956,Equestrian,Eventing,"LÜTKE WESTHUES, August",EUA,Men,individual,X,Silver
Melbourne / Stockholm,1956,Equestrian,Eventing,"ELDER, Henry James",CAN,Men,team,X,Bronze
Melbourne / Stockholm,1956,Equestrian,Eventing,"HERBINSON, Brian",CAN,Men,team,X,Bronze
Melbourne / Stockholm,1956,Equestrian,Eventing,"RUMBLE, John Mitchell",CAN,Men,team,X,Bronze
Melbourne / Stockholm,1956,Equestrian,Eventing,"HILL, Albert Edwin",GBR,Men,team,X,Gold
Melbourne / Stockholm,1956,Equestrian,Eventing,"ROOK, Arthur Laurence",GBR,Men,team,X,Gold
Melbourne / Stockholm,1956,Equestrian,Eventing,"WELDON, Francis William Charles",GBR,Men,team,X,Gold
Melbourne / Stockholm,1956,Equestrian,Eventing,"LÜTKE WESTHUES, August",EUA,Men,team,X,Silver
Melbourne / Stockholm,1956,Equestrian,Eventing,"ROTHE, Otto",EUA,Men,team,X,Silver
Melbourne / Stockholm,1956,Equestrian,Eventing,"WAGNER, Klaus",EUA,Men,team,X,Silver
Melbourne / Stockholm,1956,Equestrian,Eventing,PRINZESS,EUA,Women,team,X,Silver
Melbourne / Stockholm,1956,Equestrian,Eventing,SISSI,EUA,Women,team,X,Silver
Melbourne / Stockholm,1956,Equestrian,Jumping,"D'INZEO, Piero",ITA,Men,individual,X,Bronze
Melbourne / Stockholm,1956,Equestrian,Jumping,"WINKLER, Hans Günter",EUA,Men,individual,X,Gold
Melbourne / Stockholm,1956,Equestrian,Jumping,"D'INZEO, Raimondo",ITA,Men,individual,X,Silver
Melbourne / Stockholm,1956,Equestrian,Jumping,HALLA,EUA,Women,individual,X,Gold
Melbourne / Stockholm,1956,Equestrian,Jumping,"ROBESON, Peter David",GBR,Men,team,X,Bronze
Melbourne / Stockholm,1956,Equestrian,Jumping,"WHITE, Wilfred Harry",GBR,Men,team,X,Bronze
Melbourne / Stockholm,1956,Equestrian,Jumping,"LUTKE WESTHUES, Alfons",EUA,Men,team,X,Gold
Melbourne / Stockholm,1956,Equestrian,Jumping,"THIEDEMANN, Fritz",EUA,Men,team,X,Gold
Melbourne / Stockholm,1956,Equestrian,Jumping,"WINKLER, Hans Günter",EUA,Men,team,X,Gold
Melbourne / Stockholm,1956,Equestrian,Jumping,"D'INZEO, Piero",ITA,Men,team,X,Silver
Melbourne / Stockholm,1956,Equestrian,Jumping,"D'INZEO, Raimondo",ITA,Men,team,X,Silver
Melbourne / Stockholm,1956,Equestrian,Jumping,"OPPES, Salvatore",ITA,Men,team,X,Silver
Melbourne / Stockholm,1956,Equestrian,Jumping,"SMYTHE, Patricia Rosemary",GBR,Women,team,X,Bronze
Melbourne / Stockholm,1956,Equestrian,Jumping,ALA,EUA,Women,team,X,Gold
Melbourne / Stockholm,1956,Equestrian,Jumping,HALLA,EUA,Women,team,X,Gold
Melbourne / Stockholm,1956,Fencing,Fencing,"MANGIAROTTI, Edoardo",ITA,Men,épée individual,M,Bronze
Melbourne / Stockholm,1956,Fencing,Fencing,"PAVESI, Carlo",ITA,Men,épée individual,M,Gold
Melbourne / Stockholm,1956,Fencing,Fencing,"DELFINO, Giuseppe",ITA,Men,épée individual,M,Silver
Melbourne / Stockholm,1956,Fencing,Fencing,"DAGALLIER, Daniel",FRA,Men,épée team,M,Bronze
Melbourne / Stockholm,1956,Fencing,Fencing,"DREYFUS, Yves",FRA,Men,épée team,M,Bronze
Melbourne / Stockholm,1956,Fencing,Fencing,"MOUYAL, Armand",FRA,Men,épée team,M,Bronze
Melbourne / Stockholm,1956,Fencing,Fencing,"NIGON, Claude",FRA,Men,épée team,M,Bronze
Melbourne / Stockholm,1956,Fencing,Fencing,"QUEYROUX, Rene",FRA,Men,épée team,M,Bronze
Melbourne / Stockholm,1956,Fencing,Fencing,"ANGLESIO, Giorgio",ITA,Men,épée team,M,Gold
Melbourne / Stockholm,1956,Fencing,Fencing,"BERTINETTI, Franco",ITA,Men,épée team,M,Gold
Melbourne / Stockholm,1956,Fencing,Fencing,"DELFINO, Giuseppe",ITA,Men,épée team,M,Gold
Melbourne / Stockholm,1956,Fencing,Fencing,"MANGIAROTTI, Edoardo",ITA,Men,épée team,M,Gold
Melbourne / Stockholm,1956,Fencing,Fencing,"PAVESI, Carlo",ITA,Men,épée team,M,Gold
Melbourne / Stockholm,1956,Fencing,Fencing,"PELLEGRINO, Alberto",ITA,Men,épée team,M,Gold
Melbourne / Stockholm,1956,Fencing,Fencing,"BALTHAZAR, Lajos",HUN,Men,épée team,M,Silver
Melbourne / Stockholm,1956,Fencing,Fencing,"BERZSENYI, Barnabas",HUN,Men,épée team,M,Silver
Melbourne / Stockholm,1956,Fencing,Fencing,"MAROSI, Jozsef",HUN,Men,épée team,M,Silver
Melbourne / Stockholm,1956,Fencing,Fencing,"NAGY, Ambrus",HUN,Men,épée team,M,Silver
Melbourne / Stockholm,1956,Fencing,Fencing,"RERRICH, Bela",HUN,Men,épée team,M,Silver
Melbourne / Stockholm,1956,Fencing,Fencing,"SAKOVICS, Jozsef",HUN,Men,épée team,M,Silver
Melbourne / Stockholm,1956,Fencing,Fencing,"SPALLINO, Antonio",ITA,Men,foil individual,M,Bronze
Melbourne / Stockholm,1956,Fencing,Fencing,"D'ORIOLA, Christian",FRA,Men,foil individual,M,Gold
Melbourne / Stockholm,1956,Fencing,Fencing,"BERGAMINI, Giancarlo",ITA,Men,foil individual,M,Silver
Melbourne / Stockholm,1956,Fencing,Fencing,"GARILHE, Renee",FRA,Women,foil individual,W,Bronze
Melbourne / Stockholm,1956,Fencing,Fencing,"SHEEN, Gillian Mary",GBR,Women,foil individual,W,Gold
Melbourne / Stockholm,1956,Fencing,Fencing,"ORBAN-SZABO, Olga",ROU,Women,foil individual,W,Silver
Melbourne / Stockholm,1956,Fencing,Fencing,"FÜLÖP, Mihaly",HUN,Men,foil team,M,Bronze
Melbourne / Stockholm,1956,Fencing,Fencing,"GYURICZA, Jozsef",HUN,Men,foil team,M,Bronze
Melbourne / Stockholm,1956,Fencing,Fencing,"MAROSI, Jozsef",HUN,Men,foil team,M,Bronze
Melbourne / Stockholm,1956,Fencing,Fencing,"SAKOVICS, Jozsef",HUN,Men,foil team,M,Bronze
Melbourne / Stockholm,1956,Fencing,Fencing,"SOMODI, Lajos",HUN,Men,foil team,M,Bronze
Melbourne / Stockholm,1956,Fencing,Fencing,"TILLI, Endre",HUN,Men,foil team,M,Bronze
Melbourne / Stockholm,1956,Fencing,Fencing,"BERGAMINI, Giancarlo",ITA,Men,foil team,M,Gold
Melbourne / Stockholm,1956,Fencing,Fencing,"CARPANEDA, Luigi Arturo",ITA,Men,foil team,M,Gold
Melbourne / Stockholm,1956,Fencing,Fencing,"DI ROSA, Manlio",ITA,Men,foil team,M,Gold
Melbourne / Stockholm,1956,Fencing,Fencing,"LUCARELLI, Vittorio",ITA,Men,foil team,M,Gold
Melbourne / Stockholm,1956,Fencing,Fencing,"MANGIAROTTI, Edoardo",ITA,Men,foil team,M,Gold
Melbourne / Stockholm,1956,Fencing,Fencing,"SPALLINO, Antonio",ITA,Men,foil team,M,Gold
Melbourne / Stockholm,1956,Fencing,Fencing,"BAUDOUX, Bernard",FRA,Men,foil team,M,Silver
Melbourne / Stockholm,1956,Fencing,Fencing,"CLOSSET, Roger",FRA,Men,foil team,M,Silver
Melbourne / Stockholm,1956,Fencing,Fencing,"COICAUD, Rene",FRA,Men,foil team,M,Silver
Melbourne / Stockholm,1956,Fencing,Fencing,"D'ORIOLA, Christian",FRA,Men,foil team,M,Silver
Melbourne / Stockholm,1956,Fencing,Fencing,"LATASTE, Jacques",FRA,Men,foil team,M,Silver
Melbourne / Stockholm,1956,Fencing,Fencing,"NETTER, Claude",FRA,Men,foil team,M,Silver
Melbourne / Stockholm,1956,Fencing,Fencing,"KUZNETSOV, Lev",URS,Men,sabre individual,M,Bronze
Melbourne / Stockholm,1956,Fencing,Fencing,"KARPATI, Rudolf",HUN,Men,sabre individual,M,Gold
Melbourne / Stockholm,1956,Fencing,Fencing,"PAWLOWSKI, Jerzy",POL,Men,sabre individual,M,Silver
Melbourne / Stockholm,1956,Fencing,Fencing,"BOGDANOV, Leonid",URS,Men,sabre team,M,Bronze
Melbourne / Stockholm,1956,Fencing,Fencing,"CHEREPOVSKY, Yevgeni",URS,Men,sabre team,M,Bronze
Melbourne / Stockholm,1956,Fencing,Fencing,"KUZNETSOV, Lev",URS,Men,sabre team,M,Bronze
Melbourne / Stockholm,1956,Fencing,Fencing,"RYLSKY, Yakov",URS,Men,sabre team,M,Bronze
Melbourne / Stockholm,1956,Fencing,Fencing,"TYSHLER, David",URS,Men,sabre team,M,Bronze
Melbourne / Stockholm,1956,Fencing,Fencing,"GEREVICH, Aladar",HUN,Men,sabre team,M,Gold
Melbourne / Stockholm,1956,Fencing,Fencing,"HAMORI, Jenö",HUN,Men,sabre team,M,Gold
Melbourne / Stockholm,1956,Fencing,Fencing,"KARPATI, Rudolf",HUN,Men,sabre team,M,Gold
Melbourne / Stockholm,1956,Fencing,Fencing,"KERESZTES, Attila",HUN,Men,sabre team,M,Gold
Melbourne / Stockholm,1956,Fencing,Fencing,"KOVACS, Pal Adam",HUN,Men,sabre team,M,Gold
Melbourne / Stockholm,1956,Fencing,Fencing,"MAGAI, Daniel",HUN,Men,sabre team,M,Gold
Melbourne / Stockholm,1956,Fencing,Fencing,"KUSZEWSKI, Marian Zygmunt",POL,Men,sabre team,M,Silver
Melbourne / Stockholm,1956,Fencing,Fencing,"PAWLAS, Zygmunt",POL,Men,sabre team,M,Silver
Melbourne / Stockholm,1956,Fencing,Fencing,"PAWLOWSKI, Jerzy",POL,Men,sabre team,M,Silver
Melbourne / Stockholm,1956,Fencing,Fencing,"PIATKOWSKI, Andrzej Ryszard",POL,Men,sabre team,M,Silver
Melbourne / Stockholm,1956,Fencing,Fencing,"ZABLOCKI, Wojciech",POL,Men,sabre team,M,Silver
Melbourne / Stockholm,1956,Fencing,Fencing,"ZUB, Ryszard",POL,Men,sabre team,M,Silver
Melbourne / Stockholm,1956,Football,Football,"DIEV, Todor Nedyalkov",BUL,Men,football,M,Bronze
Melbourne / Stockholm,1956,Football,Football,"KOLEV, Ivan Petkov",BUL,Men,football,M,Bronze
Melbourne / Stockholm,1956,Football,Football,"KOVATCHEV, Nikolai Dimitrov",BUL,Men,football,M,Bronze
Melbourne / Stockholm,1956,Football,Football,"MANOLOV, Manol Tomov",BUL,Men,football,M,Bronze
Melbourne / Stockholm,1956,Football,Football,"NAYDENOV, Georghi Spirov",BUL,Men,football,M,Bronze
Melbourne / Stockholm,1956,Football,Football,"NIKOLOV, Guergui Dimitrov",BUL,Men,football,M,Bronze
Melbourne / Stockholm,1956,Football,Football,"NIKOLOV, Miltcho Goranov",BUL,Men,football,M,Bronze
Melbourne / Stockholm,1956,Football,Football,"PANAYOTOV, Panayot Mitov",BUL,Men,football,M,Bronze
Melbourne / Stockholm,1956,Football,Football,"RAKAROV, Kirill Manolov",BUL,Men,football,M,Bronze
Melbourne / Stockholm,1956,Football,Football,"STEFANOV, Stefan Bojilov",BUL,Men,football,M,Bronze
Melbourne / Stockholm,1956,Football,Football,"STOYANOV, Dimitre Milanov",BUL,Men,football,M,Bronze
Melbourne / Stockholm,1956,Football,Football,"STOYANOV, Gavril Todorov",BUL,Men,football,M,Bronze
Melbourne / Stockholm,1956,Football,Football,"YANEV, Kroum Ivanov",BUL,Men,football,M,Bronze
Melbourne / Stockholm,1956,Football,Football,"YORDANOV, Yordan Yossifov",BUL,Men,football,M,Bronze
Melbourne / Stockholm,1956,Football,Football,"BASHASHKIN, Anatoli",URS,Men,football,M,Gold
Melbourne / Stockholm,1956,Football,Football,"BETSA, Iosif",URS,Men,football,M,Gold
Melbourne / Stockholm,1956,Football,Football,"ILYIN, Anatoli",URS,Men,football,M,Gold
Melbourne / Stockholm,1956,Football,Football,"ISAEV, Anatoli",URS,Men,football,M,Gold
Melbourne / Stockholm,1956,Football,Football,"IVANOV, Valentin",URS,Men,football,M,Gold
Melbourne / Stockholm,1956,Football,Football,"KUZNETSOV, Boris",URS,Men,football,M,Gold
Melbourne / Stockholm,1956,Football,Football,"MASLENKIN, Anatoli",URS,Men,football,M,Gold
Melbourne / Stockholm,1956,Football,Football,"NETTO, Igor",URS,Men,football,M,Gold
Melbourne / Stockholm,1956,Football,Football,"OGONKOV, Mikhail",URS,Men,football,M,Gold
Melbourne / Stockholm,1956,Football,Football,"PARAMONOV, Aleksei",URS,Men,football,M,Gold
Melbourne / Stockholm,1956,Football,Football,"RAZINSKY, Boris",URS,Men,football,M,Gold
Melbourne / Stockholm,1956,Football,Football,"RYZHKIN, Vladimir",URS,Men,football,M,Gold
Melbourne / Stockholm,1956,Football,Football,"SALNIKOV, Sergei",URS,Men,football,M,Gold
Melbourne / Stockholm,1956,Football,Football,"SIMONYAN, Nikita",URS,Men,football,M,Gold
Melbourne / Stockholm,1956,Football,Football,"STRELTSOV, Eduard",URS,Men,football,M,Gold
Melbourne / Stockholm,1956,Football,Football,"TATUSHIN, Boris",URS,Men,football,M,Gold
Melbourne / Stockholm,1956,Football,Football,"TISHCHENKO, Nikolai",URS,Men,football,M,Gold
Melbourne / Stockholm,1956,Football,Football,"YASHIN, Lev",URS,Men,football,M,Gold
Melbourne / Stockholm,1956,Football,Football,"ANTIC, Sava",YUG,Men,football,M,Silver
Melbourne / Stockholm,1956,Football,Football,"BIOGRADLIC, Ibrahim",YUG,Men,football,M,Silver
Melbourne / Stockholm,1956,Football,Football,"KOSCAK, Mladen",YUG,Men,football,M,Silver
Melbourne / Stockholm,1956,Football,Football,"KRSTIC, Dobroslav",YUG,Men,football,M,Silver
Melbourne / Stockholm,1956,Football,Football,"LIPOSINOVIC, Luka",YUG,Men,football,M,Silver
Melbourne / Stockholm,1956,Football,Football,"MUJIC, Muhamed",YUG,Men,football,M,Silver
Melbourne / Stockholm,1956,Football,Football,"PAPEC, Zlatko",YUG,Men,football,M,Silver
Melbourne / Stockholm,1956,Football,Football,"RADENKOVIC, Petar",YUG,Men,football,M,Silver
Melbourne / Stockholm,1956,Football,Football,"RADOVIC, Nikola",YUG,Men,football,M,Silver
Melbourne / Stockholm,1956,Football,Football,"SANTEK, Ivan",YUG,Men,football,M,Silver
Melbourne / Stockholm,1956,Football,Football,"SEKULARAC, Dragoslav",YUG,Men,football,M,Silver
Melbourne / Stockholm,1956,Football,Football,"SPAJIC, Ljubisa",YUG,Men,football,M,Silver
Melbourne / Stockholm,1956,Football,Football,"VESELINOVIC, Todor",YUG,Men,football,M,Silver
Melbourne / Stockholm,1956,Football,Football,"VIDINIC, Blagoje",YUG,Men,football,M,Silver
Melbourne / Stockholm,1956,Gymnastics,Artistic G.,"KELETI, Agnes",HUN,Women,balance beam,W,Gold
Melbourne / Stockholm,1956,Gymnastics,Artistic G.,"MANINA, Tamara",URS,Women,balance beam,W,Silver
Melbourne / Stockholm,1956,Gymnastics,Artistic G.,"VECHTOVA-BOSAKOVA, Eva",TCH,Women,balance beam,W,Silver
Melbourne / Stockholm,1956,Gymnastics,Artistic G.,"MURATOV, Valentin",URS,Men,floor exercises,M,Gold
Melbourne / Stockholm,1956,Gymnastics,Artistic G.,"AIHARA, Nobuyuki",JPN,Men,floor exercises,M,Silver
Melbourne / Stockholm,1956,Gymnastics,Artistic G.,"CHUKARIN, Viktor Ivanovich",URS,Men,floor exercises,M,Silver
Melbourne / Stockholm,1956,Gymnastics,Artistic G.,"THORESSON, William",SWE,Men,floor exercises,M,Silver
Melbourne / Stockholm,1956,Gymnastics,Artistic G.,"LEUSTEANU-POPESCU-TEODORESCU, Elena",ROU,Women,floor exercises,W,Bronze
Melbourne / Stockholm,1956,Gymnastics,Artistic G.,"KELETI, Agnes",HUN,Women,floor exercises,W,Gold
Melbourne / Stockholm,1956,Gymnastics,Artistic G.,"LATYNINA, Larisa",URS,Women,floor exercises,W,Gold
Melbourne / Stockholm,1956,Gymnastics,Artistic G.,"TAKEMOTO, Masao",JPN,Men,horizontal bar,M,Bronze
Melbourne / Stockholm,1956,Gymnastics,Artistic G.,"ONO, Takashi",JPN,Men,horizontal bar,M,Gold
Melbourne / Stockholm,1956,Gymnastics,Artistic G.,"TITOV, Yuri",URS,Men,horizontal bar,M,Silver
Melbourne / Stockholm,1956,Gymnastics,Artistic G.,"TITOV, Yuri",URS,Men,individual all-round,M,Bronze
Melbourne / Stockholm,1956,Gymnastics,Artistic G.,"CHUKARIN, Viktor Ivanovich",URS,Men,individual all-round,M,Gold
Melbourne / Stockholm,1956,Gymnastics,Artistic G.,"ONO, Takashi",JPN,Men,individual all-round,M,Silver
Melbourne / Stockholm,1956,Gymnastics,Artistic G.,"MURATOVA, Sofiya",URS,Women,individual all-round,W,Bronze
Melbourne / Stockholm,1956,Gymnastics,Artistic G.,"LATYNINA, Larisa",URS,Women,individual all-round,W,Gold
Melbourne / Stockholm,1956,Gymnastics,Artistic G.,"KELETI, Agnes",HUN,Women,individual all-round,W,Silver
Melbourne / Stockholm,1956,Gymnastics,Artistic G.,"ONO, Takashi",JPN,Men,parallel bars,M,Bronze
Melbourne / Stockholm,1956,Gymnastics,Artistic G.,"TAKEMOTO, Masao",JPN,Men,parallel bars,M,Bronze
Melbourne / Stockholm,1956,Gymnastics,Artistic G.,"CHUKARIN, Viktor Ivanovich",URS,Men,parallel bars,M,Gold
Melbourne / Stockholm,1956,Gymnastics,Artistic G.,"KUBOTA, Masami",JPN,Men,parallel bars,M,Silver
Melbourne / Stockholm,1956,Gymnastics,Artistic G.,"CHUKARIN, Viktor Ivanovich",URS,Men,pommel horse,M,Bronze
Melbourne / Stockholm,1956,Gymnastics,Artistic G.,"SHAKHLIN, Boris",URS,Men,pommel horse,M,Gold
Melbourne / Stockholm,1956,Gymnastics,Artistic G.,"ONO, Takashi",JPN,Men,pommel horse,M,Silver
Melbourne / Stockholm,1956,Gymnastics,Artistic G.,"KUBOTA, Masami",JPN,Men,rings,M,Bronze
Melbourne / Stockholm,1956,Gymnastics,Artistic G.,"TAKEMOTO, Masao",JPN,Men,rings,M,Bronze
Melbourne / Stockholm,1956,Gymnastics,Artistic G.,"AZARYAN, Albert",URS,Men,rings,M,Gold
Melbourne / Stockholm,1956,Gymnastics,Artistic G.,"MURATOV, Valentin",URS,Men,rings,M,Silver
Melbourne / Stockholm,1956,Gymnastics,Artistic G.,"HEINONEN, Raimo Yrjö",FIN,Men,team competition,M,Bronze
Melbourne / Stockholm,1956,Gymnastics,Artistic G.,"LAPPALAINEN, Onni Armas",FIN,Men,team competition,M,Bronze
Melbourne / Stockholm,1956,Gymnastics,Artistic G.,"LEIMUVIRTA, Olavi Erkki",FIN,Men,team competition,M,Bronze
Melbourne / Stockholm,1956,Gymnastics,Artistic G.,"LINDFORS, Berndt Torbjörn",FIN,Men,team competition,M,Bronze
Melbourne / Stockholm,1956,Gymnastics,Artistic G.,"MANSIKKA, Martti",FIN,Men,team competition,M,Bronze
Melbourne / Stockholm,1956,Gymnastics,Artistic G.,"SUONIEMI, Kalevi Ensio",FIN,Men,team competition,M,Bronze
Melbourne / Stockholm,1956,Gymnastics,Artistic G.,"AZARYAN, Albert",URS,Men,team competition,M,Gold
Melbourne / Stockholm,1956,Gymnastics,Artistic G.,"CHUKARIN, Viktor Ivanovich",URS,Men,team competition,M,Gold
Melbourne / Stockholm,1956,Gymnastics,Artistic G.,"MURATOV, Valentin",URS,Men,team competition,M,Gold
Melbourne / Stockholm,1956,Gymnastics,Artistic G.,"SHAKHLIN, Boris",URS,Men,team competition,M,Gold
Melbourne / Stockholm,1956,Gymnastics,Artistic G.,"STOLBOV, Pavel",URS,Men,team competition,M,Gold
Melbourne / Stockholm,1956,Gymnastics,Artistic G.,"TITOV, Yuri",URS,Men,team competition,M,Gold
Melbourne / Stockholm,1956,Gymnastics,Artistic G.,"AIHARA, Nobuyuki",JPN,Men,team competition,M,Silver
Melbourne / Stockholm,1956,Gymnastics,Artistic G.,"KONO, Akira",JPN,Men,team competition,M,Silver
Melbourne / Stockholm,1956,Gymnastics,Artistic G.,"KUBOTA, Masami",JPN,Men,team competition,M,Silver
Melbourne / Stockholm,1956,Gymnastics,Artistic G.,"ONO, Takashi",JPN,Men,team competition,M,Silver
Melbourne / Stockholm,1956,Gymnastics,Artistic G.,"TAKEMOTO, Masao",JPN,Men,team competition,M,Silver
Melbourne / Stockholm,1956,Gymnastics,Artistic G.,"TSUKAWAKI, Shinsaku",JPN,Men,team competition,M,Silver
Melbourne / Stockholm,1956,Gymnastics,Artistic G.,"HURMUZACHI-DUMITRESCU, Georgeta",ROU,Women,team competition,W,Bronze
Melbourne / Stockholm,1956,Gymnastics,Artistic G.,"IOVAN-INOVAN, Sonia",ROU,Women,team competition,W,Bronze
Melbourne / Stockholm,1956,Gymnastics,Artistic G.,"LEUSTEANU-POPESCU-TEODORESCU, Elena",ROU,Women,team competition,W,Bronze
Melbourne / Stockholm,1956,Gymnastics,Artistic G.,"MARGARIT-NICULESCU, Elena",ROU,Women,team competition,W,Bronze
Melbourne / Stockholm,1956,Gymnastics,Artistic G.,"SACALICI-PETROSANU, Elena",ROU,Women,team competition,W,Bronze
Melbourne / Stockholm,1956,Gymnastics,Artistic G.,"VATASOIU-LITA, Emilia",ROU,Women,team competition,W,Bronze
Melbourne / Stockholm,1956,Gymnastics,Artistic G.,"ASTAKHOVA, Polina",URS,Women,team competition,W,Gold
Melbourne / Stockholm,1956,Gymnastics,Artistic G.,"EGOROVA, Lyudmila",URS,Women,team competition,W,Gold
Melbourne / Stockholm,1956,Gymnastics,Artistic G.,"KALININA-IVANOVA, Lidiya",URS,Women,team competition,W,Gold
Melbourne / Stockholm,1956,Gymnastics,Artistic G.,"LATYNINA, Larisa",URS,Women,team competition,W,Gold
Melbourne / Stockholm,1956,Gymnastics,Artistic G.,"MANINA, Tamara",URS,Women,team competition,W,Gold
Melbourne / Stockholm,1956,Gymnastics,Artistic G.,"MURATOVA, Sofiya",URS,Women,team competition,W,Gold
Melbourne / Stockholm,1956,Gymnastics,Artistic G.,"BODO-MOLNAR, Andrea",HUN,Women,team competition,W,Silver
Melbourne / Stockholm,1956,Gymnastics,Artistic G.,"GULYAS-KÖTELES, Erzsebet",HUN,Women,team competition,W,Silver
Melbourne / Stockholm,1956,Gymnastics,Artistic G.,"KELETI, Agnes",HUN,Women,team competition,W,Silver
Melbourne / Stockholm,1956,Gymnastics,Artistic G.,"KERTESZ, Aliz",HUN,Women,team competition,W,Silver
