Seoul,1988,Basketball,Basketball,"ARBUTINA, Andjelija",YUG,Women,basketball,W,Silver
Seoul,1988,Basketball,Basketball,"BAJKUSA, Vesna",YUG,Women,basketball,W,Silver
Seoul,1988,Basketball,Basketball,"DORNIK, Polona",YUG,Women,basketball,W,Silver
Seoul,1988,Basketball,Basketball,"GOLIC, Sladjana",YUG,Women,basketball,W,Silver
Seoul,1988,Basketball,Basketball,"KVESIC, Kornelija",YUG,Women,basketball,W,Silver
Seoul,1988,Basketball,Basketball,"LAKIC, Mara",YUG,Women,basketball,W,Silver
Seoul,1988,Basketball,Basketball,"LELAS, Zana",YUG,Women,basketball,W,Silver
Seoul,1988,Basketball,Basketball,"MILOSEVIC, Bojana",YUG,Women,basketball,W,Silver
Seoul,1988,Basketball,Basketball,"MUJANOVIC, Razija",YUG,Women,basketball,W,Silver
Seoul,1988,Basketball,Basketball,"NAKIC, Danira",YUG,Women,basketball,W,Silver
Seoul,1988,Basketball,Basketball,"VANGELOVSKA, Stojna",YUG,Women,basketball,W,Silver
Seoul,1988,Basketball,Basketball,"WILD, Eleonora",YUG,Women,basketball,W,Silver
Seoul,1988,Boxing,Boxing,"ISASZEGI, Robert",HUN,Men,- 48kg (light-flyweight),M,Bronze
Seoul,1988,Boxing,Boxing,"SERANTES, Leopoldo",PHI,Men,- 48kg (light-flyweight),M,Bronze
Seoul,1988,Boxing,Boxing,"KHRISTOV, Ivailo Marinov",BUL,Men,- 48kg (light-flyweight),M,Gold
Seoul,1988,Boxing,Boxing,"CARBAJAL, Michael",USA,Men,- 48kg (light-flyweight),M,Silver
Seoul,1988,Boxing,Boxing,"MIROSHNICHENKO, Aleksandr",URS,Men,+ 91kg (super heavyweight),M,Bronze
Seoul,1988,Boxing,Boxing,"ZARENKIEWICZ, Janusz",POL,Men,+ 91kg (super heavyweight),M,Bronze
Seoul,1988,Boxing,Boxing,"LEWIS, Lennox",CAN,Men,+ 91kg (super heavyweight),M,Gold
Seoul,1988,Boxing,Boxing,"BOWE, Riddick Lamont",USA,Men,+ 91kg (super heavyweight),M,Silver
Seoul,1988,Boxing,Boxing,"GONZALEZ, Mario",MEX,Men,48 - 51kg (flyweight),M,Bronze
Seoul,1988,Boxing,Boxing,"SKRYABIN, Timofei",URS,Men,48 - 51kg (flyweight),M,Bronze
Seoul,1988,Boxing,Boxing,"KIM, Kwang-Sun",KOR,Men,48 - 51kg (flyweight),M,Gold
Seoul,1988,Boxing,Boxing,"TEWS, Andreas",GDR,Men,48 - 51kg (flyweight),M,Silver
Seoul,1988,Boxing,Boxing,"JULIO ROCHA, Jorge Eliecer",COL,Men,51 - 54kg (bantamweight),M,Bronze
Seoul,1988,Boxing,Boxing,"MOOLSAN, Phajol",THA,Men,51 - 54kg (bantamweight),M,Bronze
Seoul,1988,Boxing,Boxing,"MCKINNEY, Kennedy",USA,Men,51 - 54kg (bantamweight),M,Gold
Seoul,1988,Boxing,Boxing,"KRISTOV, Aleksandar",BUL,Men,51 - 54kg (bantamweight),M,Silver
Seoul,1988,Boxing,Boxing,"ACHIK, Abdelhak",MAR,Men,54 - 57kg (featherweight),M,Bronze
Seoul,1988,Boxing,Boxing,"LEE, Jae-Hyuk",KOR,Men,54 - 57kg (featherweight),M,Bronze
Seoul,1988,Boxing,Boxing,"PARISI, Giovanni",ITA,Men,54 - 57kg (featherweight),M,Gold
Seoul,1988,Boxing,Boxing,"DUMITRESCU, Daniel",ROU,Men,54 - 57kg (featherweight),M,Silver
Seoul,1988,Boxing,Boxing,"ELLIS, Romallis",USA,Men,57 - 60kg (lightweight),M,Bronze
Seoul,1988,Boxing,Boxing,"ENKHBAT, Nerguy",MGL,Men,57 - 60kg (lightweight),M,Bronze
Seoul,1988,Boxing,Boxing,"ZÜLOW, Andreas",GDR,Men,57 - 60kg (lightweight),M,Gold
Seoul,1988,Boxing,Boxing,"CRAMNE, George",SWE,Men,57 - 60kg (lightweight),M,Silver
Seoul,1988,Boxing,Boxing,"GIES, Reiner",FRG,Men,60 - 63.5kg (light-welterweight),M,Bronze
Seoul,1988,Boxing,Boxing,"MYRBERG, Lars",SWE,Men,60 - 63.5kg (light-welterweight),M,Bronze
Seoul,1988,Boxing,Boxing,"YANOVSKI, Vyacheslav",URS,Men,60 - 63.5kg (light-welterweight),M,Gold
Seoul,1988,Boxing,Boxing,"CHENEY, Grahame",AUS,Men,60 - 63.5kg (light-welterweight),M,Silver
Seoul,1988,Boxing,Boxing,"DYDAK, Jan",POL,Men,63.5 - 67kg (welterweight),M,Bronze
Seoul,1988,Boxing,Boxing,"GOULD, Kenneth",USA,Men,63.5 - 67kg (welterweight),M,Bronze
Seoul,1988,Boxing,Boxing,"WANGILA, Robert",KEN,Men,63.5 - 67kg (welterweight),M,Gold
Seoul,1988,Boxing,Boxing,"BOUDOUANI, Laurent",FRA,Men,63.5 - 67kg (welterweight),M,Silver
Seoul,1988,Boxing,Boxing,"DOWNEY, Raymond Tyler",CAN,Men,67 - 71kg (light-middleweight),M,Bronze
Seoul,1988,Boxing,Boxing,"WOODHALL, Richard",GBR,Men,67 - 71kg (light-middleweight),M,Bronze
Seoul,1988,Boxing,Boxing,"PARK, Si-Hun",KOR,Men,67 - 71kg (light-middleweight),M,Gold
Seoul,1988,Boxing,Boxing,"JONES, Roy L. Ilnd",USA,Men,67 - 71kg (light-middleweight),M,Silver
Seoul,1988,Boxing,Boxing,"SANDE, Christopher",KEN,Men,71-75kg,M,Bronze
Seoul,1988,Boxing,Boxing,"SYED, Hussain Shah",PAK,Men,71-75kg,M,Bronze
Seoul,1988,Boxing,Boxing,"MASKE, Henry",GDR,Men,71-75kg,M,Gold
Seoul,1988,Boxing,Boxing,"MARCUS, Egerton",CAN,Men,71-75kg,M,Silver
Seoul,1988,Boxing,Boxing,"PETRICH, Henryk",POL,Men,75 - 81kg (light-heavyweight),M,Bronze
Seoul,1988,Boxing,Boxing,"SKARO, Damir",YUG,Men,75 - 81kg (light-heavyweight),M,Bronze
Seoul,1988,Boxing,Boxing,"MAYNARD, Andrew Lester",USA,Men,75 - 81kg (light-heavyweight),M,Gold
Seoul,1988,Boxing,Boxing,"SHANAVAZOV, Nurmagomed",URS,Men,75 - 81kg (light-heavyweight),M,Silver
Seoul,1988,Boxing,Boxing,"GOLOTA, Andrzej",POL,Men,81 - 91kg (heavyweight),M,Bronze
Seoul,1988,Boxing,Boxing,"VANDERLIJDE, Arnold",NED,Men,81 - 91kg (heavyweight),M,Bronze
Seoul,1988,Boxing,Boxing,"MERCER, Raymond A.",USA,Men,81 - 91kg (heavyweight),M,Gold
Seoul,1988,Boxing,Boxing,"BAIK, Hyun-Man",KOR,Men,81 - 91kg (heavyweight),M,Silver
Seoul,1988,Canoe / Kayak,Canoe / Kayak F,"BUKHALOV, Nikolai Petkov",BUL,Men,C-1 1000m (canoe single),M,Bronze
Seoul,1988,Canoe / Kayak,Canoe / Kayak F,"KLEMENTYEV, Ivans",URS,Men,C-1 1000m (canoe single),M,Gold
Seoul,1988,Canoe / Kayak,Canoe / Kayak F,"SCHMIDT, Jorg",GDR,Men,C-1 1000m (canoe single),M,Silver
Seoul,1988,Canoe / Kayak,Canoe / Kayak F,"MARINOV, Martin Guerguiev",BUL,Men,C-1 500m (canoe single),M,Bronze
Seoul,1988,Canoe / Kayak,Canoe / Kayak F,"HEUKRODT, Olaf",GDR,Men,C-1 500m (canoe single),M,Gold
Seoul,1988,Canoe / Kayak,Canoe / Kayak F,"SLIWINSKI, Michal",URS,Men,C-1 500m (canoe single),M,Silver
Seoul,1988,Canoe / Kayak,Canoe / Kayak F,"DOPIERALA, Marek",POL,Men,C-2 1000m (canoe double),M,Bronze
Seoul,1988,Canoe / Kayak,Canoe / Kayak F,"LBIK, Marek",POL,Men,C-2 1000m (canoe double),M,Bronze
Seoul,1988,Canoe / Kayak,Canoe / Kayak F,"JURAVSCHI, Nikolai",URS,Men,C-2 1000m (canoe double),M,Gold
Seoul,1988,Canoe / Kayak,Canoe / Kayak F,"RENEYSKIY, Viktor",URS,Men,C-2 1000m (canoe double),M,Gold
Seoul,1988,Canoe / Kayak,Canoe / Kayak F,"HEUKRODT, Olaf",GDR,Men,C-2 1000m (canoe double),M,Silver
Seoul,1988,Canoe / Kayak,Canoe / Kayak F,"SPELLY, Ingo",GDR,Men,C-2 1000m (canoe double),M,Silver
Seoul,1988,Canoe / Kayak,Canoe / Kayak F,"BETTIN, Joel",FRA,Men,C-2 500m (canoe double),M,Bronze
Seoul,1988,Canoe / Kayak,Canoe / Kayak F,"RENAUD, Philippe",FRA,Men,C-2 500m (canoe double),M,Bronze
Seoul,1988,Canoe / Kayak,Canoe / Kayak F,"JURAVSCHI, Nikolai",URS,Men,C-2 500m (canoe double),M,Gold
Seoul,1988,Canoe / Kayak,Canoe / Kayak F,"RENEYSKIY, Viktor",URS,Men,C-2 500m (canoe double),M,Gold
Seoul,1988,Canoe / Kayak,Canoe / Kayak F,"DOPIERALA, Marek",POL,Men,C-2 500m (canoe double),M,Silver
Seoul,1988,Canoe / Kayak,Canoe / Kayak F,"LBIK, Marek",POL,Men,C-2 500m (canoe double),M,Silver
Seoul,1988,Canoe / Kayak,Canoe / Kayak F,"WOHLLEBE, Andre",GDR,Men,K-1 1000m (kayak single),M,Bronze
Seoul,1988,Canoe / Kayak,Canoe / Kayak F,"BARTON, Gregory Mark",USA,Men,K-1 1000m (kayak single),M,Gold
Seoul,1988,Canoe / Kayak,Canoe / Kayak F,"DAVIES, Grant",AUS,Men,K-1 1000m (kayak single),M,Silver
Seoul,1988,Canoe / Kayak,Canoe / Kayak F,"MAC DONALD, Christopher Paul",NZL,Men,K-1 500m (kayak single),M,Bronze
Seoul,1988,Canoe / Kayak,Canoe / Kayak F,"GYULAY, Zsolt",HUN,Men,K-1 500m (kayak single),M,Gold
Seoul,1988,Canoe / Kayak,Canoe / Kayak F,"STAHLE, Andreas",GDR,Men,K-1 500m (kayak single),M,Silver
Seoul,1988,Canoe / Kayak,Canoe / Kayak F,"DYLEWSKA, Izabela",POL,Women,K-1 500m (kayak single),W,Bronze
Seoul,1988,Canoe / Kayak,Canoe / Kayak F,"GUECHEVA, Vania",BUL,Women,K-1 500m (kayak single),W,Gold
Seoul,1988,Canoe / Kayak,Canoe / Kayak F,"FISCHER, Birgit",GDR,Women,K-1 500m (kayak single),W,Silver
Seoul,1988,Canoe / Kayak,Canoe / Kayak F,"FOSTER, Peter",AUS,Men,K-2 1000m (kayak double),M,Bronze
Seoul,1988,Canoe / Kayak,Canoe / Kayak F,"GRAHAM, Kelvin John",AUS,Men,K-2 1000m (kayak double),M,Bronze
Seoul,1988,Canoe / Kayak,Canoe / Kayak F,"BARTON, Gregory Mark",USA,Men,K-2 1000m (kayak double),M,Gold
Seoul,1988,Canoe / Kayak,Canoe / Kayak F,"BELLINGHAM, Norman Dean",USA,Men,K-2 1000m (kayak double),M,Gold
Seoul,1988,Canoe / Kayak,Canoe / Kayak F,"FERGUSON, Ian Gordon",NZL,Men,K-2 1000m (kayak double),M,Silver
Seoul,1988,Canoe / Kayak,Canoe / Kayak F,"MAC DONALD, Christopher Paul",NZL,Men,K-2 1000m (kayak double),M,Silver
Seoul,1988,Canoe / Kayak,Canoe / Kayak F,"ABRAHAM, Attila",HUN,Men,K-2 500m (kayak double),M,Bronze
Seoul,1988,Canoe / Kayak,Canoe / Kayak F,"CSIPES, Ferenc",HUN,Men,K-2 500m (kayak double),M,Bronze
Seoul,1988,Canoe / Kayak,Canoe / Kayak F,"FERGUSON, Ian Gordon",NZL,Men,K-2 500m (kayak double),M,Gold
Seoul,1988,Canoe / Kayak,Canoe / Kayak F,"MAC DONALD, Christopher Paul",NZL,Men,K-2 500m (kayak double),M,Gold
Seoul,1988,Canoe / Kayak,Canoe / Kayak F,"DENISOV, Victor",URS,Men,K-2 500m (kayak double),M,Silver
Seoul,1988,Canoe / Kayak,Canoe / Kayak F,"NAGAEV, Igor",URS,Men,K-2 500m (kayak double),M,Silver
Seoul,1988,Canoe / Kayak,Canoe / Kayak F,"COX, Annemarie",NED,Women,K-2 500m (kayak double),W,Bronze
Seoul,1988,Canoe / Kayak,Canoe / Kayak F,"DERCKX, Annemarie",NED,Women,K-2 500m (kayak double),W,Bronze
Seoul,1988,Canoe / Kayak,Canoe / Kayak F,"FISCHER, Birgit",GDR,Women,K-2 500m (kayak double),W,Gold
Seoul,1988,Canoe / Kayak,Canoe / Kayak F,"NOTHNAGEL-VON SECK, Anke",GDR,Women,K-2 500m (kayak double),W,Gold
Seoul,1988,Canoe / Kayak,Canoe / Kayak F,"GUECHEVA, Vania",BUL,Women,K-2 500m (kayak double),W,Silver
Seoul,1988,Canoe / Kayak,Canoe / Kayak F,"PALIISKA, Diana",BUL,Women,K-2 500m (kayak double),W,Silver
Seoul,1988,Canoe / Kayak,Canoe / Kayak F,"BLIESENER, Hans-Jorg",GDR,Men,K-4 1000m (kayak four),M,Bronze
Seoul,1988,Canoe / Kayak,Canoe / Kayak F,"BLUHM, Kay",GDR,Men,K-4 1000m (kayak four),M,Bronze
Seoul,1988,Canoe / Kayak,Canoe / Kayak F,"STAHLE, Andreas",GDR,Men,K-4 1000m (kayak four),M,Bronze
Seoul,1988,Canoe / Kayak,Canoe / Kayak F,"WOHLLEBE, Andre",GDR,Men,K-4 1000m (kayak four),M,Bronze
Seoul,1988,Canoe / Kayak,Canoe / Kayak F,"ABRAHAM, Attila",HUN,Men,K-4 1000m (kayak four),M,Gold
Seoul,1988,Canoe / Kayak,Canoe / Kayak F,"CSIPES, Ferenc",HUN,Men,K-4 1000m (kayak four),M,Gold
Seoul,1988,Canoe / Kayak,Canoe / Kayak F,"GYULAY, Zsolt",HUN,Men,K-4 1000m (kayak four),M,Gold
Seoul,1988,Canoe / Kayak,Canoe / Kayak F,"HODOSI, Sandor",HUN,Men,K-4 1000m (kayak four),M,Gold
Seoul,1988,Canoe / Kayak,Canoe / Kayak F,"DENISOV, Victor",URS,Men,K-4 1000m (kayak four),M,Silver
Seoul,1988,Canoe / Kayak,Canoe / Kayak F,"KIRSANOV, Sergei",URS,Men,K-4 1000m (kayak four),M,Silver
Seoul,1988,Canoe / Kayak,Canoe / Kayak F,"MOTUZENKO, Aleksandr",URS,Men,K-4 1000m (kayak four),M,Silver
Seoul,1988,Canoe / Kayak,Canoe / Kayak F,"NAGAEV, Igor",URS,Men,K-4 1000m (kayak four),M,Silver
Seoul,1988,Canoe / Kayak,Canoe / Kayak F,"GUECHEVA, Vania",BUL,Women,K-4 500m (kayak four),W,Bronze
Seoul,1988,Canoe / Kayak,Canoe / Kayak F,"IVANOVA-MILKOVA, Borislava",BUL,Women,K-4 500m (kayak four),W,Bronze
Seoul,1988,Canoe / Kayak,Canoe / Kayak F,"PALIISKA, Diana",BUL,Women,K-4 500m (kayak four),W,Bronze
Seoul,1988,Canoe / Kayak,Canoe / Kayak F,"PETKOVA, Ogniana",BUL,Women,K-4 500m (kayak four),W,Bronze
Seoul,1988,Canoe / Kayak,Canoe / Kayak F,"FISCHER, Birgit",GDR,Women,K-4 500m (kayak four),W,Gold
Seoul,1988,Canoe / Kayak,Canoe / Kayak F,"NOTHNAGEL-VON SECK, Anke",GDR,Women,K-4 500m (kayak four),W,Gold
Seoul,1988,Canoe / Kayak,Canoe / Kayak F,"PORTWICH, Ramona",GDR,Women,K-4 500m (kayak four),W,Gold
Seoul,1988,Canoe / Kayak,Canoe / Kayak F,"SINGER, Heike",GDR,Women,K-4 500m (kayak four),W,Gold
Seoul,1988,Canoe / Kayak,Canoe / Kayak F,"GECZI, Erika",HUN,Women,K-4 500m (kayak four),W,Silver
Seoul,1988,Canoe / Kayak,Canoe / Kayak F,"KOBAN, Rita",HUN,Women,K-4 500m (kayak four),W,Silver
Seoul,1988,Canoe / Kayak,Canoe / Kayak F,"MESZAROS, Erika",HUN,Women,K-4 500m (kayak four),W,Silver
Seoul,1988,Canoe / Kayak,Canoe / Kayak F,"RAKUSZ, Eva",HUN,Women,K-4 500m (kayak four),W,Silver
Seoul,1988,Cycling,Cycling Road,"HENN, Christian",FRG,Men,individual road race,M,Bronze
Seoul,1988,Cycling,Cycling Road,"LUDWIG, Olaf",GDR,Men,individual road race,M,Gold
Seoul,1988,Cycling,Cycling Road,"GRONE, Bernd",FRG,Men,individual road race,M,Silver
Seoul,1988,Cycling,Cycling Road,"ZILPORYTE, Laima",URS,Women,individual road race,W,Bronze
Seoul,1988,Cycling,Cycling Road,"KNOL, Monique",NED,Women,individual road race,W,Gold
Seoul,1988,Cycling,Cycling Road,"NIEHAUS, Judith",FRG,Women,individual road race,W,Silver
Seoul,1988,Cycling,Cycling Road,"JARL, Anders",SWE,Men,team time trial,M,Bronze
Seoul,1988,Cycling,Cycling Road,"JOHANSSON, Bjorn",SWE,Men,team time trial,M,Bronze
Seoul,1988,Cycling,Cycling Road,"KARLSSON, Jan",SWE,Men,team time trial,M,Bronze
Seoul,1988,Cycling,Cycling Road,"LAFIS, Michel",SWE,Men,team time trial,M,Bronze
Seoul,1988,Cycling,Cycling Road,"AMPLER, Uwe",GDR,Men,team time trial,M,Gold
Seoul,1988,Cycling,Cycling Road,"KUMMER, Mario",GDR,Men,team time trial,M,Gold
Seoul,1988,Cycling,Cycling Road,"LANDSMANN, Maik",GDR,Men,team time trial,M,Gold
Seoul,1988,Cycling,Cycling Road,"SCHUR, Jan",GDR,Men,team time trial,M,Gold
Seoul,1988,Cycling,Cycling Road,"HALUPCZOK, Joachim",POL,Men,team time trial,M,Silver
Seoul,1988,Cycling,Cycling Road,"JASKULA, Zenon",POL,Men,team time trial,M,Silver
Seoul,1988,Cycling,Cycling Road,"LESNIEWSKI, Marek",POL,Men,team time trial,M,Silver
Seoul,1988,Cycling,Cycling Road,"SYPYTKOWSKI, Andrzej",POL,Men,team time trial,M,Silver
Seoul,1988,Cycling,Cycling Track,"LECHNER, Robert",FRG,Men,1km time trial,M,Bronze
Seoul,1988,Cycling,Cycling Track,"KIRICHENKO, Aleksandr",URS,Men,1km time trial,M,Gold
Seoul,1988,Cycling,Cycling Track,"VINNICOMBE, Martin",AUS,Men,1km time trial,M,Silver
Seoul,1988,Cycling,Cycling Track,"DITTERT, Bernd",GDR,Men,Individual Pursuit,M,Bronze
Seoul,1988,Cycling,Cycling Track,"UMARAS, Gintautas",URS,Men,Individual Pursuit,M,Gold
Seoul,1988,Cycling,Cycling Track,"WOODS, Dean",AUS,Men,Individual Pursuit,M,Silver
Seoul,1988,Cycling,Cycling Track,"GANEEV, Marat",URS,Men,Points Race,M,Bronze
Seoul,1988,Cycling,Cycling Track,"FROST, Dan",DEN,Men,Points Race,M,Gold
Seoul,1988,Cycling,Cycling Track,"PEELEN, Leo",NED,Men,Points Race,M,Silver
Seoul,1988,Cycling,Cycling Track,"PARASKEVIN-YOUNG, Connie",USA,Women,sprint,W,Bronze
Seoul,1988,Cycling,Cycling Track,"SALUMAE, Erika",URS,Women,sprint,W,Gold
Seoul,1988,Cycling,Cycling Track,"LUDING, Christa",GDR,Women,sprint,W,Silver
Seoul,1988,Cycling,Cycling Track,"NEIWAND, Garry Malcolm",AUS,Men,Sprint indivual,M,Bronze
Seoul,1988,Cycling,Cycling Track,"HESSLICH, Lutz",GDR,Men,Sprint indivual,M,Gold
Seoul,1988,Cycling,Cycling Track,"KOVSH, Nikolai",URS,Men,Sprint indivual,M,Silver
Seoul,1988,Cycling,Cycling Track,"DUTTON, Brett",AUS,Men,Team Pursuit (4000m),M,Bronze
Seoul,1988,Cycling,Cycling Track,"MCCARNEY, Wayne",AUS,Men,Team Pursuit (4000m),M,Bronze
Seoul,1988,Cycling,Cycling Track,"MCGLEDE, Stephen John",AUS,Men,Team Pursuit (4000m),M,Bronze
Seoul,1988,Cycling,Cycling Track,"WOODS, Dean",AUS,Men,Team Pursuit (4000m),M,Bronze
Seoul,1988,Cycling,Cycling Track,"EKIMOV, Vyacheslav",URS,Men,Team Pursuit (4000m),M,Gold
Seoul,1988,Cycling,Cycling Track,"KASPUTIS, Arturas",URS,Men,Team Pursuit (4000m),M,Gold
Seoul,1988,Cycling,Cycling Track,"NELYUBIN, Dmitri",URS,Men,Team Pursuit (4000m),M,Gold
Seoul,1988,Cycling,Cycling Track,"UMARAS, Gintautas",URS,Men,Team Pursuit (4000m),M,Gold
Seoul,1988,Cycling,Cycling Track,"BLOCHWITZ, Steffen",GDR,Men,Team Pursuit (4000m),M,Silver
Seoul,1988,Cycling,Cycling Track,"HENNIG, Roland",GDR,Men,Team Pursuit (4000m),M,Silver
Seoul,1988,Cycling,Cycling Track,"MEIER, Dirk",GDR,Men,Team Pursuit (4000m),M,Silver
Seoul,1988,Cycling,Cycling Track,"WOLF, Carsten",GDR,Men,Team Pursuit (4000m),M,Silver
Seoul,1988,Equestrian,Dressage,"STUECKELBERGER, Christine",SUI,Women,individual,X,Bronze
Seoul,1988,Equestrian,Dressage,"UPHOFF-BECKER, Nicole",FRG,Women,individual,X,Gold
Seoul,1988,Equestrian,Dressage,"OTTO-CREPIN, Margit",FRA,Women,individual,X,Silver
Seoul,1988,Equestrian,Dressage,"NICOLL, Ashley",CAN,Men,team,X,Bronze
Seoul,1988,Equestrian,Dressage,"KLIMKE, Reiner",FRG,Men,team,X,Gold
Seoul,1988,Equestrian,Dressage,"HOFER, Otto Josef",SUI,Men,team,X,Silver
Seoul,1988,Equestrian,Dressage,"RAMSEIER, Daniel",SUI,Men,team,X,Silver
Seoul,1988,Equestrian,Dressage,"SCHATZMANN, Samuel",SUI,Men,team,X,Silver
Seoul,1988,Equestrian,Dressage,"NEALE-ISHOY, Cynthia Margaret",CAN,Women,team,X,Bronze
Seoul,1988,Equestrian,Dressage,"PRACHT, Eva Maria",CAN,Women,team,X,Bronze
Seoul,1988,Equestrian,Dressage,"SMITH, Gina",CAN,Women,team,X,Bronze
Seoul,1988,Equestrian,Dressage,"LINSENHOFF, Ann-Kathrin",FRG,Women,team,X,Gold
Seoul,1988,Equestrian,Dressage,"TEODORESCU, Monica",FRG,Women,team,X,Gold
Seoul,1988,Equestrian,Dressage,"UPHOFF-BECKER, Nicole",FRG,Women,team,X,Gold
Seoul,1988,Equestrian,Dressage,"STUECKELBERGER, Christine",SUI,Women,team,X,Silver
Seoul,1988,Equestrian,Eventing,"TODD, Mark",NZL,Men,individual,X,Gold
Seoul,1988,Equestrian,Eventing,"STARK, Ian",GBR,Men,individual,X,Silver
Seoul,1988,Equestrian,Eventing,"HOLGATE-LENG, Virginia",GBR,Women,individual,X,Bronze
Seoul,1988,Equestrian,Eventing,"BENNIE, Andrew",NZL,Men,team,X,Bronze
Seoul,1988,Equestrian,Eventing,"TODD, Mark",NZL,Men,team,X,Bronze
Seoul,1988,Equestrian,Eventing,"BAUMANN, Matthias Andreas",FRG,Men,team,X,Gold
Seoul,1988,Equestrian,Eventing,"EHRENBRINK, Ralf",FRG,Men,team,X,Gold
Seoul,1988,Equestrian,Eventing,"ERHORN, Claus",FRG,Men,team,X,Gold
Seoul,1988,Equestrian,Eventing,"KASPAREIT, Thies",FRG,Men,team,X,Gold
Seoul,1988,Equestrian,Eventing,"PHILLIPS, Mark Anthony Peter",GBR,Men,team,X,Silver
Seoul,1988,Equestrian,Eventing,"STARK, Ian",GBR,Men,team,X,Silver
Seoul,1988,Equestrian,Eventing,"KNIGHTON, Margaret",NZL,Women,team,X,Bronze
Seoul,1988,Equestrian,Eventing,"POTTINGER, Tinks",NZL,Women,team,X,Bronze
Seoul,1988,Equestrian,Eventing,"HOLGATE-LENG, Virginia",GBR,Women,team,X,Silver
Seoul,1988,Equestrian,Eventing,"STRAKER, Karen",GBR,Women,team,X,Silver
Seoul,1988,Equestrian,Jumping,"HUCK, Karsten",FRG,Men,individual,X,Bronze
Seoul,1988,Equestrian,Jumping,"DURAND JR., Pierre",FRA,Men,individual,X,Gold
Seoul,1988,Equestrian,Jumping,"BEST, Gregory Alan",USA,Men,individual,X,Silver
Seoul,1988,Equestrian,Jumping,"BOURDY, Hubert",FRA,Men,team,X,Bronze
Seoul,1988,Equestrian,Jumping,"COTTIER, Frederic",FRA,Men,team,X,Bronze
Seoul,1988,Equestrian,Jumping,"DURAND JR., Pierre",FRA,Men,team,X,Bronze
Seoul,1988,Equestrian,Jumping,"ROBERT, Michel",FRA,Men,team,X,Bronze
Seoul,1988,Equestrian,Jumping,"BEERBAUM, Ludger",FRG,Men,team,X,Gold
Seoul,1988,Equestrian,Jumping,"BRINKMANN, Wolfgang",FRG,Men,team,X,Gold
Seoul,1988,Equestrian,Jumping,"HAFEMEISTER, Dirk",FRG,Men,team,X,Gold
Seoul,1988,Equestrian,Jumping,"SLOOTHAAK, Franke",FRG,Men,team,X,Gold
Seoul,1988,Equestrian,Jumping,"BEST, Gregory Alan",USA,Men,team,X,Silver
Seoul,1988,Equestrian,Jumping,"FARGIS, Joseph Halpin, Iv",USA,Men,team,X,Silver
Seoul,1988,Equestrian,Jumping,"JACQUIN, Lisa Ann",USA,Women,team,X,Silver
Seoul,1988,Equestrian,Jumping,"KURSINSKI, Anne Kindig",USA,Women,team,X,Silver
Seoul,1988,Fencing,Fencing,"CHOUVALOV, Andrei",URS,Men,épée individual,M,Bronze
Seoul,1988,Fencing,Fencing,"SCHMITT, Arnd Rüdiger",FRG,Men,épée individual,M,Gold
Seoul,1988,Fencing,Fencing,"RIBOUD, Philippe",FRA,Men,épée individual,M,Silver
Seoul,1988,Fencing,Fencing,"CHOUVALOV, Andrei",URS,Men,épée team,M,Bronze
Seoul,1988,Fencing,Fencing,"KOLOBKOV, Pavel",URS,Men,épée team,M,Bronze
Seoul,1988,Fencing,Fencing,"REZNITCHENKO, Vladimir",URS,Men,épée team,M,Bronze
Seoul,1988,Fencing,Fencing,"TIKHOMIROV, Igor",URS,Men,épée team,M,Bronze
Seoul,1988,Fencing,Fencing,"TISHKO, Mikhail",URS,Men,épée team,M,Bronze
Seoul,1988,Fencing,Fencing,"DELPLA, Frederic",FRA,Men,épée team,M,Gold
Seoul,1988,Fencing,Fencing,"HENRY, Jean-Michel",FRA,Men,épée team,M,Gold
Seoul,1988,Fencing,Fencing,"LENGLET, Olivier",FRA,Men,épée team,M,Gold
Seoul,1988,Fencing,Fencing,"RIBOUD, Philippe",FRA,Men,épée team,M,Gold
Seoul,1988,Fencing,Fencing,"SRECKI, Eric",FRA,Men,épée team,M,Gold
Seoul,1988,Fencing,Fencing,"BORRMANN, Elmar",FRG,Men,épée team,M,Silver
Seoul,1988,Fencing,Fencing,"FISCHER, Volker",FRG,Men,épée team,M,Silver
Seoul,1988,Fencing,Fencing,"GERULL, Thomas",FRG,Men,épée team,M,Silver
Seoul,1988,Fencing,Fencing,"PUSCH, Alexander",FRG,Men,épée team,M,Silver
Seoul,1988,Fencing,Fencing,"SCHMITT, Arnd Rüdiger",FRG,Men,épée team,M,Silver
Seoul,1988,Fencing,Fencing,"ROMANKOV, Aleksander",URS,Men,foil individual,M,Bronze
Seoul,1988,Fencing,Fencing,"CERIONI, Stefano",ITA,Men,foil individual,M,Gold
Seoul,1988,Fencing,Fencing,"WAGNER, Udo",GDR,Men,foil individual,M,Silver
Seoul,1988,Fencing,Fencing,"FUNKENHAUSER, Zita-Eva",FRG,Women,foil individual,W,Bronze
Seoul,1988,Fencing,Fencing,"FICHTEL-MAURITZ, Anja",FRG,Women,foil individual,W,Gold
Seoul,1988,Fencing,Fencing,"BAU, Sabine Christiane",FRG,Women,foil individual,W,Silver
Seoul,1988,Fencing,Fencing,"BUSA, Istvan",HUN,Men,foil team,M,Bronze
Seoul,1988,Fencing,Fencing,"ERSEK, Zsolt",HUN,Men,foil team,M,Bronze
Seoul,1988,Fencing,Fencing,"GATAI, Robert",HUN,Men,foil team,M,Bronze
Seoul,1988,Fencing,Fencing,"SZEKERES, Pal",HUN,Men,foil team,M,Bronze
Seoul,1988,Fencing,Fencing,"SZELEI, Istvan",HUN,Men,foil team,M,Bronze
Seoul,1988,Fencing,Fencing,"APTIAOURI, Vladimir",URS,Men,foil team,M,Gold
Seoul,1988,Fencing,Fencing,"IBRAGUIMOV, Anvar",URS,Men,foil team,M,Gold
Seoul,1988,Fencing,Fencing,"KORETSKI, Boris",URS,Men,foil team,M,Gold
Seoul,1988,Fencing,Fencing,"MAMEDOV, Ilgar",URS,Men,foil team,M,Gold
Seoul,1988,Fencing,Fencing,"ROMANKOV, Aleksander",URS,Men,foil team,M,Gold
Seoul,1988,Fencing,Fencing,"BEHR, Matthias",FRG,Men,foil team,M,Silver
Seoul,1988,Fencing,Fencing,"ENDRES, Thomas",FRG,Men,foil team,M,Silver
Seoul,1988,Fencing,Fencing,"GEY, Matthias",FRG,Men,foil team,M,Silver
Seoul,1988,Fencing,Fencing,"SCHRECK, Ulrich Rainer",FRG,Men,foil team,M,Silver
Seoul,1988,Fencing,Fencing,"WEIDNER, Thorsten",FRG,Men,foil team,M,Silver
Seoul,1988,Fencing,Fencing,"JANOSI-NEMETH, Zsuzsanna",HUN,Women,foil team,W,Bronze
Seoul,1988,Fencing,Fencing,"KOVACS, Edit",HUN,Women,foil team,W,Bronze
Seoul,1988,Fencing,Fencing,"STEFANEK, Gertrud",HUN,Women,foil team,W,Bronze
Seoul,1988,Fencing,Fencing,"SZOCS, Zsuzsa",HUN,Women,foil team,W,Bronze
Seoul,1988,Fencing,Fencing,"TUSCHAK, Katalin",HUN,Women,foil team,W,Bronze
Seoul,1988,Fencing,Fencing,"BAU, Sabine Christiane",FRG,Women,foil team,W,Gold
Seoul,1988,Fencing,Fencing,"FICHTEL-MAURITZ, Anja",FRG,Women,foil team,W,Gold
Seoul,1988,Fencing,Fencing,"FUNKENHAUSER, Zita-Eva",FRG,Women,foil team,W,Gold
Seoul,1988,Fencing,Fencing,"KLUG, Anette",FRG,Women,foil team,W,Gold
Seoul,1988,Fencing,Fencing,"WEBER, Christiane",FRG,Women,foil team,W,Gold
Seoul,1988,Fencing,Fencing,"BORTOLOZZI BORELLA, Francesca",ITA,Women,foil team,W,Silver
Seoul,1988,Fencing,Fencing,"GANDOLFI, Annapia",ITA,Women,foil team,W,Silver
Seoul,1988,Fencing,Fencing,"TRAVERSA, Lucia",ITA,Women,foil team,W,Silver
Seoul,1988,Fencing,Fencing,"VACCARONI, Dorina",ITA,Women,foil team,W,Silver
Seoul,1988,Fencing,Fencing,"ZALAFFI, Margherita",ITA,Women,foil team,W,Silver
Seoul,1988,Fencing,Fencing,"SCALZO, Giovanni",ITA,Men,sabre individual,M,Bronze
Seoul,1988,Fencing,Fencing,"LAMOUR, Jean-Francois",FRA,Men,sabre individual,M,Gold
Seoul,1988,Fencing,Fencing,"OLECH, Janusz",POL,Men,sabre individual,M,Silver
Seoul,1988,Fencing,Fencing,"CAVALIERE, Massimo",ITA,Men,sabre team,M,Bronze
Seoul,1988,Fencing,Fencing,"DALLA BARBA, Gianfranco",ITA,Men,sabre team,M,Bronze
Seoul,1988,Fencing,Fencing,"MARIN, Marco",ITA,Men,sabre team,M,Bronze
Seoul,1988,Fencing,Fencing,"MEGLIO, Ferdinando",ITA,Men,sabre team,M,Bronze
Seoul,1988,Fencing,Fencing,"SCALZO, Giovanni",ITA,Men,sabre team,M,Bronze
Seoul,1988,Fencing,Fencing,"BUJDOSO, Imre",HUN,Men,sabre team,M,Gold
Seoul,1988,Fencing,Fencing,"CSONGRADI, Laszlo",HUN,Men,sabre team,M,Gold
Seoul,1988,Fencing,Fencing,"GEDOVARI, Imre",HUN,Men,sabre team,M,Gold
Seoul,1988,Fencing,Fencing,"NEBALD, György",HUN,Men,sabre team,M,Gold
Seoul,1988,Fencing,Fencing,"SZABO, Bence",HUN,Men,sabre team,M,Gold
Seoul,1988,Fencing,Fencing,"ALSHAN, Andrei",URS,Men,sabre team,M,Silver
Seoul,1988,Fencing,Fencing,"BURTSEV, Mikhail",URS,Men,sabre team,M,Silver
Seoul,1988,Fencing,Fencing,"KORYAKIN, Sergei",URS,Men,sabre team,M,Silver
Seoul,1988,Fencing,Fencing,"MINDIRGASOV, Sergei",URS,Men,sabre team,M,Silver
Seoul,1988,Fencing,Fencing,"POGOSSOV, Gueorgui",URS,Men,sabre team,M,Silver
Seoul,1988,Football,Football,"BOMMER, Rudolf",FRG,Men,football,M,Bronze
Seoul,1988,Football,Football,"FACH, Holger",FRG,Men,football,M,Bronze
Seoul,1988,Football,Football,"FUNKEL, Wolfgang",FRG,Men,football,M,Bronze
Seoul,1988,Football,Football,"GOERTZ, Armin",FRG,Men,football,M,Bronze
Seoul,1988,Football,Football,"GRAHAMMER, Roland",FRG,Men,football,M,Bronze
Seoul,1988,Football,Football,"HASSLER, Thomas",FRG,Men,football,M,Bronze
Seoul,1988,Football,Football,"HORSTER, Thomas",FRG,Men,football,M,Bronze
Seoul,1988,Football,Football,"JANSSEN, Olaf",FRG,Men,football,M,Bronze
Seoul,1988,Football,Football,"KAMPS, Uwe",FRG,Men,football,M,Bronze
Seoul,1988,Football,Football,"KLEPPINGER, Gerhard",FRG,Men,football,M,Bronze
Seoul,1988,Football,Football,"KLINSMANN, Jurgen",FRG,Men,football,M,Bronze
Seoul,1988,Football,Football,"MILL, Frank",FRG,Men,football,M,Bronze
Seoul,1988,Football,Football,"RECK, Oliver",FRG,Men,football,M,Bronze
Seoul,1988,Football,Football,"RIEDLE, Karlheinz",FRG,Men,football,M,Bronze
Seoul,1988,Football,Football,"SAUER, Gunnar",FRG,Men,football,M,Bronze
Seoul,1988,Football,Football,"SCHREIER, Christian",FRG,Men,football,M,Bronze
Seoul,1988,Football,Football,"SCHULZ, Michael",FRG,Men,football,M,Bronze
Seoul,1988,Football,Football,"SIEVERS, Ralf",FRG,Men,football,M,Bronze
Seoul,1988,Football,Football,"WALTER, Fritz",FRG,Men,football,M,Bronze
Seoul,1988,Football,Football,"WUTTKE, Wolfram",FRG,Men,football,M,Bronze
Seoul,1988,Football,Football,"BORODYUK, Aleksandr",URS,Men,football,M,Gold
Seoul,1988,Football,Football,"CHEREDNIK, Aleksei",URS,Men,football,M,Gold
Seoul,1988,Football,Football,"DOBROVOLSKI, Igor",URS,Men,football,M,Gold
Seoul,1988,Football,Football,"FOKIN, Sergei",URS,Men,football,M,Gold
Seoul,1988,Football,Football,"GORLUKOVICH, Sergei",URS,Men,football,M,Gold
Seoul,1988,Football,Football,"KETASHVILI, Gela",URS,Men,football,M,Gold
Seoul,1988,Football,Football,"KHARIN, Dmitri",URS,Men,football,M,Gold
Seoul,1988,Football,Football,"KUZNETSOV, Yevgeni",URS,Men,football,M,Gold
Seoul,1988,Football,Football,"LOSEV, Viktor",URS,Men,football,M,Gold
Seoul,1988,Football,Football,"LYUTYI, Vladimir",URS,Men,football,M,Gold
Seoul,1988,Football,Football,"MIKHAILICHENKO, Aleksei",URS,Men,football,M,Gold
Seoul,1988,Football,Football,"NARBEKOVAS, Arminas",URS,Men,football,M,Gold
Seoul,1988,Football,Football,"PONOMAREV, Igor",URS,Men,football,M,Gold
Seoul,1988,Football,Football,"PRUDNIKOV, Aleksei",URS,Men,football,M,Gold
Seoul,1988,Football,Football,"SAVICHEV, Yuri",URS,Men,football,M,Gold
Seoul,1988,Football,Football,"SKLYAROV, Igor",URS,Men,football,M,Gold
Seoul,1988,Football,Football,"TATARCHUK, Vladimir",URS,Men,football,M,Gold
Seoul,1988,Football,Football,"TISHCHENKO, Vadim",URS,Men,football,M,Gold
Seoul,1988,Football,Football,"YANONIS, Arvidas",URS,Men,football,M,Gold
Seoul,1988,Football,Football,"YAROVENKO, Yevgeni",URS,Men,football,M,Gold
Seoul,1988,Football,Football,"ALVES, Aloisio",BRA,Men,football,M,Silver
Seoul,1988,Football,Football,"ANDRADE DA SILVA, Jorge Luiz",BRA,Men,football,M,Silver
Seoul,1988,Football,Football,"ARAUJO, Jose",BRA,Men,football,M,Silver
Seoul,1988,Football,Football,"BEBETO, Jose Roberto",BRA,Men,football,M,Silver
Seoul,1988,Football,Football,"BERNARDES DOS SANTOS, Edmar",BRA,Men,football,M,Silver
Seoul,1988,Football,Football,"CANDIDO, Valdo",BRA,Men,football,M,Silver
Seoul,1988,Football,Football,"CRUZ, Andre",BRA,Men,football,M,Silver
Seoul,1988,Football,Football,"DE AMORIM CAMPOS, Jorge",BRA,Men,football,M,Silver
Seoul,1988,Football,Football,"DE SOUZA FARIA, Romario",BRA,Men,football,M,Silver
Seoul,1988,Football,Football,"DE SOUZA FILHO, Milton",BRA,Men,football,M,Silver
Seoul,1988,Football,Football,"DE SOUZA, Hamilton",BRA,Men,football,M,Silver
Seoul,1988,Football,Football,"DONIZETE LUIZ, Sergio",BRA,Men,football,M,Silver
Seoul,1988,Football,Football,"FERREIRA, Jose",BRA,Men,football,M,Silver
Seoul,1988,Football,Football,"KERCHNER, Nelson",BRA,Men,football,M,Silver
Seoul,1988,Football,Football,"MERGEN TAFFAREL, Claudio Andre",BRA,Men,football,M,Silver
Seoul,1988,Football,Football,"NASCIMENTO, Iomar",BRA,Men,football,M,Silver
Seoul,1988,Football,Football,"RAIMUNDO, Ricardo",BRA,Men,football,M,Silver
Seoul,1988,Football,Football,"ROQUE KAEFER, Ademir",BRA,Men,football,M,Silver
Seoul,1988,Football,Football,"SANTOS BATISTA, Joao",BRA,Men,football,M,Silver
Seoul,1988,Football,Football,"SILVA, Geovani",BRA,Men,football,M,Silver
Seoul,1988,Football,Football,"WINCK, Luiz Carlos",BRA,Men,football,M,Silver
Seoul,1988,Gymnastics,Artistic G.,"MILLS, Phoebe Lan",USA,Women,balance beam,W,Bronze
Seoul,1988,Gymnastics,Artistic G.,"POTORAC, Gabriela",ROU,Women,balance beam,W,Bronze
Seoul,1988,Gymnastics,Artistic G.,"SILIVAS, Daniela",ROU,Women,balance beam,W,Gold
Seoul,1988,Gymnastics,Artistic G.,"SHUSHUNOVA, Elena",URS,Women,balance beam,W,Silver
Seoul,1988,Gymnastics,Artistic G.,"IKETANI, Yukio",JPN,Men,floor exercises,M,Bronze
Seoul,1988,Gymnastics,Artistic G.,"LOU, Yun",CHN,Men,floor exercises,M,Bronze
Seoul,1988,Gymnastics,Artistic G.,"KHARIKOV, Serguei",URS,Men,floor exercises,M,Gold
Seoul,1988,Gymnastics,Artistic G.,"ARTEMOV, Vladimir",URS,Men,floor exercises,M,Silver
Seoul,1988,Gymnastics,Artistic G.,"DOUDEVA, Diana",BUL,Women,floor exercises,W,Bronze
Seoul,1988,Gymnastics,Artistic G.,"SILIVAS, Daniela",ROU,Women,floor exercises,W,Gold
Seoul,1988,Gymnastics,Artistic G.,"BOGINSKAYA, Svetlana",URS,Women,floor exercises,W,Silver
Seoul,1988,Gymnastics,Artistic G.,"BEHRENDT, Holger",GDR,Men,horizontal bar,M,Bronze
Seoul,1988,Gymnastics,Artistic G.,"GHERMAN, Marius Costel",ROU,Men,horizontal bar,M,Bronze
Seoul,1988,Gymnastics,Artistic G.,"ARTEMOV, Vladimir",URS,Men,horizontal bar,M,Gold
Seoul,1988,Gymnastics,Artistic G.,"LIOUKINE, Valeri",URS,Men,horizontal bar,M,Gold
Seoul,1988,Gymnastics,Artistic G.,"BILOZERCHEV, Dmitri",URS,Men,individual all-round,M,Bronze
Seoul,1988,Gymnastics,Artistic G.,"ARTEMOV, Vladimir",URS,Men,individual all-round,M,Gold
Seoul,1988,Gymnastics,Artistic G.,"LIOUKINE, Valeri",URS,Men,individual all-round,M,Silver
Seoul,1988,Gymnastics,Artistic G.,"BOGINSKAYA, Svetlana",URS,Women,individual all-round,W,Bronze
Seoul,1988,Gymnastics,Artistic G.,"SHUSHUNOVA, Elena",URS,Women,individual all-round,W,Gold
Seoul,1988,Gymnastics,Artistic G.,"SILIVAS, Daniela",ROU,Women,individual all-round,W,Silver
Seoul,1988,Gymnastics,Artistic G.,"TIPPELT, Sven",GDR,Men,parallel bars,M,Bronze
Seoul,1988,Gymnastics,Artistic G.,"ARTEMOV, Vladimir",URS,Men,parallel bars,M,Gold
Seoul,1988,Gymnastics,Artistic G.,"LIOUKINE, Valeri",URS,Men,parallel bars,M,Silver
Seoul,1988,Gymnastics,Artistic G.,"BILOZERCHEV, Dmitri",URS,Men,pommel horse,M,Gold
Seoul,1988,Gymnastics,Artistic G.,"BORKAI, Zsolt",HUN,Men,pommel horse,M,Gold
Seoul,1988,Gymnastics,Artistic G.,"GERASKOV, Lubomir",BUL,Men,pommel horse,M,Gold
Seoul,1988,Gymnastics,Artistic G.,"TIPPELT, Sven",GDR,Men,rings,M,Bronze
Seoul,1988,Gymnastics,Artistic G.,"BEHRENDT, Holger",GDR,Men,rings,M,Gold
Seoul,1988,Gymnastics,Artistic G.,"BILOZERCHEV, Dmitri",URS,Men,rings,M,Gold
Seoul,1988,Gymnastics,Artistic G.,"IKETANI, Yukio",JPN,Men,team competition,M,Bronze
Seoul,1988,Gymnastics,Artistic G.,"KONISHI, Hiriyuki",JPN,Men,team competition,M,Bronze
Seoul,1988,Gymnastics,Artistic G.,"MIZUSHIMA, Koichi",JPN,Men,team competition,M,Bronze
Seoul,1988,Gymnastics,Artistic G.,"NISHIKAWA, Daisuke",JPN,Men,team competition,M,Bronze
Seoul,1988,Gymnastics,Artistic G.,"SATO, Toshiharu",JPN,Men,team competition,M,Bronze
Seoul,1988,Gymnastics,Artistic G.,"YAMADA, Takahiro",JPN,Men,team competition,M,Bronze
Seoul,1988,Gymnastics,Artistic G.,"ARTEMOV, Vladimir",URS,Men,team competition,M,Gold
Seoul,1988,Gymnastics,Artistic G.,"BILOZERCHEV, Dmitri",URS,Men,team competition,M,Gold
Seoul,1988,Gymnastics,Artistic G.,"GOGOLADZE, Vladimir",URS,Men,team competition,M,Gold
Seoul,1988,Gymnastics,Artistic G.,"KHARIKOV, Serguei",URS,Men,team competition,M,Gold
Seoul,1988,Gymnastics,Artistic G.,"LIOUKINE, Valeri",URS,Men,team competition,M,Gold
Seoul,1988,Gymnastics,Artistic G.,"NOVIKOV, Vladimir",URS,Men,team competition,M,Gold
Seoul,1988,Gymnastics,Artistic G.,"BEHRENDT, Holger",GDR,Men,team competition,M,Silver
Seoul,1988,Gymnastics,Artistic G.,"BÜCHNER, Ralf",GDR,Men,team competition,M,Silver
Seoul,1988,Gymnastics,Artistic G.,"HOFFMANN, Ulf",GDR,Men,team competition,M,Silver
Seoul,1988,Gymnastics,Artistic G.,"KROLL, Sylvio",GDR,Men,team competition,M,Silver
Seoul,1988,Gymnastics,Artistic G.,"TIPPELT, Sven",GDR,Men,team competition,M,Silver
Seoul,1988,Gymnastics,Artistic G.,"WECKER, Andreas",GDR,Men,team competition,M,Silver
Seoul,1988,Gymnastics,Artistic G.,"FÄHNRICH, Gabriele",GDR,Women,team competition,W,Bronze
Seoul,1988,Gymnastics,Artistic G.,"JENTSCH, Martina",GDR,Women,team competition,W,Bronze
Seoul,1988,Gymnastics,Artistic G.,"KERSTEN, Dagmar",GDR,Women,team competition,W,Bronze
Seoul,1988,Gymnastics,Artistic G.,"KLOTZ, Ulrike",GDR,Women,team competition,W,Bronze
Seoul,1988,Gymnastics,Artistic G.,"SCHIEFERDECKER, Bettina",GDR,Women,team competition,W,Bronze
Seoul,1988,Gymnastics,Artistic G.,"THÜMMLER, Dörte",GDR,Women,team competition,W,Bronze
Seoul,1988,Gymnastics,Artistic G.,"BAITOVA, Svetlana",URS,Women,team competition,W,Gold
Seoul,1988,Gymnastics,Artistic G.,"BOGINSKAYA, Svetlana",URS,Women,team competition,W,Gold
Seoul,1988,Gymnastics,Artistic G.,"LACHTCHENOVA, Natalia",URS,Women,team competition,W,Gold
Seoul,1988,Gymnastics,Artistic G.,"SHEVCHENKO, Elena",URS,Women,team competition,W,Gold
Seoul,1988,Gymnastics,Artistic G.,"SHUSHUNOVA, Elena",URS,Women,team competition,W,Gold
Seoul,1988,Gymnastics,Artistic G.,"STRAZHEVA, Olga",URS,Women,team competition,W,Gold
Seoul,1988,Gymnastics,Artistic G.,"DOBRE, Aurelia",ROU,Women,team competition,W,Silver
Seoul,1988,Gymnastics,Artistic G.,"GOLEA, Eugenia",ROU,Women,team competition,W,Silver
Seoul,1988,Gymnastics,Artistic G.,"POPA, Celestina",ROU,Women,team competition,W,Silver
Seoul,1988,Gymnastics,Artistic G.,"POTORAC, Gabriela",ROU,Women,team competition,W,Silver
Seoul,1988,Gymnastics,Artistic G.,"SILIVAS, Daniela",ROU,Women,team competition,W,Silver
Seoul,1988,Gymnastics,Artistic G.,"VOINEA, Camelia",ROU,Women,team competition,W,Silver
Seoul,1988,Gymnastics,Artistic G.,"SHUSHUNOVA, Elena",URS,Women,uneven bars,W,Bronze
Seoul,1988,Gymnastics,Artistic G.,"SILIVAS, Daniela",ROU,Women,uneven bars,W,Gold
Seoul,1988,Gymnastics,Artistic G.,"KERSTEN, Dagmar",GDR,Women,uneven bars,W,Silver
Seoul,1988,Gymnastics,Artistic G.,"PARK, Jong-Hoon",KOR,Men,vault,M,Bronze
Seoul,1988,Gymnastics,Artistic G.,"LOU, Yun",CHN,Men,vault,M,Gold
Seoul,1988,Gymnastics,Artistic G.,"KROLL, Sylvio",GDR,Men,vault,M,Silver
Seoul,1988,Gymnastics,Artistic G.,"SILIVAS, Daniela",ROU,Women,vault,W,Bronze
Seoul,1988,Gymnastics,Artistic G.,"BOGINSKAYA, Svetlana",URS,Women,vault,W,Gold
Seoul,1988,Gymnastics,Artistic G.,"POTORAC, Gabriela",ROU,Women,vault,W,Silver
Seoul,1988,Gymnastics,Rhythmic G.,"TIMOSHENKO, Alexandra",URS,Women,individual all-round,W,Bronze
Seoul,1988,Gymnastics,Rhythmic G.,"LOBATCH, Marina",URS,Women,individual all-round,W,Gold
Seoul,1988,Gymnastics,Rhythmic G.,"DUNAVSKA, Adriana",BUL,Women,individual all-round,W,Silver
Seoul,1988,Handball,Handball,"BASIC, Mirko",YUG,Men,handball,M,Bronze
Seoul,1988,Handball,Handball,"HOLPERT, Jozef",YUG,Men,handball,M,Bronze
Seoul,1988,Handball,Handball,"JARAK, Boris",YUG,Men,handball,M,Bronze
Seoul,1988,Handball,Handball,"KUZMANOVSKI, Slobodan",YUG,Men,handball,M,Bronze
Seoul,1988,Handball,Handball,"MEMIC, Muhamed",YUG,Men,handball,M,Bronze
Seoul,1988,Handball,Handball,"NACINOVIC, Alvaro",YUG,Men,handball,M,Bronze
Seoul,1988,Handball,Handball,"PERKOVAC, Goran",YUG,Men,handball,M,Bronze
Seoul,1988,Handball,Handball,"PORTNER, Zlatko",YUG,Men,handball,M,Bronze
Seoul,1988,Handball,Handball,"PUC, Iztok",YUG,Men,handball,M,Bronze
Seoul,1988,Handball,Handball,"PUSNIK, Rolando",YUG,Men,handball,M,Bronze
Seoul,1988,Handball,Handball,"RNIC, Momir",YUG,Men,handball,M,Bronze
Seoul,1988,Handball,Handball,"SARACEVIC, Zlatko",YUG,Men,handball,M,Bronze
Seoul,1988,Handball,Handball,"SMAJLAGIC, Irfan",YUG,Men,handball,M,Bronze
Seoul,1988,Handball,Handball,"VELIC, Ermin",YUG,Men,handball,M,Bronze
Seoul,1988,Handball,Handball,"VUJOVIC, Veselin",YUG,Men,handball,M,Bronze
Seoul,1988,Handball,Handball,"ATAVIN, Vyacheslav",URS,Men,handball,M,Gold
Seoul,1988,Handball,Handball,"CHUMAK, Igor",URS,Men,handball,M,Gold
Seoul,1988,Handball,Handball,"CHUMENTSEV, Andrei",URS,Men,handball,M,Gold
Seoul,1988,Handball,Handball,"GOPIN, Valeri",URS,Men,handball,M,Gold
Seoul,1988,Handball,Handball,"KARSHAKEVICH, Aleksandr",URS,Men,handball,M,Gold
Seoul,1988,Handball,Handball,"LAVROV, Andrey",URS,Men,handball,M,Gold
Seoul,1988,Handball,Handball,"NESTEROV, Yuri",URS,Men,handball,M,Gold
Seoul,1988,Handball,Handball,"NOVITSKI, Valdemar",URS,Men,handball,M,Gold
Seoul,1988,Handball,Handball,"RYMANOV, Aleksandr",URS,Men,handball,M,Gold
Seoul,1988,Handball,Handball,"SHAROVAROV, Konstantin",URS,Men,handball,M,Gold
Seoul,1988,Handball,Handball,"SHEVTSOV, Yuri",URS,Men,handball,M,Gold
Seoul,1988,Handball,Handball,"SVIRIDENKO, Georgi",URS,Men,handball,M,Gold
Seoul,1988,Handball,Handball,"TUCHKIN, Alexandre",URS,Men,handball,M,Gold
Seoul,1988,Handball,Handball,"VASILIEV, Mikhail",URS,Men,handball,M,Gold
Seoul,1988,Handball,Handball,"CHOI, Suk-Jae",KOR,Men,handball,M,Silver
Seoul,1988,Handball,Handball,"KANG, Jae-Won",KOR,Men,handball,M,Silver
Seoul,1988,Handball,Handball,"KIM, Jae-Hwan",KOR,Men,handball,M,Silver
Seoul,1988,Handball,Handball,"KOH, Suk-Chang",KOR,Men,handball,M,Silver
Seoul,1988,Handball,Handball,"LEE, Sang-Hyo",KOR,Men,handball,M,Silver
Seoul,1988,Handball,Handball,"LIM, Jin-Suk",KOR,Men,handball,M,Silver
Seoul,1988,Handball,Handball,"OH, Young-Ki",KOR,Men,handball,M,Silver
Seoul,1988,Handball,Handball,"PARK, Do-Hun",KOR,Men,handball,M,Silver
Seoul,1988,Handball,Handball,"PARK, Young-Dae",KOR,Men,handball,M,Silver
Seoul,1988,Handball,Handball,"ROH, Hyun-Suk",KOR,Men,handball,M,Silver
Seoul,1988,Handball,Handball,"SHIM, Jae-Hong",KOR,Men,handball,M,Silver
Seoul,1988,Handball,Handball,"SHIN, Yung-Suk",KOR,Men,handball,M,Silver
Seoul,1988,Handball,Handball,"YOON, Tae-Il",KOR,Men,handball,M,Silver
Seoul,1988,Handball,Handball,"ANISIMOVA, Natalya",URS,Women,handball,W,Bronze
Seoul,1988,Handball,Handball,"BAZANOVA, Marina",URS,Women,handball,W,Bronze
Seoul,1988,Handball,Handball,"DIANDIGAVA, Tatyana",URS,Women,handball,W,Bronze
Seoul,1988,Handball,Handball,"GORB, Tatyana",URS,Women,handball,W,Bronze
Seoul,1988,Handball,Handball,"GUSEVA, Elina",URS,Women,handball,W,Bronze
Seoul,1988,Handball,Handball,"KARLOVA, Larisa",URS,Women,handball,W,Bronze
Seoul,1988,Handball,Handball,"LAPITSKAYA, Natalya",URS,Women,handball,W,Bronze
Seoul,1988,Handball,Handball,"MANKOVA, Svetlana",URS,Women,handball,W,Bronze
Seoul,1988,Handball,Handball,"MITRYUK, Natalya",URS,Women,handball,W,Bronze
Seoul,1988,Handball,Handball,"MORSKOVA, Natalia",URS,Women,handball,W,Bronze
Seoul,1988,Handball,Handball,"NEMASHKALO, Elena",URS,Women,handball,W,Bronze
Seoul,1988,Handball,Handball,"RUSNACHENKO, Natalya",URS,Women,handball,W,Bronze
Seoul,1988,Handball,Handball,"SEMENOVA, Olga",URS,Women,handball,W,Bronze
Seoul,1988,Handball,Handball,"TOVSTOGAN, Yevgeniya",URS,Women,handball,W,Bronze
Seoul,1988,Handball,Handball,"TURCHINA, Zinaida",URS,Women,handball,W,Bronze
Seoul,1988,Handball,Handball,"HAN, Hyun-Sook",KOR,Women,handball,W,Gold
Seoul,1988,Handball,Handball,"KIM, Choon-Rye",KOR,Women,handball,W,Gold
Seoul,1988,Handball,Handball,"KIM, Hyun-Mee",KOR,Women,handball,W,Gold
Seoul,1988,Handball,Handball,"KIM, Kyung-Soon",KOR,Women,handball,W,Gold
Seoul,1988,Handball,Handball,"KIM, Mi-Sook",KOR,Women,handball,W,Gold
Seoul,1988,Handball,Handball,"KIM, Myung-Soon",KOR,Women,handball,W,Gold
Seoul,1988,Handball,Handball,"LEE, Ki-Soon",KOR,Women,handball,W,Gold
Seoul,1988,Handball,Handball,"LIM, Mi-Kyung",KOR,Women,handball,W,Gold
Seoul,1988,Handball,Handball,"SON, Mi-Ha",KOR,Women,handball,W,Gold
Seoul,1988,Handball,Handball,"SONG, Ji-Hyun",KOR,Women,handball,W,Gold
Seoul,1988,Handball,Handball,"SUK, Min-Hee",KOR,Women,handball,W,Gold
Seoul,1988,Handball,Handball,"SUNG, Kyung-Hwa",KOR,Women,handball,W,Gold
Seoul,1988,Handball,Handball,"ANDERSEN, Kjerstin",NOR,Women,handball,W,Silver
