Montreal,1976,Sailing,Sailing,"JENSEN, Poul Richard Hoj",DEN,Men,fleet/match race keelboat open (Soling),X,Gold
Montreal,1976,Sailing,Sailing,"GLASGOW, Walter Merrill, Jr.",USA,Men,fleet/match race keelboat open (Soling),X,Silver
Montreal,1976,Sailing,Sailing,"HOEPFNER, Richard H.",USA,Men,fleet/match race keelboat open (Soling),X,Silver
Montreal,1976,Sailing,Sailing,"KOLIUS, John Waldrip",USA,Men,fleet/match race keelboat open (Soling),X,Silver
Montreal,1976,Sailing,Sailing,"CONRAD, Reinaldo",BRA,Men,flying dutchman,X,Bronze
Montreal,1976,Sailing,Sailing,"FICKER, Peter",BRA,Men,flying dutchman,X,Bronze
Montreal,1976,Sailing,Sailing,"DIESCH, Eckart",FRG,Men,flying dutchman,X,Gold
Montreal,1976,Sailing,Sailing,"DIESCH, Jörg",FRG,Men,flying dutchman,X,Gold
Montreal,1976,Sailing,Sailing,"BROOKE-HOUGHTON, Julian",GBR,Men,flying dutchman,X,Silver
Montreal,1976,Sailing,Sailing,"PATTISSON, Rodney Stuart",GBR,Men,flying dutchman,X,Silver
Montreal,1976,Sailing,Sailing,"BERTRAND, John Edwin",AUS,Men,single-handed dinghy (Finn),M,Bronze
Montreal,1976,Sailing,Sailing,"SCHÜMANN, Jochen",GDR,Men,single-handed dinghy (Finn),M,Gold
Montreal,1976,Sailing,Sailing,"BALASHOV, Andrei",URS,Men,single-handed dinghy (Finn),M,Silver
Montreal,1976,Sailing,Sailing,"CONNER, Dennis Walter",USA,Men,tempest,X,Bronze
Montreal,1976,Sailing,Sailing,"FINDLAY, Conrad Francis",USA,Men,tempest,X,Bronze
Montreal,1976,Sailing,Sailing,"ALBRECHTSON, John",SWE,Men,tempest,X,Gold
Montreal,1976,Sailing,Sailing,"HANSSON, Ingvar",SWE,Men,tempest,X,Gold
Montreal,1976,Sailing,Sailing,"AKIMENKO, Vladislav",URS,Men,tempest,X,Silver
Montreal,1976,Sailing,Sailing,"MANKIN, Valentyn",URS,Men,tempest,X,Silver
Montreal,1976,Sailing,Sailing,"SCHMALL, Jörg",FRG,Men,Tornado - Multihull,X,Bronze
Montreal,1976,Sailing,Sailing,"SPENGLER, Jörg",FRG,Men,Tornado - Multihull,X,Bronze
Montreal,1976,Sailing,Sailing,"OSBORN, John",GBR,Men,Tornado - Multihull,X,Gold
Montreal,1976,Sailing,Sailing,"WHITE, Reginald J.",GBR,Men,Tornado - Multihull,X,Gold
Montreal,1976,Sailing,Sailing,"MCFAULL, David Rockwell",USA,Men,Tornado - Multihull,X,Silver
Montreal,1976,Sailing,Sailing,"ROTHWELL, Michael Jon",USA,Men,Tornado - Multihull,X,Silver
Montreal,1976,Shooting,Shooting,"FERRARIS, Roberto",ITA,Men,25m rapid fire pistol (60 shots),X,Bronze
Montreal,1976,Shooting,Shooting,"KLAAR, Norbert",GDR,Men,25m rapid fire pistol (60 shots),X,Gold
Montreal,1976,Shooting,Shooting,"WIEFEL, Jürgen",GDR,Men,25m rapid fire pistol (60 shots),X,Silver
Montreal,1976,Shooting,Shooting,"DOLLINGER, Rudolf",AUT,Men,50m pistol (60 shots),X,Bronze
Montreal,1976,Shooting,Shooting,"POTTECK, Uwe",GDR,Men,50m pistol (60 shots),X,Gold
Montreal,1976,Shooting,Shooting,"VOLLMAR, Harald",GDR,Men,50m pistol (60 shots),X,Silver
Montreal,1976,Shooting,Shooting,"SEIBOLD, Werner",FRG,Men,50m rifle 3 positions (3x40 shots),X,Bronze
Montreal,1976,Shooting,Shooting,"BASSHAM, Lance Robert",USA,Men,50m rifle 3 positions (3x40 shots),X,Gold
Montreal,1976,Shooting,Shooting,"THOMPSON-MURDOCK, Margaret",USA,Women,50m rifle 3 positions (3x40 shots),X,Silver
Montreal,1976,Shooting,Shooting,"LUSHCHIKOV, Gennadi",URS,Men,50m rifle prone (60 shots),X,Bronze
Montreal,1976,Shooting,Shooting,"SMIESZEK, Karlheinz",FRG,Men,50m rifle prone (60 shots),X,Gold
Montreal,1976,Shooting,Shooting,"LIND, Ulrich",FRG,Men,50m rifle prone (60 shots),X,Silver
Montreal,1976,Shooting,Shooting,"GRESZKIEWICZ, Jerzy",POL,Men,50m running target (30+30 shots),X,Bronze
Montreal,1976,Shooting,Shooting,"GAZOV, Aleksandr",URS,Men,50m running target (30+30 shots),X,Gold
Montreal,1976,Shooting,Shooting,"KEDYAROV, Aleksandr",URS,Men,50m running target (30+30 shots),X,Silver
Montreal,1976,Shooting,Shooting,"GAWLIKOWSKI, Wieslaw",POL,Men,skeet (125 targets),X,Bronze
Montreal,1976,Shooting,Shooting,"PANACEK, Josef",TCH,Men,skeet (125 targets),X,Gold
Montreal,1976,Shooting,Shooting,"SWINKELS, Eric",NED,Men,skeet (125 targets),X,Silver
Montreal,1976,Shooting,Shooting,"BALDI, Ubaldesco",ITA,Men,trap (125 targets),X,Bronze
Montreal,1976,Shooting,Shooting,"HALDEMAN, Donald Stanley",USA,Men,trap (125 targets),X,Gold
Montreal,1976,Shooting,Shooting,"MARQUES, Armando Da Silva",POR,Men,trap (125 targets),X,Silver
Montreal,1976,Volleyball,Volleyball,"FIGUEREDO RICARDO, Alfredo",CUB,Men,volleyball,M,Bronze
Montreal,1976,Volleyball,Volleyball,"GARCIA CAMPOS, Victor",CUB,Men,volleyball,M,Bronze
Montreal,1976,Volleyball,Volleyball,"LAPERA SOTOLONGO, Diego",CUB,Men,volleyball,M,Bronze
Montreal,1976,Volleyball,Volleyball,"MARSHALL STEWARD, Leonel",CUB,Men,volleyball,M,Bronze
Montreal,1976,Volleyball,Volleyball,"MARTINEZ CORDERO, Lorenzo",CUB,Men,volleyball,M,Bronze
Montreal,1976,Volleyball,Volleyball,"MARTINEZ HERNANDEZ, Ernesto",CUB,Men,volleyball,M,Bronze
Montreal,1976,Volleyball,Volleyball,"PEREZ VENTO MACHADO, Jorge",CUB,Men,volleyball,M,Bronze
Montreal,1976,Volleyball,Volleyball,"RODRIGUEZ AGUIRRE, Antonio",CUB,Men,volleyball,M,Bronze
Montreal,1976,Volleyball,Volleyball,"SALAS PEREZ, Carlos",CUB,Men,volleyball,M,Bronze
Montreal,1976,Volleyball,Volleyball,"SARMIENTOS BIOS, Victoriano",CUB,Men,volleyball,M,Bronze
Montreal,1976,Volleyball,Volleyball,"SAVIGNE SAVIGNE, Jesus",CUB,Men,volleyball,M,Bronze
Montreal,1976,Volleyball,Volleyball,"VILCHES MORE, Raul",CUB,Men,volleyball,M,Bronze
Montreal,1976,Volleyball,Volleyball,"BEBEL, Bronislaw",POL,Men,volleyball,M,Gold
Montreal,1976,Volleyball,Volleyball,"BOSEK, Ryszard",POL,Men,volleyball,M,Gold
Montreal,1976,Volleyball,Volleyball,"GAWLOWSKI, Wieslaw",POL,Men,volleyball,M,Gold
Montreal,1976,Volleyball,Volleyball,"KARBARZ, Marek",POL,Men,volleyball,M,Gold
Montreal,1976,Volleyball,Volleyball,"LASKO, Lech",POL,Men,volleyball,M,Gold
Montreal,1976,Volleyball,Volleyball,"LUBIEJEWSKI, Zbigniew",POL,Men,volleyball,M,Gold
Montreal,1976,Volleyball,Volleyball,"RYBACZEWSKI, Miroslaw",POL,Men,volleyball,M,Gold
Montreal,1976,Volleyball,Volleyball,"SADALSKI, Wlodzimierz",POL,Men,volleyball,M,Gold
Montreal,1976,Volleyball,Volleyball,"SKOREK, Edward",POL,Men,volleyball,M,Gold
Montreal,1976,Volleyball,Volleyball,"STEFANSKI, Wlodzimierz",POL,Men,volleyball,M,Gold
Montreal,1976,Volleyball,Volleyball,"WOJTOWICZ, Tomasz",POL,Men,volleyball,M,Gold
Montreal,1976,Volleyball,Volleyball,"ZARZYCKI, Zbigniew",POL,Men,volleyball,M,Gold
Montreal,1976,Volleyball,Volleyball,"CHERNYSHEV, Vladimir",URS,Men,volleyball,M,Silver
Montreal,1976,Volleyball,Volleyball,"CHULAK, Yefim",URS,Men,volleyball,M,Silver
Montreal,1976,Volleyball,Volleyball,"DOROKHOV, Vladimir",URS,Men,volleyball,M,Silver
Montreal,1976,Volleyball,Volleyball,"ERMILOV, Aleksandr",URS,Men,volleyball,M,Silver
Montreal,1976,Volleyball,Volleyball,"KONDRA, Vladimir",URS,Men,volleyball,M,Silver
Montreal,1976,Volleyball,Volleyball,"MOLIBOGA, Oleg",URS,Men,volleyball,M,Silver
Montreal,1976,Volleyball,Volleyball,"POLISHCHUK, Anatoli",URS,Men,volleyball,M,Silver
Montreal,1976,Volleyball,Volleyball,"SAVIN, Aleksandr",URS,Men,volleyball,M,Silver
Montreal,1976,Volleyball,Volleyball,"SELIVANOV, Pavel",URS,Men,volleyball,M,Silver
Montreal,1976,Volleyball,Volleyball,"STARUNSKY, Yuri",URS,Men,volleyball,M,Silver
Montreal,1976,Volleyball,Volleyball,"ULANOV, Vladimir",URS,Men,volleyball,M,Silver
Montreal,1976,Volleyball,Volleyball,"ZAITSEV, Viacheslav",URS,Men,volleyball,M,Silver
Montreal,1976,Volleyball,Volleyball,"BAIK, Myung-Sun",KOR,Women,volleyball,W,Bronze
Montreal,1976,Volleyball,Volleyball,"BYON, Kyung-Ja",KOR,Women,volleyball,W,Bronze
Montreal,1976,Volleyball,Volleyball,"CHANG, Hee-Sook",KOR,Women,volleyball,W,Bronze
Montreal,1976,Volleyball,Volleyball,"JO, Hae-Chung",KOR,Women,volleyball,W,Bronze
Montreal,1976,Volleyball,Volleyball,"JUNG, Soon-Ok",KOR,Women,volleyball,W,Bronze
Montreal,1976,Volleyball,Volleyball,"LEE, Soon-Bok",KOR,Women,volleyball,W,Bronze
Montreal,1976,Volleyball,Volleyball,"LEE, Soon-Ok",KOR,Women,volleyball,W,Bronze
Montreal,1976,Volleyball,Volleyball,"MA, Kum-Ja",KOR,Women,volleyball,W,Bronze
Montreal,1976,Volleyball,Volleyball,"PARK, Mi-Kum",KOR,Women,volleyball,W,Bronze
Montreal,1976,Volleyball,Volleyball,"YOON, Young-Nae",KOR,Women,volleyball,W,Bronze
Montreal,1976,Volleyball,Volleyball,"YU, Jung-Hyae",KOR,Women,volleyball,W,Bronze
Montreal,1976,Volleyball,Volleyball,"YU, Kyung-Hwa",KOR,Women,volleyball,W,Bronze
Montreal,1976,Volleyball,Volleyball,"ARAKIDA, Yuko",JPN,Women,volleyball,W,Gold
Montreal,1976,Volleyball,Volleyball,"IIDA, Takako",JPN,Women,volleyball,W,Gold
Montreal,1976,Volleyball,Volleyball,"KANESAKA, Katsuko",JPN,Women,volleyball,W,Gold
Montreal,1976,Volleyball,Volleyball,"KATO, Kiyomi",JPN,Women,volleyball,W,Gold
Montreal,1976,Volleyball,Volleyball,"MAEDA, Echiko",JPN,Women,volleyball,W,Gold
Montreal,1976,Volleyball,Volleyball,"MATSUDA, Noriko",JPN,Women,volleyball,W,Gold
Montreal,1976,Volleyball,Volleyball,"OKAMOTO, Mariko",JPN,Women,volleyball,W,Gold
Montreal,1976,Volleyball,Volleyball,"SHIRAI, Takako",JPN,Women,volleyball,W,Gold
Montreal,1976,Volleyball,Volleyball,"TAKAYANAGI, Shoko",JPN,Women,volleyball,W,Gold
Montreal,1976,Volleyball,Volleyball,"YANO, Hiromi",JPN,Women,volleyball,W,Gold
Montreal,1976,Volleyball,Volleyball,"YOKOYAMA, Juri",JPN,Women,volleyball,W,Gold
Montreal,1976,Volleyball,Volleyball,"YOSHIDA, Mariko",JPN,Women,volleyball,W,Gold
Montreal,1976,Volleyball,Volleyball,"BERGEN, Larisa",URS,Women,volleyball,W,Silver
Montreal,1976,Volleyball,Volleyball,"CHERNYSHOVA, Liudmila",URS,Women,volleyball,W,Silver
Montreal,1976,Volleyball,Volleyball,"KOZAKOVA, Olga",URS,Women,volleyball,W,Silver
Montreal,1976,Volleyball,Volleyball,"KUSHNIR, Natalya",URS,Women,volleyball,W,Silver
Montreal,1976,Volleyball,Volleyball,"MURADYAN, Nina",URS,Women,volleyball,W,Silver
Montreal,1976,Volleyball,Volleyball,"OSADCHAYA, Liliya",URS,Women,volleyball,W,Silver
Montreal,1976,Volleyball,Volleyball,"ROSTOVA, Anna",URS,Women,volleyball,W,Silver
Montreal,1976,Volleyball,Volleyball,"RUDOVSKAYA, Lyubov",URS,Women,volleyball,W,Silver
Montreal,1976,Volleyball,Volleyball,"RYSKAL, Inna",URS,Women,volleyball,W,Silver
Montreal,1976,Volleyball,Volleyball,"SHCHETININA, Lyudmila",URS,Women,volleyball,W,Silver
Montreal,1976,Volleyball,Volleyball,"SMOLEEVA, Nina",URS,Women,volleyball,W,Silver
Montreal,1976,Volleyball,Volleyball,"YUSOVA, Zoya",URS,Women,volleyball,W,Silver
Montreal,1976,Weightlifting,Weightlifting,"NASSIRI-SERESHT, Mohammad",IRI,Men,"- 52kg, total (flyweight)",M,Bronze
Montreal,1976,Weightlifting,Weightlifting,"VORONIN, Aleksandr",URS,Men,"- 52kg, total (flyweight)",M,Gold
Montreal,1976,Weightlifting,Weightlifting,"KÖSZEGI, György",HUN,Men,"- 52kg, total (flyweight)",M,Silver
Montreal,1976,Weightlifting,Weightlifting,"ANDO, Kenkichi",JPN,Men,"- 56kg, total (bantamweight)",M,Bronze
Montreal,1976,Weightlifting,Weightlifting,"NURIKIAN, Norair",BUL,Men,"- 56kg, total (bantamweight)",M,Gold
Montreal,1976,Weightlifting,Weightlifting,"CZIURA, Grzegorz",POL,Men,"- 56kg, total (bantamweight)",M,Silver
Montreal,1976,Weightlifting,Weightlifting,"LOSCH, Helmut",GDR,Men,"+ 110kg, total (super heavyweight)",M,Bronze
Montreal,1976,Weightlifting,Weightlifting,"ALEKSEYEV, Vasily",URS,Men,"+ 110kg, total (super heavyweight)",M,Gold
Montreal,1976,Weightlifting,Weightlifting,"BONK, Gerd",GDR,Men,"+ 110kg, total (super heavyweight)",M,Silver
Montreal,1976,Weightlifting,Weightlifting,"HIRAI, Kazumasa",JPN,Men,"56 - 60kg, total (featherweight)",M,Bronze
Montreal,1976,Weightlifting,Weightlifting,"KOLESNIKOV, Nikolai",URS,Men,"56 - 60kg, total (featherweight)",M,Gold
Montreal,1976,Weightlifting,Weightlifting,"TODOROV, Georghi",BUL,Men,"56 - 60kg, total (featherweight)",M,Silver
Montreal,1976,Weightlifting,Weightlifting,"CZARNECKI, Kazimierz",POL,Men,"60 - 67.5kg, total (lightweight)",M,Bronze
Montreal,1976,Weightlifting,Weightlifting,"KOROL, Pyotr",URS,Men,"60 - 67.5kg, total (lightweight)",M,Gold
Montreal,1976,Weightlifting,Weightlifting,"SENET, Daniel",FRA,Men,"60 - 67.5kg, total (lightweight)",M,Silver
Montreal,1976,Weightlifting,Weightlifting,"WENZEL, Peter",GDR,Men,"67.5 - 75kg, total (middleweight)",M,Bronze
Montreal,1976,Weightlifting,Weightlifting,"MITKOV, Yordan",BUL,Men,"67.5 - 75kg, total (middleweight)",M,Gold
Montreal,1976,Weightlifting,Weightlifting,"MILITOSYAN, Vartan",URS,Men,"67.5 - 75kg, total (middleweight)",M,Silver
Montreal,1976,Weightlifting,Weightlifting,"BACZAKO, Peter",HUN,Men,"75 - 82.5kg, total (light-heavyweight)",M,Bronze
Montreal,1976,Weightlifting,Weightlifting,"SHARY, Valeri",URS,Men,"75 - 82.5kg, total (light-heavyweight)",M,Gold
Montreal,1976,Weightlifting,Weightlifting,"STOITCHEV, Trendafil",BUL,Men,"75 - 82.5kg, total (light-heavyweight)",M,Silver
Montreal,1976,Weightlifting,Weightlifting,"SHOPOV, Atanas",BUL,Men,"82.5 - 90kg, total (middle-heavyweight)",M,Bronze
Montreal,1976,Weightlifting,Weightlifting,"RIGERT, David",URS,Men,"82.5 - 90kg, total (middle-heavyweight)",M,Gold
Montreal,1976,Weightlifting,Weightlifting,"JAMES, Lee Roy, Jr.",USA,Men,"82.5 - 90kg, total (middle-heavyweight)",M,Silver
Montreal,1976,Weightlifting,Weightlifting,"RUTKOWSKI, Tadeusz",POL,Men,"91 - 110kg, total (heavyweight)",M,Bronze
Montreal,1976,Weightlifting,Weightlifting,"ZAITSEV, Yuri",URS,Men,"91 - 110kg, total (heavyweight)",M,Gold
Montreal,1976,Weightlifting,Weightlifting,"SEMERDJIEV, Krastio",BUL,Men,"91 - 110kg, total (heavyweight)",M,Silver
Montreal,1976,Wrestling,Wrestling Free.,"KUDO, Akira",JPN,Men,- 48kg (light-flyweight),M,Bronze
Montreal,1976,Wrestling,Wrestling Free.,"MURSELOV, Khassan Issaiev",BUL,Men,- 48kg (light-flyweight),M,Gold
Montreal,1976,Wrestling,Wrestling Free.,"DMITRIEV, Roman",URS,Men,- 48kg (light-flyweight),M,Silver
Montreal,1976,Wrestling,Wrestling Free.,"SIMON, Ladislau",ROU,Men,+ 100kg (super heavyweight),M,Bronze
Montreal,1976,Wrestling,Wrestling Free.,"ANDIEV, Soslan",URS,Men,+ 100kg (super heavyweight),M,Gold
Montreal,1976,Wrestling,Wrestling Free.,"BALLA, Jozsef",HUN,Men,+ 100kg (super heavyweight),M,Silver
Montreal,1976,Wrestling,Wrestling Free.,"JEON, Hae-Sup",KOR,Men,48 - 52kg (flyweight),M,Bronze
Montreal,1976,Wrestling,Wrestling Free.,"TAKADA, Yuji",JPN,Men,48 - 52kg (flyweight),M,Gold
Montreal,1976,Wrestling,Wrestling Free.,"IVANOV, Aleksandr",URS,Men,48 - 52kg (flyweight),M,Silver
Montreal,1976,Wrestling,Wrestling Free.,"ARAI, Masao",JPN,Men,52 - 57kg (bantamweight),M,Bronze
Montreal,1976,Wrestling,Wrestling Free.,"YUMIN, Vladimir",URS,Men,52 - 57kg (bantamweight),M,Gold
Montreal,1976,Wrestling,Wrestling Free.,"BRÜCHERT, Hans-Dieter",GDR,Men,52 - 57kg (bantamweight),M,Silver
Montreal,1976,Wrestling,Wrestling Free.,"DAVIS, Eugene Lee",USA,Men,57 - 62kg (featherweight),M,Bronze
Montreal,1976,Wrestling,Wrestling Free.,"YANG, Jung-Mo",KOR,Men,57 - 62kg (featherweight),M,Gold
Montreal,1976,Wrestling,Wrestling Free.,"OIDOV, Zevegying",MGL,Men,57 - 62kg (featherweight),M,Silver
Montreal,1976,Wrestling,Wrestling Free.,"SUGAWARA, Yasaburo",JPN,Men,62 - 68kg (lightweight),M,Bronze
Montreal,1976,Wrestling,Wrestling Free.,"PINIGIN, Pavel",URS,Men,62 - 68kg (lightweight),M,Gold
Montreal,1976,Wrestling,Wrestling Free.,"KEASER, Lloyd Weldon",USA,Men,62 - 68kg (lightweight),M,Silver
Montreal,1976,Wrestling,Wrestling Free.,"DZIEDZIC, Stanley Joseph, Jr.",USA,Men,68 - 74kg (welterweight),M,Bronze
Montreal,1976,Wrestling,Wrestling Free.,"DATE, Jiichiro",JPN,Men,68 - 74kg (welterweight),M,Gold
Montreal,1976,Wrestling,Wrestling Free.,"BARZEGAR, Mansour",IRI,Men,68 - 74kg (welterweight),M,Silver
Montreal,1976,Wrestling,Wrestling Free.,"SEGER, Adolf",FRG,Men,74 - 82kg (middleweight),M,Bronze
Montreal,1976,Wrestling,Wrestling Free.,"PETERSON, John Allan",USA,Men,74 - 82kg (middleweight),M,Gold
Montreal,1976,Wrestling,Wrestling Free.,"NOVOZHILOV, Viktor",URS,Men,74 - 82kg (middleweight),M,Silver
Montreal,1976,Wrestling,Wrestling Free.,"MORCOV, Stelica",ROU,Men,82 - 90kg (light-heavyweight),M,Bronze
Montreal,1976,Wrestling,Wrestling Free.,"TEDIASHVILI, Levan",URS,Men,82 - 90kg (light-heavyweight),M,Gold
Montreal,1976,Wrestling,Wrestling Free.,"PETERSON, Benjamin Lee",USA,Men,82 - 90kg (light-heavyweight),M,Silver
Montreal,1976,Wrestling,Wrestling Free.,"KOSTOV, Dimov",BUL,Men,90 - 100kg (heavyweight),M,Bronze
Montreal,1976,Wrestling,Wrestling Free.,"YARYGIN, Ivan",URS,Men,90 - 100kg (heavyweight),M,Gold
Montreal,1976,Wrestling,Wrestling Free.,"HELLICKSON, Russell Owen",USA,Men,90 - 100kg (heavyweight),M,Silver
Montreal,1976,Wrestling,Wrestling Gre-R,"ANGELOV, Stefan",BUL,Men,- 48kg (light-flyweight),M,Bronze
Montreal,1976,Wrestling,Wrestling Gre-R,"SHUMAKOV, Aleksei",URS,Men,- 48kg (light-flyweight),M,Gold
Montreal,1976,Wrestling,Wrestling Gre-R,"BERCEANU, Gheorghe",ROU,Men,- 48kg (light-flyweight),M,Silver
Montreal,1976,Wrestling,Wrestling Gre-R,"CODREANU, Roman",ROU,Men,+ 100kg (super heavyweight),M,Bronze
Montreal,1976,Wrestling,Wrestling Gre-R,"KOLCHINSKY, Aleksandr",URS,Men,+ 100kg (super heavyweight),M,Gold
Montreal,1976,Wrestling,Wrestling Gre-R,"TOMOV, Aleksandr",BUL,Men,+ 100kg (super heavyweight),M,Silver
Montreal,1976,Wrestling,Wrestling Gre-R,"HIRAYAMA, Koichiro",JPN,Men,48 - 52kg (flyweight),M,Bronze
Montreal,1976,Wrestling,Wrestling Gre-R,"KONSTANTINOV, Vitali",URS,Men,48 - 52kg (flyweight),M,Gold
Montreal,1976,Wrestling,Wrestling Gre-R,"GINGA, Nicu",ROU,Men,48 - 52kg (flyweight),M,Silver
Montreal,1976,Wrestling,Wrestling Gre-R,"MUSTAFIN, Farkhad",URS,Men,52 - 57kg (bantamweight),M,Bronze
Montreal,1976,Wrestling,Wrestling Gre-R,"UKKOLA, Pertti Olavi",FIN,Men,52 - 57kg (bantamweight),M,Gold
Montreal,1976,Wrestling,Wrestling Gre-R,"FRGIC, Ivan",YUG,Men,52 - 57kg (bantamweight),M,Silver
Montreal,1976,Wrestling,Wrestling Gre-R,"RECZI, Laszlo",HUN,Men,57 - 62kg (featherweight),M,Bronze
Montreal,1976,Wrestling,Wrestling Gre-R,"LIPIEN, Kazimierz",POL,Men,57 - 62kg (featherweight),M,Gold
Montreal,1976,Wrestling,Wrestling Gre-R,"DAVIDYAN, Nelson",URS,Men,57 - 62kg (featherweight),M,Silver
Montreal,1976,Wrestling,Wrestling Gre-R,"WEHLING, Heinz-Helmut",GDR,Men,62 - 68kg (lightweight),M,Bronze
Montreal,1976,Wrestling,Wrestling Gre-R,"NALBANDYAN, Suren",URS,Men,62 - 68kg (lightweight),M,Gold
Montreal,1976,Wrestling,Wrestling Gre-R,"RUSU, Stefan",ROU,Men,62 - 68kg (lightweight),M,Silver
Montreal,1976,Wrestling,Wrestling Gre-R,"HELBING, Karl-Heinz",FRG,Men,68 - 74kg (welterweight),M,Bronze
Montreal,1976,Wrestling,Wrestling Gre-R,"BYKOV, Anatoli",URS,Men,68 - 74kg (welterweight),M,Gold
Montreal,1976,Wrestling,Wrestling Gre-R,"MACHA, Vitezslav",TCH,Men,68 - 74kg (welterweight),M,Silver
Montreal,1976,Wrestling,Wrestling Gre-R,"KOLEV, Ivan",BUL,Men,74 - 82kg (middleweight),M,Bronze
Montreal,1976,Wrestling,Wrestling Gre-R,"PETKOVIC, Momir",YUG,Men,74 - 82kg (middleweight),M,Gold
Montreal,1976,Wrestling,Wrestling Gre-R,"CHEBOKSAROV, Vladimir",URS,Men,74 - 82kg (middleweight),M,Silver
Montreal,1976,Wrestling,Wrestling Gre-R,"KWIECINSKI, Czeslaw",POL,Men,82 - 90kg (light-heavyweight),M,Bronze
Montreal,1976,Wrestling,Wrestling Gre-R,"REZANTSEV, Valeri",URS,Men,82 - 90kg (light-heavyweight),M,Gold
Montreal,1976,Wrestling,Wrestling Gre-R,"IVANOV, Stoyan",BUL,Men,82 - 90kg (light-heavyweight),M,Silver
Montreal,1976,Wrestling,Wrestling Gre-R,"SKRZYDLEWSKI, Andrzej",POL,Men,90 - 100kg (heavyweight),M,Bronze
Montreal,1976,Wrestling,Wrestling Gre-R,"BALBOSHIN, Nikolai",URS,Men,90 - 100kg (heavyweight),M,Gold
Montreal,1976,Wrestling,Wrestling Gre-R,"GORANOV, Kamen",BUL,Men,90 - 100kg (heavyweight),M,Silver
Moscow,1980,Aquatics,Diving,"AMBARTSUMYAN, David",URS,Men,10m platform,M,Bronze
Moscow,1980,Aquatics,Diving,"HOFFMANN, Falk",GDR,Men,10m platform,M,Gold
Moscow,1980,Aquatics,Diving,"ALEINIK, Vladimir",URS,Men,10m platform,M,Silver
Moscow,1980,Aquatics,Diving,"TSOTADZE, Liana",URS,Women,10m platform,W,Bronze
Moscow,1980,Aquatics,Diving,"JÄSCHKE, Martina",GDR,Women,10m platform,W,Gold
Moscow,1980,Aquatics,Diving,"EMIRZIAN, Servard",URS,Women,10m platform,W,Silver
Moscow,1980,Aquatics,Diving,"CAGNOTTO, Giorgio Franco",ITA,Men,3m springboard,M,Bronze
Moscow,1980,Aquatics,Diving,"PORTNOV, Aleksandr",URS,Men,3m springboard,M,Gold
Moscow,1980,Aquatics,Diving,"GIRON, Carlos",MEX,Men,3m springboard,M,Silver
Moscow,1980,Aquatics,Diving,"GUTHKE, Karin",GDR,Women,3m springboard,W,Bronze
Moscow,1980,Aquatics,Diving,"KALININA, Irina",URS,Women,3m springboard,W,Gold
Moscow,1980,Aquatics,Diving,"PROEBER, Martina",GDR,Women,3m springboard,W,Silver
Moscow,1980,Aquatics,Swimming,"DOLGOV, Vladimir",URS,Men,100m backstroke,M,Bronze
Moscow,1980,Aquatics,Swimming,"BARON, Bengt",SWE,Men,100m backstroke,M,Gold
Moscow,1980,Aquatics,Swimming,"KUZNETSOV, Viktor",URS,Men,100m backstroke,M,Silver
Moscow,1980,Aquatics,Swimming,"RIEDEL, Petra",GDR,Women,100m backstroke,W,Bronze
Moscow,1980,Aquatics,Swimming,"REINISCH, Rica",GDR,Women,100m backstroke,W,Gold
Moscow,1980,Aquatics,Swimming,"KLEBER, Ina",GDR,Women,100m backstroke,W,Silver
Moscow,1980,Aquatics,Swimming,"EVANS, Peter",AUS,Men,100m breaststroke,M,Bronze
Moscow,1980,Aquatics,Swimming,"GOODHEW, Dunkan",GBR,Men,100m breaststroke,M,Gold
Moscow,1980,Aquatics,Swimming,"MISKAROV, Arsen",URS,Men,100m breaststroke,M,Silver
Moscow,1980,Aquatics,Swimming,"NIELSSON, Susanne Schultz",DEN,Women,100m breaststroke,W,Bronze
Moscow,1980,Aquatics,Swimming,"GEWENIGER, Ute",GDR,Women,100m breaststroke,W,Gold
Moscow,1980,Aquatics,Swimming,"VASILKOVA, Elvira",URS,Women,100m breaststroke,W,Silver
Moscow,1980,Aquatics,Swimming,"LOPEZ-ZUBERO PURCELL, David",ESP,Men,100m butterfly,M,Bronze
Moscow,1980,Aquatics,Swimming,"ARVIDSSON, Pär",SWE,Men,100m butterfly,M,Gold
Moscow,1980,Aquatics,Swimming,"PYTTEL, Roger",GDR,Men,100m butterfly,M,Silver
Moscow,1980,Aquatics,Swimming,"KNACKE, Christiane",GDR,Women,100m butterfly,W,Bronze
Moscow,1980,Aquatics,Swimming,"METSCHUCK, Caren",GDR,Women,100m butterfly,W,Gold
Moscow,1980,Aquatics,Swimming,"POLLACK, Andrea",GDR,Women,100m butterfly,W,Silver
Moscow,1980,Aquatics,Swimming,"JOHANSSON, Per",SWE,Men,100m freestyle,M,Bronze
Moscow,1980,Aquatics,Swimming,"WOITHE, Jörg",GDR,Men,100m freestyle,M,Gold
Moscow,1980,Aquatics,Swimming,"HOLMERTZ, Per",SWE,Men,100m freestyle,M,Silver
Moscow,1980,Aquatics,Swimming,"DIERS, Ines",GDR,Women,100m freestyle,W,Bronze
Moscow,1980,Aquatics,Swimming,"KRAUSE, Barbara",GDR,Women,100m freestyle,W,Gold
Moscow,1980,Aquatics,Swimming,"METSCHUCK, Caren",GDR,Women,100m freestyle,W,Silver
Moscow,1980,Aquatics,Swimming,"METZKER, Maxwell",AUS,Men,1500m freestyle,M,Bronze
Moscow,1980,Aquatics,Swimming,"SALNIKOV, Vladimir",URS,Men,1500m freestyle,M,Gold
Moscow,1980,Aquatics,Swimming,"CHAEV, Aleksandr",URS,Men,1500m freestyle,M,Silver
Moscow,1980,Aquatics,Swimming,"KERRY, Mark",AUS,Men,200m backstroke,M,Bronze
Moscow,1980,Aquatics,Swimming,"WLADAR, Sandor",HUN,Men,200m backstroke,M,Gold
Moscow,1980,Aquatics,Swimming,"VERRASZTO, Zoltan",HUN,Men,200m backstroke,M,Silver
Moscow,1980,Aquatics,Swimming,"TREIBER, Birgit",GDR,Women,200m backstroke,W,Bronze
Moscow,1980,Aquatics,Swimming,"REINISCH, Rica",GDR,Women,200m backstroke,W,Gold
Moscow,1980,Aquatics,Swimming,"POLIT, Cornelia",GDR,Women,200m backstroke,W,Silver
Moscow,1980,Aquatics,Swimming,"MISKAROV, Arsen",URS,Men,200m breaststroke,M,Bronze
Moscow,1980,Aquatics,Swimming,"ZHULPA, Robertas",URS,Men,200m breaststroke,M,Gold
Moscow,1980,Aquatics,Swimming,"VERMES, Alban",HUN,Men,200m breaststroke,M,Silver
Moscow,1980,Aquatics,Swimming,"BOGDANOVA, Yulia",URS,Women,200m breaststroke,W,Bronze
Moscow,1980,Aquatics,Swimming,"KACHUSHITE, Lina",URS,Women,200m breaststroke,W,Gold
Moscow,1980,Aquatics,Swimming,"VARGANOVA, Svetlana",URS,Women,200m breaststroke,W,Silver
Moscow,1980,Aquatics,Swimming,"PYTTEL, Roger",GDR,Men,200m butterfly,M,Bronze
Moscow,1980,Aquatics,Swimming,"FESENKO, Sergei",URS,Men,200m butterfly,M,Gold
Moscow,1980,Aquatics,Swimming,"HUBBLE, Philip",GBR,Men,200m butterfly,M,Silver
Moscow,1980,Aquatics,Swimming,"FORD, Michelle",AUS,Women,200m butterfly,W,Bronze
Moscow,1980,Aquatics,Swimming,"GEISSLER, Ines",GDR,Women,200m butterfly,W,Gold
Moscow,1980,Aquatics,Swimming,"SCHÖNROCK, Sybille",GDR,Women,200m butterfly,W,Silver
Moscow,1980,Aquatics,Swimming,"BREWER, Graeme",AUS,Men,200m freestyle,M,Bronze
Moscow,1980,Aquatics,Swimming,"KOPLYAKOV, Sergei",URS,Men,200m freestyle,M,Gold
Moscow,1980,Aquatics,Swimming,"KRYLOV, Andrei",URS,Men,200m freestyle,M,Silver
Moscow,1980,Aquatics,Swimming,"SCHMIDT, Carmela",GDR,Women,200m freestyle,W,Bronze
Moscow,1980,Aquatics,Swimming,"KRAUSE, Barbara",GDR,Women,200m freestyle,W,Gold
Moscow,1980,Aquatics,Swimming,"DIERS, Ines",GDR,Women,200m freestyle,W,Silver
Moscow,1980,Aquatics,Swimming,"STUKOLKIN, Ivar",URS,Men,400m freestyle,M,Bronze
Moscow,1980,Aquatics,Swimming,"SALNIKOV, Vladimir",URS,Men,400m freestyle,M,Gold
Moscow,1980,Aquatics,Swimming,"KRYLOV, Andrei",URS,Men,400m freestyle,M,Silver
Moscow,1980,Aquatics,Swimming,"SCHMIDT, Carmela",GDR,Women,400m freestyle,W,Bronze
Moscow,1980,Aquatics,Swimming,"DIERS, Ines",GDR,Women,400m freestyle,W,Gold
Moscow,1980,Aquatics,Swimming,"SCHNEIDER, Petra",GDR,Women,400m freestyle,W,Silver
Moscow,1980,Aquatics,Swimming,"VERRASZTO, Zoltan",HUN,Men,400m individual medley,M,Bronze
Moscow,1980,Aquatics,Swimming,"SIDORENKO, Aleksandr",URS,Men,400m individual medley,M,Gold
Moscow,1980,Aquatics,Swimming,"FESENKO, Sergei",URS,Men,400m individual medley,M,Silver
Moscow,1980,Aquatics,Swimming,"CZOPEK, Agnieszka",POL,Women,400m individual medley,W,Bronze
Moscow,1980,Aquatics,Swimming,"SCHNEIDER, Petra",GDR,Women,400m individual medley,W,Gold
Moscow,1980,Aquatics,Swimming,"DAVIES, Sharron Elizabeth",GBR,Women,400m individual medley,W,Silver
Moscow,1980,Aquatics,Swimming,"DE JONG, Reggie",NED,Women,4x100m freestyle relay,W,Bronze
Moscow,1980,Aquatics,Swimming,"MAAS, Annelies",NED,Women,4x100m freestyle relay,W,Bronze
Moscow,1980,Aquatics,Swimming,"VAN BENTUM, Conny",NED,Women,4x100m freestyle relay,W,Bronze
Moscow,1980,Aquatics,Swimming,"VAN VELSEN, Wilma",NED,Women,4x100m freestyle relay,W,Bronze
Moscow,1980,Aquatics,Swimming,"DIERS, Ines",GDR,Women,4x100m freestyle relay,W,Gold
Moscow,1980,Aquatics,Swimming,"HÜLSENBECK, Sarina",GDR,Women,4x100m freestyle relay,W,Gold
Moscow,1980,Aquatics,Swimming,"KRAUSE, Barbara",GDR,Women,4x100m freestyle relay,W,Gold
Moscow,1980,Aquatics,Swimming,"METSCHUCK, Caren",GDR,Women,4x100m freestyle relay,W,Gold
Moscow,1980,Aquatics,Swimming,"ERIKSSON, Agneta",SWE,Women,4x100m freestyle relay,W,Silver
Moscow,1980,Aquatics,Swimming,"GUSTAFSSON, Tina",SWE,Women,4x100m freestyle relay,W,Silver
Moscow,1980,Aquatics,Swimming,"LJUNGDAHL, Carina",SWE,Women,4x100m freestyle relay,W,Silver
Moscow,1980,Aquatics,Swimming,"MÄRTENSSON, Agneta",SWE,Women,4x100m freestyle relay,W,Silver
Moscow,1980,Aquatics,Swimming,"ABRAHAM, Gary",GBR,Men,4x100m medley relay,M,Bronze
Moscow,1980,Aquatics,Swimming,"GOODHEW, Dunkan",GBR,Men,4x100m medley relay,M,Bronze
Moscow,1980,Aquatics,Swimming,"LOWE, David",GBR,Men,4x100m medley relay,M,Bronze
Moscow,1980,Aquatics,Swimming,"SMITH, Martin",GBR,Men,4x100m medley relay,M,Bronze
Moscow,1980,Aquatics,Swimming,"BROOKS, Neil",AUS,Men,4x100m medley relay,M,Gold
Moscow,1980,Aquatics,Swimming,"EVANS, Peter",AUS,Men,4x100m medley relay,M,Gold
Moscow,1980,Aquatics,Swimming,"KERRY, Mark",AUS,Men,4x100m medley relay,M,Gold
Moscow,1980,Aquatics,Swimming,"TONELLI, Mark",AUS,Men,4x100m medley relay,M,Gold
Moscow,1980,Aquatics,Swimming,"KOPLYAKOV, Sergei",URS,Men,4x100m medley relay,M,Silver
Moscow,1980,Aquatics,Swimming,"KUZNETSOV, Viktor",URS,Men,4x100m medley relay,M,Silver
Moscow,1980,Aquatics,Swimming,"MISKAROV, Arsen",URS,Men,4x100m medley relay,M,Silver
Moscow,1980,Aquatics,Swimming,"SEREDIN, Evgeni",URS,Men,4x100m medley relay,M,Silver
Moscow,1980,Aquatics,Swimming,"GRISHCHENKOVA, Alla",URS,Women,4x100m medley relay,W,Bronze
Moscow,1980,Aquatics,Swimming,"KRUGLOVA, Elena",URS,Women,4x100m medley relay,W,Bronze
Moscow,1980,Aquatics,Swimming,"STRUNNIKOVA, Natalia",URS,Women,4x100m medley relay,W,Bronze
Moscow,1980,Aquatics,Swimming,"VASILKOVA, Elvira",URS,Women,4x100m medley relay,W,Bronze
Moscow,1980,Aquatics,Swimming,"GEWENIGER, Ute",GDR,Women,4x100m medley relay,W,Gold
Moscow,1980,Aquatics,Swimming,"METSCHUCK, Caren",GDR,Women,4x100m medley relay,W,Gold
Moscow,1980,Aquatics,Swimming,"POLLACK, Andrea",GDR,Women,4x100m medley relay,W,Gold
Moscow,1980,Aquatics,Swimming,"REINISCH, Rica",GDR,Women,4x100m medley relay,W,Gold
Moscow,1980,Aquatics,Swimming,"CROFT, June",GBR,Women,4x100m medley relay,W,Silver
Moscow,1980,Aquatics,Swimming,"JAMESON, Helen",GBR,Women,4x100m medley relay,W,Silver
Moscow,1980,Aquatics,Swimming,"KELLY-HOHMANN, Margaret",GBR,Women,4x100m medley relay,W,Silver
Moscow,1980,Aquatics,Swimming,"OSGERBY, Ann",GBR,Women,4x100m medley relay,W,Silver
Moscow,1980,Aquatics,Swimming,"DELGADO, Ciro Marques",BRA,Men,4x200m freestyle relay,M,Bronze
Moscow,1980,Aquatics,Swimming,"FERNANDES, Jorge Luiz",BRA,Men,4x200m freestyle relay,M,Bronze
Moscow,1980,Aquatics,Swimming,"GARRIDO MADRUGA, Djan",BRA,Men,4x200m freestyle relay,M,Bronze
Moscow,1980,Aquatics,Swimming,"MATTIOLI, Marcus Laborne",BRA,Men,4x200m freestyle relay,M,Bronze
Moscow,1980,Aquatics,Swimming,"KOPLYAKOV, Sergei",URS,Men,4x200m freestyle relay,M,Gold
Moscow,1980,Aquatics,Swimming,"KRYLOV, Andrei",URS,Men,4x200m freestyle relay,M,Gold
Moscow,1980,Aquatics,Swimming,"SALNIKOV, Vladimir",URS,Men,4x200m freestyle relay,M,Gold
Moscow,1980,Aquatics,Swimming,"STUKOLKIN, Ivar",URS,Men,4x200m freestyle relay,M,Gold
Moscow,1980,Aquatics,Swimming,"GRABS, Detlev",GDR,Men,4x200m freestyle relay,M,Silver
Moscow,1980,Aquatics,Swimming,"PFÜTZE, Frank",GDR,Men,4x200m freestyle relay,M,Silver
Moscow,1980,Aquatics,Swimming,"STROHBACH, Rainer",GDR,Men,4x200m freestyle relay,M,Silver
Moscow,1980,Aquatics,Swimming,"WOITHE, Jörg",GDR,Men,4x200m freestyle relay,M,Silver
Moscow,1980,Aquatics,Swimming,"DÄHNE, Heike",GDR,Women,800m freestyle,W,Bronze
Moscow,1980,Aquatics,Swimming,"FORD, Michelle",AUS,Women,800m freestyle,W,Gold
Moscow,1980,Aquatics,Swimming,"DIERS, Ines",GDR,Women,800m freestyle,W,Silver
Moscow,1980,Aquatics,Water polo,"CSAPO, Gabor",HUN,Men,water polo,M,Bronze
Moscow,1980,Aquatics,Water polo,"FARAGO, Tamas",HUN,Men,water polo,M,Bronze
Moscow,1980,Aquatics,Water polo,"GERENDAS, Gyorgy",HUN,Men,water polo,M,Bronze
Moscow,1980,Aquatics,Water polo,"HAUSZLER, Karoly",HUN,Men,water polo,M,Bronze
Moscow,1980,Aquatics,Water polo,"HORKAI, Gyorgy",HUN,Men,water polo,M,Bronze
Moscow,1980,Aquatics,Water polo,"KISS, Istvan",HUN,Men,water polo,M,Bronze
Moscow,1980,Aquatics,Water polo,"KUNCZ, Laszlo",HUN,Men,water polo,M,Bronze
Moscow,1980,Aquatics,Water polo,"MOLNAR, Endre",HUN,Men,water polo,M,Bronze
Moscow,1980,Aquatics,Water polo,"SUDAR, Attila",HUN,Men,water polo,M,Bronze
Moscow,1980,Aquatics,Water polo,"SZIVOS, Istvan",HUN,Men,water polo,M,Bronze
Moscow,1980,Aquatics,Water polo,"UDVARDI, Istvan",HUN,Men,water polo,M,Bronze
Moscow,1980,Aquatics,Water polo,"AKIMOV, Vladimir",URS,Men,water polo,M,Gold
Moscow,1980,Aquatics,Water polo,"BARKALOV, Aleksei",URS,Men,water polo,M,Gold
Moscow,1980,Aquatics,Water polo,"GRISHIN, Evgeni",URS,Men,water polo,M,Gold
Moscow,1980,Aquatics,Water polo,"IVANOV, Mikhail",URS,Men,water polo,M,Gold
Moscow,1980,Aquatics,Water polo,"KABANOV, Aleksandr",URS,Men,water polo,M,Gold
Moscow,1980,Aquatics,Water polo,"KOTENKO, Sergei",URS,Men,water polo,M,Gold
Moscow,1980,Aquatics,Water polo,"MSCHVENIERADZE, Georgi",URS,Men,water polo,M,Gold
Moscow,1980,Aquatics,Water polo,"RIISMAN, Mait",URS,Men,water polo,M,Gold
Moscow,1980,Aquatics,Water polo,"SHAGAEV, Erkin",URS,Men,water polo,M,Gold
Moscow,1980,Aquatics,Water polo,"SHARONOV, Evgeni",URS,Men,water polo,M,Gold
Moscow,1980,Aquatics,Water polo,"SOBCHENKO, Viacheslav",URS,Men,water polo,M,Gold
Moscow,1980,Aquatics,Water polo,"BEBIC, Milivoj",YUG,Men,water polo,M,Silver
Moscow,1980,Aquatics,Water polo,"GOPCEVIC, Zoran",YUG,Men,water polo,M,Silver
Moscow,1980,Aquatics,Water polo,"KRIVOKAPIC, Milorad",YUG,Men,water polo,M,Silver
Moscow,1980,Aquatics,Water polo,"LOZICA, Bosko",YUG,Men,water polo,M,Silver
Moscow,1980,Aquatics,Water polo,"MANOJLOVIC, Predrag",YUG,Men,water polo,M,Silver
Moscow,1980,Aquatics,Water polo,"MUSTUR, Zoran",YUG,Men,water polo,M,Silver
Moscow,1980,Aquatics,Water polo,"POLIC, Damir",YUG,Men,water polo,M,Silver
Moscow,1980,Aquatics,Water polo,"ROJE, Zoran",YUG,Men,water polo,M,Silver
Moscow,1980,Aquatics,Water polo,"RUDIC, Ratko",YUG,Men,water polo,M,Silver
Moscow,1980,Aquatics,Water polo,"TRIFUNOVIC, Slobodan",YUG,Men,water polo,M,Silver
Moscow,1980,Aquatics,Water polo,"VEZILIC, Luka",YUG,Men,water polo,M,Silver
Moscow,1980,Archery,Archery,"FERRARI, Giancarlo",ITA,Men,individual FITA round,M,Bronze
Moscow,1980,Archery,Archery,"POIKOLAINEN, Tomi",FIN,Men,individual FITA round,M,Gold
Moscow,1980,Archery,Archery,"ISACHENKO, Boris",URS,Men,individual FITA round,M,Silver
Moscow,1980,Archery,Archery,"MERILUOTO-AALTONEN, Paivi",FIN,Women,individual FITA round,W,Bronze
Moscow,1980,Archery,Archery,"LOSABERIDZE, Keto",URS,Women,individual FITA round,W,Gold
Moscow,1980,Archery,Archery,"BUTUZOVA, Natalia",URS,Women,individual FITA round,W,Silver
Moscow,1980,Athletics,Athletics,"KEDIR, Mohammed",ETH,Men,10000m,M,Bronze
Moscow,1980,Athletics,Athletics,"YIFTER, Miruts",ETH,Men,10000m,M,Gold
Moscow,1980,Athletics,Athletics,"MAANINKA, Kaarlo",FIN,Men,10000m,M,Silver
Moscow,1980,Athletics,Athletics,"PETROV, Peter",BUL,Men,100m,M,Bronze
Moscow,1980,Athletics,Athletics,"WELLS, Allan",GBR,Men,100m,M,Gold
Moscow,1980,Athletics,Athletics,"LEONARD SARRIA, Silvio",CUB,Men,100m,M,Silver
Moscow,1980,Athletics,Athletics,"AUERSWALD-LANGE, Ingrid",GDR,Women,100m,W,Bronze
Moscow,1980,Athletics,Athletics,"KONDRATIEVA, Liudmila",URS,Women,100m,W,Gold
Moscow,1980,Athletics,Athletics,"OELSNER-GÖHR, Marlies",GDR,Women,100m,W,Silver
Moscow,1980,Athletics,Athletics,"LANGER, Lucyna",POL,Women,100m hurdles,W,Bronze
Moscow,1980,Athletics,Athletics,"KOMISOVA, Vera",URS,Women,100m hurdles,W,Gold
Moscow,1980,Athletics,Athletics,"SCHALLER-KLIER, Johanna",GDR,Women,100m hurdles,W,Silver
Moscow,1980,Athletics,Athletics,"PUCHKOV, Aleksandr",URS,Men,110m hurdles,M,Bronze
Moscow,1980,Athletics,Athletics,"MUNKELT, Thomas",GDR,Men,110m hurdles,M,Gold
Moscow,1980,Athletics,Athletics,"CASANAS RAMIREZ, Alejandro",CUB,Men,110m hurdles,M,Silver
Moscow,1980,Athletics,Athletics,"OVETT, Steve",GBR,Men,1500m,M,Bronze
Moscow,1980,Athletics,Athletics,"COE, Sebastian",GBR,Men,1500m,M,Gold
Moscow,1980,Athletics,Athletics,"STRAUB, Jürgen",GDR,Men,1500m,M,Silver
Moscow,1980,Athletics,Athletics,"OLIZARENKO, Nadezhda",URS,Women,1500m,W,Bronze
Moscow,1980,Athletics,Athletics,"KAZANKINA, Tatiana",URS,Women,1500m,W,Gold
Moscow,1980,Athletics,Athletics,"STOLL-WARTENBERG, Christiane",GDR,Women,1500m,W,Silver
Moscow,1980,Athletics,Athletics,"QUARRIE, Donald",JAM,Men,200m,M,Bronze
Moscow,1980,Athletics,Athletics,"MENNEA, Pietro",ITA,Men,200m,M,Gold
Moscow,1980,Athletics,Athletics,"WELLS, Allan",GBR,Men,200m,M,Silver
Moscow,1980,Athletics,Athletics,"OTTEY-PAGE, Merlene",JAM,Women,200m,W,Bronze
Moscow,1980,Athletics,Athletics,"ECKERT-WÖCKEL, Bärbel",GDR,Women,200m,W,Gold
Moscow,1980,Athletics,Athletics,"BOCHINA, Natalia",URS,Women,200m,W,Silver
Moscow,1980,Athletics,Athletics,"WIESER, Roland",GDR,Men,20km walk,M,Bronze
Moscow,1980,Athletics,Athletics,"DAMILANO, Maurizio",ITA,Men,20km walk,M,Gold
Moscow,1980,Athletics,Athletics,"POCHINCHUK, Piotr",URS,Men,20km walk,M,Silver
Moscow,1980,Athletics,Athletics,"TURA, Eshetu",ETH,Men,3000m steeplechase,M,Bronze
Moscow,1980,Athletics,Athletics,"MALINOWSKI, Bronislaw",POL,Men,3000m steeplechase,M,Gold
Moscow,1980,Athletics,Athletics,"BAYI, Filbert",TAN,Men,3000m steeplechase,M,Silver
Moscow,1980,Athletics,Athletics,"SCHAFFER, Frank",GDR,Men,400m,M,Bronze
Moscow,1980,Athletics,Athletics,"MARKIN, Viktor",URS,Men,400m,M,Gold
Moscow,1980,Athletics,Athletics,"MITCHELL, Richard",AUS,Men,400m,M,Silver
Moscow,1980,Athletics,Athletics,"BREHMER-LATHAN, Christina",GDR,Women,400m,W,Bronze
Moscow,1980,Athletics,Athletics,"KOCH, Marita",GDR,Women,400m,W,Gold
Moscow,1980,Athletics,Athletics,"KRATOHVILOVA, Jarmila",TCH,Women,400m,W,Silver
Moscow,1980,Athletics,Athletics,"OAKES, Gary",GBR,Men,400m hurdles,M,Bronze
Moscow,1980,Athletics,Athletics,"BECK, Volker",GDR,Men,400m hurdles,M,Gold
Moscow,1980,Athletics,Athletics,"ARKHIPENKO, Vasili",URS,Men,400m hurdles,M,Silver
Moscow,1980,Athletics,Athletics,"BARRE, Pascal",FRA,Men,4x100m relay,M,Bronze
Moscow,1980,Athletics,Athletics,"BARRE, Patrick",FRA,Men,4x100m relay,M,Bronze
Moscow,1980,Athletics,Athletics,"PANZO, Herman",FRA,Men,4x100m relay,M,Bronze
Moscow,1980,Athletics,Athletics,"RICHARD, Antoine",FRA,Men,4x100m relay,M,Bronze
Moscow,1980,Athletics,Athletics,"AKSININ, Aleksandr",URS,Men,4x100m relay,M,Gold
Moscow,1980,Athletics,Athletics,"MURAVYOV, Vladimir",URS,Men,4x100m relay,M,Gold
Moscow,1980,Athletics,Athletics,"PROKOFIEV, Andrei",URS,Men,4x100m relay,M,Gold
Moscow,1980,Athletics,Athletics,"SIDOROV, Nikolai",URS,Men,4x100m relay,M,Gold
Moscow,1980,Athletics,Athletics,"DUNECKI, Leszek",POL,Men,4x100m relay,M,Silver
Moscow,1980,Athletics,Athletics,"LICZNERSKI, Zenon",POL,Men,4x100m relay,M,Silver
Moscow,1980,Athletics,Athletics,"WORONIN, Marian",POL,Men,4x100m relay,M,Silver
Moscow,1980,Athletics,Athletics,"ZWOLINSKI, Krzysztof",POL,Men,4x100m relay,M,Silver
Moscow,1980,Athletics,Athletics,"GODDARD-CALLENDER, Beverley",GBR,Women,4x100m relay,W,Bronze
Moscow,1980,Athletics,Athletics,"HUNTE-OAKES, Heather",GBR,Women,4x100m relay,W,Bronze
Moscow,1980,Athletics,Athletics,"LANNAMAN, Sonia",GBR,Women,4x100m relay,W,Bronze
Moscow,1980,Athletics,Athletics,"SMALLWOOD-COOK, Kathryn",GBR,Women,4x100m relay,W,Bronze
Moscow,1980,Athletics,Athletics,"AUERSWALD-LANGE, Ingrid",GDR,Women,4x100m relay,W,Gold
Moscow,1980,Athletics,Athletics,"ECKERT-WÖCKEL, Bärbel",GDR,Women,4x100m relay,W,Gold
Moscow,1980,Athletics,Athletics,"MÜLLER, Romy",GDR,Women,4x100m relay,W,Gold
Moscow,1980,Athletics,Athletics,"OELSNER-GÖHR, Marlies",GDR,Women,4x100m relay,W,Gold
Moscow,1980,Athletics,Athletics,"ANISIMOVA, Vera",URS,Women,4x100m relay,W,Silver
Moscow,1980,Athletics,Athletics,"BOCHINA, Natalia",URS,Women,4x100m relay,W,Silver
Moscow,1980,Athletics,Athletics,"KOMISOVA, Vera",URS,Women,4x100m relay,W,Silver
Moscow,1980,Athletics,Athletics,"ZHARKOVA-MASLAKOVA, Liudmila",URS,Women,4x100m relay,W,Silver
Moscow,1980,Athletics,Athletics,"MALINVERNI, Stefano",ITA,Men,4x400m relay,M,Bronze
Moscow,1980,Athletics,Athletics,"MENNEA, Pietro",ITA,Men,4x400m relay,M,Bronze
Moscow,1980,Athletics,Athletics,"TOZZI, Roberto",ITA,Men,4x400m relay,M,Bronze
Moscow,1980,Athletics,Athletics,"ZULIANI, Mauro",ITA,Men,4x400m relay,M,Bronze
Moscow,1980,Athletics,Athletics,"CHERNETSKI, Nikolai",URS,Men,4x400m relay,M,Gold
Moscow,1980,Athletics,Athletics,"LINGE, Mikhail",URS,Men,4x400m relay,M,Gold
Moscow,1980,Athletics,Athletics,"MARKIN, Viktor",URS,Men,4x400m relay,M,Gold
Moscow,1980,Athletics,Athletics,"VALIULIS, Remigius",URS,Men,4x400m relay,M,Gold
Moscow,1980,Athletics,Athletics,"BECK, Volker",GDR,Men,4x400m relay,M,Silver
Moscow,1980,Athletics,Athletics,"KNEBEL, Andreas",GDR,Men,4x400m relay,M,Silver
Moscow,1980,Athletics,Athletics,"SCHAFFER, Frank",GDR,Men,4x400m relay,M,Silver
Moscow,1980,Athletics,Athletics,"THIELE, Klaus",GDR,Men,4x400m relay,M,Silver
Moscow,1980,Athletics,Athletics,"HOYTE-SMITH, Joslyn",GBR,Women,4x400m relay,W,Bronze
Moscow,1980,Athletics,Athletics,"MACDONALD, Linsey",GBR,Women,4x400m relay,W,Bronze
Moscow,1980,Athletics,Athletics,"MACGREGOR, Janine",GBR,Women,4x400m relay,W,Bronze
Moscow,1980,Athletics,Athletics,"PROBERT-SCUTT, Michelle",GBR,Women,4x400m relay,W,Bronze
Moscow,1980,Athletics,Athletics,"GOISHCHIK, Tatiana",URS,Women,4x400m relay,W,Gold
Moscow,1980,Athletics,Athletics,"NAZAROVA, Irina",URS,Women,4x400m relay,W,Gold
Moscow,1980,Athletics,Athletics,"PROROCHENKO, Tatiana",URS,Women,4x400m relay,W,Gold
Moscow,1980,Athletics,Athletics,"ZIUSKOVA, Nina",URS,Women,4x400m relay,W,Gold
Moscow,1980,Athletics,Athletics,"BREHMER-LATHAN, Christina",GDR,Women,4x400m relay,W,Silver
Moscow,1980,Athletics,Athletics,"KOCH, Marita",GDR,Women,4x400m relay,W,Silver
Moscow,1980,Athletics,Athletics,"KRUG, Barbara",GDR,Women,4x400m relay,W,Silver
Moscow,1980,Athletics,Athletics,"LÖWE, Gabriele",GDR,Women,4x400m relay,W,Silver
Moscow,1980,Athletics,Athletics,"MAANINKA, Kaarlo",FIN,Men,5000m,M,Bronze
Moscow,1980,Athletics,Athletics,"YIFTER, Miruts",ETH,Men,5000m,M,Gold
Moscow,1980,Athletics,Athletics,"NYAMBUI, Suleiman",TAN,Men,5000m,M,Silver
Moscow,1980,Athletics,Athletics,"IVCHENKO, Evgeni",URS,Men,50km walk,M,Bronze
Moscow,1980,Athletics,Athletics,"GAUDER, Hartwig",GDR,Men,50km walk,M,Gold
Moscow,1980,Athletics,Athletics,"LLOPART RIBAS, Jorge",ESP,Men,50km walk,M,Silver
Moscow,1980,Athletics,Athletics,"KIROV, Nikolai",URS,Men,800m,M,Bronze
Moscow,1980,Athletics,Athletics,"OVETT, Steve",GBR,Men,800m,M,Gold
Moscow,1980,Athletics,Athletics,"COE, Sebastian",GBR,Men,800m,M,Silver
Moscow,1980,Athletics,Athletics,"PROVIDOKHINA, Tatiana",URS,Women,800m,W,Bronze
Moscow,1980,Athletics,Athletics,"OLIZARENKO, Nadezhda",URS,Women,800m,W,Gold
Moscow,1980,Athletics,Athletics,"MINEEVA, Olga",URS,Women,800m,W,Silver
Moscow,1980,Athletics,Athletics,"ZHELANOV, Sergei",URS,Men,decathlon,M,Bronze
Moscow,1980,Athletics,Athletics,"THOMPSON, Daley",GBR,Men,decathlon,M,Gold
Moscow,1980,Athletics,Athletics,"KUTSENKO, Yuri",URS,Men,decathlon,M,Silver
Moscow,1980,Athletics,Athletics,"DELIS, Luis",CUB,Men,discus throw,M,Bronze
Moscow,1980,Athletics,Athletics,"RASHCHUPKIN, Viktor",URS,Men,discus throw,M,Gold
Moscow,1980,Athletics,Athletics,"BUGAR, Imrich",TCH,Men,discus throw,M,Silver
Moscow,1980,Athletics,Athletics,"LESOVAIA, Tatiana",URS,Women,discus throw,W,Bronze
Moscow,1980,Athletics,Athletics,"SCHLAAK-JAHL, Evelin",GDR,Women,discus throw,W,Gold
Moscow,1980,Athletics,Athletics,"VERGOVA-PETKOVA, Maria",BUL,Women,discus throw,W,Silver
Moscow,1980,Athletics,Athletics,"TAMM, Yuri",URS,Men,hammer throw,M,Bronze
Moscow,1980,Athletics,Athletics,"SEDYKH, Yuri",URS,Men,hammer throw,M,Gold
Moscow,1980,Athletics,Athletics,"LITVINOV, Sergei",URS,Men,hammer throw,M,Silver
Moscow,1980,Athletics,Athletics,"FREIMUTH, Jörg",GDR,Men,high jump,M,Bronze
Moscow,1980,Athletics,Athletics,"WESSIG, Gerd",GDR,Men,high jump,M,Gold
Moscow,1980,Athletics,Athletics,"WSZOLA, Jacek",POL,Men,high jump,M,Silver
Moscow,1980,Athletics,Athletics,"KIRST, Jutta",GDR,Women,high jump,W,Bronze
Moscow,1980,Athletics,Athletics,"SIMEONI, Sara",ITA,Women,high jump,W,Gold
Moscow,1980,Athletics,Athletics,"KIELAN, Urszula",POL,Women,high jump,W,Silver
Moscow,1980,Athletics,Athletics,"HANISCH, Wolfgang",GDR,Men,javelin throw,M,Bronze
Moscow,1980,Athletics,Athletics,"KULA, Dainis",URS,Men,javelin throw,M,Gold
Moscow,1980,Athletics,Athletics,"MAKAROV, Aleksandr",URS,Men,javelin throw,M,Silver
Moscow,1980,Athletics,Athletics,"HOMMOLA, Ute",GDR,Women,javelin throw,W,Bronze
Moscow,1980,Athletics,Athletics,"COLON, Maria",CUB,Women,javelin throw,W,Gold
Moscow,1980,Athletics,Athletics,"GUNBA, Saida",URS,Women,javelin throw,W,Silver
Moscow,1980,Athletics,Athletics,"PODLUZHNYI, Valeri",URS,Men,long jump,M,Bronze
Moscow,1980,Athletics,Athletics,"DOMBROWSKI, Lutz",GDR,Men,long jump,M,Gold
Moscow,1980,Athletics,Athletics,"PASCHEK, Frank",GDR,Men,long jump,M,Silver
Moscow,1980,Athletics,Athletics,"SKACHKO, Tatiana",URS,Women,long jump,W,Bronze
