Tokyo,1964,Boxing,Boxing,"SAKURAI, Takao",JPN,Men,51 - 54kg (bantamweight),M,Gold
Tokyo,1964,Boxing,Boxing,"CHUNG, Shin-Cho",KOR,Men,51 - 54kg (bantamweight),M,Silver
Tokyo,1964,Boxing,Boxing,"BROWN, Charles",USA,Men,54 - 57kg (featherweight),M,Bronze
Tokyo,1964,Boxing,Boxing,"SCHULZ, Heinz",EUA,Men,54 - 57kg (featherweight),M,Bronze
Tokyo,1964,Boxing,Boxing,"STEPASHKIN, Stanislav",URS,Men,54 - 57kg (featherweight),M,Gold
Tokyo,1964,Boxing,Boxing,"VILLANUEVA, Anthony N.",PHI,Men,54 - 57kg (featherweight),M,Silver
Tokyo,1964,Boxing,Boxing,"HARRIS, Ronald Allen",USA,Men,57 - 60kg (lightweight),M,Bronze
Tokyo,1964,Boxing,Boxing,"MCCOURT, James Vincent",IRL,Men,57 - 60kg (lightweight),M,Bronze
Tokyo,1964,Boxing,Boxing,"GRUDZIEN, Jozef",POL,Men,57 - 60kg (lightweight),M,Gold
Tokyo,1964,Boxing,Boxing,"BARANNIKOV, Vellikton",URS,Men,57 - 60kg (lightweight),M,Silver
Tokyo,1964,Boxing,Boxing,"BLAY, Edward",GHA,Men,60 - 63.5kg (light-welterweight),M,Bronze
Tokyo,1964,Boxing,Boxing,"GALHIA, Habib",TUN,Men,60 - 63.5kg (light-welterweight),M,Bronze
Tokyo,1964,Boxing,Boxing,"KULEJ, Jerzy",POL,Men,60 - 63.5kg (light-welterweight),M,Gold
Tokyo,1964,Boxing,Boxing,"FROLOV, Yevgeni",URS,Men,60 - 63.5kg (light-welterweight),M,Silver
Tokyo,1964,Boxing,Boxing,"BERTINI, Silvano",ITA,Men,63.5 - 67kg (welterweight),M,Bronze
Tokyo,1964,Boxing,Boxing,"PURHONEN, Pertti Ilmari",FIN,Men,63.5 - 67kg (welterweight),M,Bronze
Tokyo,1964,Boxing,Boxing,"KASPRZYK, Marian",POL,Men,63.5 - 67kg (welterweight),M,Gold
Tokyo,1964,Boxing,Boxing,"TAMULIS, Rikardas",URS,Men,63.5 - 67kg (welterweight),M,Silver
Tokyo,1964,Boxing,Boxing,"GRZESIAK, Jozef",POL,Men,67 - 71kg (light-middleweight),M,Bronze
Tokyo,1964,Boxing,Boxing,"MAIYEGUN, Nojim",NGR,Men,67 - 71kg (light-middleweight),M,Bronze
Tokyo,1964,Boxing,Boxing,"LAGUTIN, Boris",URS,Men,67 - 71kg (light-middleweight),M,Gold
Tokyo,1964,Boxing,Boxing,"GONZALES, Joseph",FRA,Men,67 - 71kg (light-middleweight),M,Silver
Tokyo,1964,Boxing,Boxing,"VALLE, Franco",ITA,Men,71-75kg,M,Bronze
Tokyo,1964,Boxing,Boxing,"WALASEK, Tadeusz",POL,Men,71-75kg,M,Bronze
Tokyo,1964,Boxing,Boxing,"POPENCHENKO, Valeri",URS,Men,71-75kg,M,Gold
Tokyo,1964,Boxing,Boxing,"SCHULZ, Emil",EUA,Men,71-75kg,M,Silver
Tokyo,1964,Boxing,Boxing,"NIKOLOV, Aleksandr",BUL,Men,75 - 81kg (light-heavyweight),M,Bronze
Tokyo,1964,Boxing,Boxing,"PIETRZYKOWSKI, Zbigniew",POL,Men,75 - 81kg (light-heavyweight),M,Bronze
Tokyo,1964,Boxing,Boxing,"PINTO, Cosimo",ITA,Men,75 - 81kg (light-heavyweight),M,Gold
Tokyo,1964,Boxing,Boxing,"KISELEV, Aleksei",URS,Men,75 - 81kg (light-heavyweight),M,Silver
Tokyo,1964,Canoe / Kayak,Canoe / Kayak F,"PENYAEV, Yevgeni",URS,Men,C-1 1000m (canoe single),M,Bronze
Tokyo,1964,Canoe / Kayak,Canoe / Kayak F,"ESCHERT, Jürgen",EUA,Men,C-1 1000m (canoe single),M,Gold
Tokyo,1964,Canoe / Kayak,Canoe / Kayak F,"IGOROV, Andrei",ROU,Men,C-1 1000m (canoe single),M,Silver
Tokyo,1964,Canoe / Kayak,Canoe / Kayak F,"NIELSEN, Peer Norrbohm",DEN,Men,C-2 1000m (canoe double),M,Bronze
Tokyo,1964,Canoe / Kayak,Canoe / Kayak F,"SÖRENSEN, John Rungsted",DEN,Men,C-2 1000m (canoe double),M,Bronze
Tokyo,1964,Canoe / Kayak,Canoe / Kayak F,"KHIMICH, Andrei",URS,Men,C-2 1000m (canoe double),M,Gold
Tokyo,1964,Canoe / Kayak,Canoe / Kayak F,"OSHCHEPKOV, Stepan",URS,Men,C-2 1000m (canoe double),M,Gold
Tokyo,1964,Canoe / Kayak,Canoe / Kayak F,"BOUDEHEN, Jean",FRA,Men,C-2 1000m (canoe double),M,Silver
Tokyo,1964,Canoe / Kayak,Canoe / Kayak F,"CHAPUIS, Michel",FRA,Men,C-2 1000m (canoe double),M,Silver
Tokyo,1964,Canoe / Kayak,Canoe / Kayak F,"VERNESCU, Aurel",ROU,Men,K-1 1000m (kayak single),M,Bronze
Tokyo,1964,Canoe / Kayak,Canoe / Kayak F,"PETERSON, Rolf",SWE,Men,K-1 1000m (kayak single),M,Gold
Tokyo,1964,Canoe / Kayak,Canoe / Kayak F,"HESZ, Mihaly",HUN,Men,K-1 1000m (kayak single),M,Silver
Tokyo,1964,Canoe / Kayak,Canoe / Kayak F,"JONES-SMOKE, Marcia Ingram",USA,Women,K-1 500m (kayak single),W,Bronze
Tokyo,1964,Canoe / Kayak,Canoe / Kayak F,"KHVEDOSYUK-PINAEVA, Lyudmila",URS,Women,K-1 500m (kayak single),W,Gold
Tokyo,1964,Canoe / Kayak,Canoe / Kayak F,"LAUER, Hilde",ROU,Women,K-1 500m (kayak single),W,Silver
Tokyo,1964,Canoe / Kayak,Canoe / Kayak F,"BÜKER, Heinz",EUA,Men,K-2 1000m (kayak double),M,Bronze
Tokyo,1964,Canoe / Kayak,Canoe / Kayak F,"ZANDER, Holger",EUA,Men,K-2 1000m (kayak double),M,Bronze
Tokyo,1964,Canoe / Kayak,Canoe / Kayak F,"SJÖDELIUS, Sven-Olov",SWE,Men,K-2 1000m (kayak double),M,Gold
Tokyo,1964,Canoe / Kayak,Canoe / Kayak F,"UTTERBERG, Gunnar",SWE,Men,K-2 1000m (kayak double),M,Gold
Tokyo,1964,Canoe / Kayak,Canoe / Kayak F,"GEURTS, Antonius Johannes",NED,Men,K-2 1000m (kayak double),M,Silver
Tokyo,1964,Canoe / Kayak,Canoe / Kayak F,"HOEKSTRA, Paulus Joan",NED,Men,K-2 1000m (kayak double),M,Silver
Tokyo,1964,Canoe / Kayak,Canoe / Kayak F,"LAUER, Hilde",ROU,Women,K-2 500m (kayak double),W,Bronze
Tokyo,1964,Canoe / Kayak,Canoe / Kayak F,"SIDERI, Cornelia",ROU,Women,K-2 500m (kayak double),W,Bronze
Tokyo,1964,Canoe / Kayak,Canoe / Kayak F,"ESSER, Roswitha",EUA,Women,K-2 500m (kayak double),W,Gold
Tokyo,1964,Canoe / Kayak,Canoe / Kayak F,"ZIMMERMANN, Annemarie",EUA,Women,K-2 500m (kayak double),W,Gold
Tokyo,1964,Canoe / Kayak,Canoe / Kayak F,"FOX, Francine Anne",USA,Women,K-2 500m (kayak double),W,Silver
Tokyo,1964,Canoe / Kayak,Canoe / Kayak F,"PERRIER, Glorianne Aurore",USA,Women,K-2 500m (kayak double),W,Silver
Tokyo,1964,Canoe / Kayak,Canoe / Kayak F,"CUCIUC, Simion",ROU,Men,K-4 1000m (kayak four),M,Bronze
Tokyo,1964,Canoe / Kayak,Canoe / Kayak F,"SCIOTNIC, Atanase",ROU,Men,K-4 1000m (kayak four),M,Bronze
Tokyo,1964,Canoe / Kayak,Canoe / Kayak F,"TURCAS, Mihai",ROU,Men,K-4 1000m (kayak four),M,Bronze
Tokyo,1964,Canoe / Kayak,Canoe / Kayak F,"VERNESCU, Aurel",ROU,Men,K-4 1000m (kayak four),M,Bronze
Tokyo,1964,Canoe / Kayak,Canoe / Kayak F,"CHUZHIKOV, Nikolai",URS,Men,K-4 1000m (kayak four),M,Gold
Tokyo,1964,Canoe / Kayak,Canoe / Kayak F,"GRISHIN, Anatoli",URS,Men,K-4 1000m (kayak four),M,Gold
Tokyo,1964,Canoe / Kayak,Canoe / Kayak F,"IONOV, Vyacheslav",URS,Men,K-4 1000m (kayak four),M,Gold
Tokyo,1964,Canoe / Kayak,Canoe / Kayak F,"MOROZOV, Vladimir",URS,Men,K-4 1000m (kayak four),M,Gold
Tokyo,1964,Canoe / Kayak,Canoe / Kayak F,"PERLEBERG, Günther",EUA,Men,K-4 1000m (kayak four),M,Silver
Tokyo,1964,Canoe / Kayak,Canoe / Kayak F,"SCHULZE, Bernhard",EUA,Men,K-4 1000m (kayak four),M,Silver
Tokyo,1964,Canoe / Kayak,Canoe / Kayak F,"WENTZKE, Friedhelm",EUA,Men,K-4 1000m (kayak four),M,Silver
Tokyo,1964,Canoe / Kayak,Canoe / Kayak F,"ZANDER, Holger",EUA,Men,K-4 1000m (kayak four),M,Silver
Tokyo,1964,Cycling,Cycling Road,"GODEFROOT, Walter",BEL,Men,individual road race,M,Bronze
Tokyo,1964,Cycling,Cycling Road,"ZANIN, Mario",ITA,Men,individual road race,M,Gold
Tokyo,1964,Cycling,Cycling Road,"RODIAN, Kjell Akerstrom-H.",DEN,Men,individual road race,M,Silver
Tokyo,1964,Cycling,Cycling Road,"FÄGLUM-PETTERSSON, Erik",SWE,Men,team time trial,M,Bronze
Tokyo,1964,Cycling,Cycling Road,"FÄGLUM-PETTERSSON, Sture",SWE,Men,team time trial,M,Bronze
Tokyo,1964,Cycling,Cycling Road,"HAMRIN, Sven Helge",SWE,Men,team time trial,M,Bronze
Tokyo,1964,Cycling,Cycling Road,"PETTERSSON, Gösta A.B.",SWE,Men,team time trial,M,Bronze
Tokyo,1964,Cycling,Cycling Road,"DOLMAN, Evert Gerardus",NED,Men,team time trial,M,Gold
Tokyo,1964,Cycling,Cycling Road,"KARSTENS, Gerben",NED,Men,team time trial,M,Gold
Tokyo,1964,Cycling,Cycling Road,"PIETERSE, Johannes Aloysius",NED,Men,team time trial,M,Gold
Tokyo,1964,Cycling,Cycling Road,"ZOET, Hubertus Balthazar",NED,Men,team time trial,M,Gold
Tokyo,1964,Cycling,Cycling Road,"ANDREOLI, Severino",ITA,Men,team time trial,M,Silver
Tokyo,1964,Cycling,Cycling Road,"DALLA BONA, Luciano",ITA,Men,team time trial,M,Silver
Tokyo,1964,Cycling,Cycling Road,"GUERRA, Pietro",ITA,Men,team time trial,M,Silver
Tokyo,1964,Cycling,Cycling Road,"MANZA, Ferruccio",ITA,Men,team time trial,M,Silver
Tokyo,1964,Cycling,Cycling Track,"TRENTIN, Pierre",FRA,Men,1km time trial,M,Bronze
Tokyo,1964,Cycling,Cycling Track,"SERCU, Patrick",BEL,Men,1km time trial,M,Gold
Tokyo,1964,Cycling,Cycling Track,"PETTENELLA, Giovanni",ITA,Men,1km time trial,M,Silver
Tokyo,1964,Cycling,Cycling Track,"FUGGERER, Willy",EUA,Men,2000m tandem,M,Bronze
Tokyo,1964,Cycling,Cycling Track,"KOBUSCH, Klaus",EUA,Men,2000m tandem,M,Bronze
Tokyo,1964,Cycling,Cycling Track,"BIANCHETTO, Sergio",ITA,Men,2000m tandem,M,Gold
Tokyo,1964,Cycling,Cycling Track,"DAMIANO, Angelo",ITA,Men,2000m tandem,M,Gold
Tokyo,1964,Cycling,Cycling Track,"BODNIEKS, Imant",URS,Men,2000m tandem,M,Silver
Tokyo,1964,Cycling,Cycling Track,"LOGUNOV, Viktor",URS,Men,2000m tandem,M,Silver
Tokyo,1964,Cycling,Cycling Track,"ISAKSSON, Preben",DEN,Men,Individual Pursuit,M,Bronze
Tokyo,1964,Cycling,Cycling Track,"DALER, Jiri",TCH,Men,Individual Pursuit,M,Gold
Tokyo,1964,Cycling,Cycling Track,"URSI, Giorgio",ITA,Men,Individual Pursuit,M,Silver
Tokyo,1964,Cycling,Cycling Track,"MORELON, Daniel",FRA,Men,Sprint indivual,M,Bronze
Tokyo,1964,Cycling,Cycling Track,"PETTENELLA, Giovanni",ITA,Men,Sprint indivual,M,Gold
Tokyo,1964,Cycling,Cycling Track,"BIANCHETTO, Sergio",ITA,Men,Sprint indivual,M,Silver
Tokyo,1964,Cycling,Cycling Track,"CORNELISSE, Hendrik Jan Willem",NED,Men,Team Pursuit (4000m),M,Bronze
Tokyo,1964,Cycling,Cycling Track,"KOEL, Gerard Hendrik",NED,Men,Team Pursuit (4000m),M,Bronze
Tokyo,1964,Cycling,Cycling Track,"OUDKERK, Jacob",NED,Men,Team Pursuit (4000m),M,Bronze
Tokyo,1964,Cycling,Cycling Track,"SCHUURING, Cornelis",NED,Men,Team Pursuit (4000m),M,Bronze
Tokyo,1964,Cycling,Cycling Track,"CLAESGES, Lothar",EUA,Men,Team Pursuit (4000m),M,Gold
Tokyo,1964,Cycling,Cycling Track,"HENRICHS, Karlheinz",EUA,Men,Team Pursuit (4000m),M,Gold
Tokyo,1964,Cycling,Cycling Track,"LINK, Karl",EUA,Men,Team Pursuit (4000m),M,Gold
Tokyo,1964,Cycling,Cycling Track,"STRENG, Ernst",EUA,Men,Team Pursuit (4000m),M,Gold
Tokyo,1964,Cycling,Cycling Track,"MANTOVANI, Vincenzo",ITA,Men,Team Pursuit (4000m),M,Silver
Tokyo,1964,Cycling,Cycling Track,"RANCATI, Carlo",ITA,Men,Team Pursuit (4000m),M,Silver
Tokyo,1964,Cycling,Cycling Track,"RONCAGLIA, Luigi",ITA,Men,Team Pursuit (4000m),M,Silver
Tokyo,1964,Cycling,Cycling Track,"TESTA, Franco",ITA,Men,Team Pursuit (4000m),M,Silver
Tokyo,1964,Equestrian,Dressage,"FILATOV, Sergei",URS,Men,individual,X,Bronze
Tokyo,1964,Equestrian,Dressage,"CHAMMARTIN, Henri",SUI,Men,individual,X,Gold
Tokyo,1964,Equestrian,Dressage,"BOLDT, Harry",EUA,Men,individual,X,Silver
Tokyo,1964,Equestrian,Dressage,"FILATOV, Sergei",URS,Men,team,X,Bronze
Tokyo,1964,Equestrian,Dressage,"KALITA, Ivan",URS,Men,team,X,Bronze
Tokyo,1964,Equestrian,Dressage,"KIZIMOV, Ivan",URS,Men,team,X,Bronze
Tokyo,1964,Equestrian,Dressage,"BOLDT, Harry",EUA,Men,team,X,Gold
Tokyo,1964,Equestrian,Dressage,"KLIMKE, Reiner",EUA,Men,team,X,Gold
Tokyo,1964,Equestrian,Dressage,"NECKERMANN, Josef",EUA,Men,team,X,Gold
Tokyo,1964,Equestrian,Dressage,"CHAMMARTIN, Henri",SUI,Men,team,X,Silver
Tokyo,1964,Equestrian,Dressage,"FISCHER, Gustav",SUI,Men,team,X,Silver
Tokyo,1964,Equestrian,Dressage,"GOSSWEILER, Marianne",SUI,Women,team,X,Silver
Tokyo,1964,Equestrian,Eventing,"LIGGES, Fritz",EUA,Men,individual,X,Bronze
Tokyo,1964,Equestrian,Eventing,"CHECCOLI, Mauro",ITA,Men,individual,X,Gold
Tokyo,1964,Equestrian,Eventing,"MORATORIO, Carlos Alberto",ARG,Men,individual,X,Silver
Tokyo,1964,Equestrian,Eventing,"KARSTEN, Horst",EUA,Men,team,X,Bronze
Tokyo,1964,Equestrian,Eventing,"LIGGES, Fritz",EUA,Men,team,X,Bronze
Tokyo,1964,Equestrian,Eventing,"SCHULZ, Gerhard",EUA,Men,team,X,Bronze
Tokyo,1964,Equestrian,Eventing,"ANGIONI, Paolo",ITA,Men,team,X,Gold
Tokyo,1964,Equestrian,Eventing,"CHECCOLI, Mauro",ITA,Men,team,X,Gold
Tokyo,1964,Equestrian,Eventing,"RAVANO, Giuseppe",ITA,Men,team,X,Gold
Tokyo,1964,Equestrian,Eventing,"FREEMAN, Kevin John",USA,Men,team,X,Silver
Tokyo,1964,Equestrian,Eventing,"PAGE, Michael Owen",USA,Men,team,X,Silver
Tokyo,1964,Equestrian,Eventing,"PLUMB, John Michael",USA,Men,team,X,Silver
Tokyo,1964,Equestrian,Jumping,"ROBESON, Peter David",GBR,Men,individual,X,Bronze
Tokyo,1964,Equestrian,Jumping,"JONQUERES D'ORIOLA, Pierre",FRA,Men,individual,X,Gold
Tokyo,1964,Equestrian,Jumping,"SCHRIDDE, Hermann",EUA,Men,individual,X,Silver
Tokyo,1964,Equestrian,Jumping,"D'INZEO, Piero",ITA,Men,team,X,Bronze
Tokyo,1964,Equestrian,Jumping,"D'INZEO, Raimondo",ITA,Men,team,X,Bronze
Tokyo,1964,Equestrian,Jumping,"MANCINELLI, Graziano",ITA,Men,team,X,Bronze
Tokyo,1964,Equestrian,Jumping,"JARASINSKI, Kurt",EUA,Men,team,X,Gold
Tokyo,1964,Equestrian,Jumping,"SCHRIDDE, Hermann",EUA,Men,team,X,Gold
Tokyo,1964,Equestrian,Jumping,"WINKLER, Hans Günter",EUA,Men,team,X,Gold
Tokyo,1964,Equestrian,Jumping,"JONQUERES D'ORIOLA, Pierre",FRA,Men,team,X,Silver
Tokyo,1964,Equestrian,Jumping,"LEFRANT, Guy Robert Marie",FRA,Men,team,X,Silver
Tokyo,1964,Equestrian,Jumping,"LEFEVRE, Janou",FRA,Women,team,X,Silver
Tokyo,1964,Fencing,Fencing,"KOSTAVA, Guram",URS,Men,épée individual,M,Bronze
Tokyo,1964,Fencing,Fencing,"KRISS, Grigori",URS,Men,épée individual,M,Gold
Tokyo,1964,Fencing,Fencing,"HOSKYNS, Henry William Furse",GBR,Men,épée individual,M,Silver
Tokyo,1964,Fencing,Fencing,"BOURQUARD, Claude",FRA,Men,épée team,M,Bronze
Tokyo,1964,Fencing,Fencing,"BRODIN, Claude",FRA,Men,épée team,M,Bronze
Tokyo,1964,Fencing,Fencing,"BRODIN, Jacques",FRA,Men,épée team,M,Bronze
Tokyo,1964,Fencing,Fencing,"DREYFUS, Yves",FRA,Men,épée team,M,Bronze
Tokyo,1964,Fencing,Fencing,"GUITTET, Jacques",FRA,Men,épée team,M,Bronze
Tokyo,1964,Fencing,Fencing,"BARANY, Arpad",HUN,Men,épée team,M,Gold
Tokyo,1964,Fencing,Fencing,"GABOR, Tamas",HUN,Men,épée team,M,Gold
Tokyo,1964,Fencing,Fencing,"KAUSZ, Istvan",HUN,Men,épée team,M,Gold
Tokyo,1964,Fencing,Fencing,"KULCSAR, Gyözö",HUN,Men,épée team,M,Gold
Tokyo,1964,Fencing,Fencing,"NEMERE, Zoltan",HUN,Men,épée team,M,Gold
Tokyo,1964,Fencing,Fencing,"BREDA, Giovanni Battista",ITA,Men,épée team,M,Silver
Tokyo,1964,Fencing,Fencing,"DELFINO, Giuseppe",ITA,Men,épée team,M,Silver
Tokyo,1964,Fencing,Fencing,"PAOLUCCI, Gianfranco",ITA,Men,épée team,M,Silver
Tokyo,1964,Fencing,Fencing,"PELLEGRINO, Alberto",ITA,Men,épée team,M,Silver
Tokyo,1964,Fencing,Fencing,"SACCARO, Gianluigi",ITA,Men,épée team,M,Silver
Tokyo,1964,Fencing,Fencing,"REVENU, Daniel",FRA,Men,foil individual,M,Bronze
Tokyo,1964,Fencing,Fencing,"FRANKE, Egon",POL,Men,foil individual,M,Gold
Tokyo,1964,Fencing,Fencing,"MAGNAN, Jean-Claude",FRA,Men,foil individual,M,Silver
Tokyo,1964,Fencing,Fencing,"RAGNO-LONZI, Antonella",ITA,Women,foil individual,W,Bronze
Tokyo,1964,Fencing,Fencing,"REJTO-UJLAKI, Ildiko",HUN,Women,foil individual,W,Gold
Tokyo,1964,Fencing,Fencing,"MEES-VOLZ, Helga Margot",EUA,Women,foil individual,W,Silver
Tokyo,1964,Fencing,Fencing,"COURTILLAT, Jacques",FRA,Men,foil team,M,Bronze
Tokyo,1964,Fencing,Fencing,"MAGNAN, Jean-Claude",FRA,Men,foil team,M,Bronze
Tokyo,1964,Fencing,Fencing,"NOËL, Christian",FRA,Men,foil team,M,Bronze
Tokyo,1964,Fencing,Fencing,"REVENU, Daniel",FRA,Men,foil team,M,Bronze
Tokyo,1964,Fencing,Fencing,"RODOCANACHO, Pierre",FRA,Men,foil team,M,Bronze
Tokyo,1964,Fencing,Fencing,"MIDLER, Mark",URS,Men,foil team,M,Gold
Tokyo,1964,Fencing,Fencing,"SHAROV, Yuri",URS,Men,foil team,M,Gold
Tokyo,1964,Fencing,Fencing,"SISIKIN, Yuri",URS,Men,foil team,M,Gold
Tokyo,1964,Fencing,Fencing,"SVESHNIKOV, German",URS,Men,foil team,M,Gold
Tokyo,1964,Fencing,Fencing,"ZHDANOVICH, Viktor",URS,Men,foil team,M,Gold
Tokyo,1964,Fencing,Fencing,"FRANKE, Egon",POL,Men,foil team,M,Silver
Tokyo,1964,Fencing,Fencing,"PARULSKI, Ryszard Wladyslaw",POL,Men,foil team,M,Silver
Tokyo,1964,Fencing,Fencing,"ROZYCKI, Jan",POL,Men,foil team,M,Silver
Tokyo,1964,Fencing,Fencing,"SKRUDLIK, Zbigniew",POL,Men,foil team,M,Silver
Tokyo,1964,Fencing,Fencing,"WOYDA, Witold",POL,Men,foil team,M,Silver
Tokyo,1964,Fencing,Fencing,"MEES-VOLZ, Helga Margot",EUA,Women,foil team,W,Bronze
Tokyo,1964,Fencing,Fencing,"SCHMID, Adelheid Barbara",EUA,Women,foil team,W,Bronze
Tokyo,1964,Fencing,Fencing,"THEUERKAUFF-VORBRICH, Gudrun",EUA,Women,foil team,W,Bronze
Tokyo,1964,Fencing,Fencing,"WEISS-SCHERBERGER, Rosemarie (Romy)",EUA,Women,foil team,W,Bronze
Tokyo,1964,Fencing,Fencing,"AGOSTON-MENDELENYI, Judit",HUN,Women,foil team,W,Gold
Tokyo,1964,Fencing,Fencing,"DÖMÖLKI-SAKOVICS, Lidia",HUN,Women,foil team,W,Gold
Tokyo,1964,Fencing,Fencing,"JUHASZ-NAGY, Katalin",HUN,Women,foil team,W,Gold
Tokyo,1964,Fencing,Fencing,"MAROSI-FOLDESI, Paula",HUN,Women,foil team,W,Gold
Tokyo,1964,Fencing,Fencing,"REJTO-UJLAKI, Ildiko",HUN,Women,foil team,W,Gold
Tokyo,1964,Fencing,Fencing,"GOROKHOVA, Galina",URS,Women,foil team,W,Silver
Tokyo,1964,Fencing,Fencing,"PETRENKO-SAMUSENKO, Tatyana",URS,Women,foil team,W,Silver
Tokyo,1964,Fencing,Fencing,"PRUDSKOVA, Valentina",URS,Women,foil team,W,Silver
Tokyo,1964,Fencing,Fencing,"RASTVOROVA, Valentina",URS,Women,foil team,W,Silver
Tokyo,1964,Fencing,Fencing,"SHISHOVA, Lyudmila",URS,Women,foil team,W,Silver
Tokyo,1964,Fencing,Fencing,"MAVLIKHANOV, Umar",URS,Men,sabre individual,M,Bronze
Tokyo,1964,Fencing,Fencing,"PEZSA, Tibor",HUN,Men,sabre individual,M,Gold
Tokyo,1964,Fencing,Fencing,"ARABO, Claude",FRA,Men,sabre individual,M,Silver
Tokyo,1964,Fencing,Fencing,"OCHYRA, Emil Antoni",POL,Men,sabre team,M,Bronze
Tokyo,1964,Fencing,Fencing,"PAWLOWSKI, Jerzy",POL,Men,sabre team,M,Bronze
Tokyo,1964,Fencing,Fencing,"PIATKOWSKI, Andrzej Ryszard",POL,Men,sabre team,M,Bronze
Tokyo,1964,Fencing,Fencing,"ZABLOCKI, Wojciech",POL,Men,sabre team,M,Bronze
Tokyo,1964,Fencing,Fencing,"ZUB, Ryszard",POL,Men,sabre team,M,Bronze
Tokyo,1964,Fencing,Fencing,"ASATIANI, Nugzar",URS,Men,sabre team,M,Gold
Tokyo,1964,Fencing,Fencing,"MAVLIKHANOV, Umar",URS,Men,sabre team,M,Gold
Tokyo,1964,Fencing,Fencing,"MELNIKOV, Boris",URS,Men,sabre team,M,Gold
Tokyo,1964,Fencing,Fencing,"RAKITA, Mark",URS,Men,sabre team,M,Gold
Tokyo,1964,Fencing,Fencing,"RYLSKY, Yakov",URS,Men,sabre team,M,Gold
Tokyo,1964,Fencing,Fencing,"CALANCHINI, Giampaolo",ITA,Men,sabre team,M,Silver
Tokyo,1964,Fencing,Fencing,"CALARESE, Wladimiro",ITA,Men,sabre team,M,Silver
Tokyo,1964,Fencing,Fencing,"CHICCA, Pierluigi",ITA,Men,sabre team,M,Silver
Tokyo,1964,Fencing,Fencing,"RAVAGNAN, Mario",ITA,Men,sabre team,M,Silver
Tokyo,1964,Fencing,Fencing,"SALVADORI, Cesare",ITA,Men,sabre team,M,Silver
Tokyo,1964,Football,Football,"BARTHELS, Wolfgang",EUA,Men,football,M,Bronze
Tokyo,1964,Football,Football,"BAUCHSPIESS, Bernd",EUA,Men,football,M,Bronze
Tokyo,1964,Football,Football,"ENGELHARDT, Dieter",EUA,Men,football,M,Bronze
Tokyo,1964,Football,Football,"FRÄSSDORF, Otto",EUA,Men,football,M,Bronze
Tokyo,1964,Football,Football,"FRENZEL, Henning",EUA,Men,football,M,Bronze
Tokyo,1964,Football,Football,"GEISLER, Manfred",EUA,Men,football,M,Bronze
Tokyo,1964,Football,Football,"HEINSCH, Hans-Jürgen",EUA,Men,football,M,Bronze
Tokyo,1964,Football,Football,"KÖRNER, Gerhard",EUA,Men,football,M,Bronze
Tokyo,1964,Football,Football,"LISIEWICZ, Klaus",EUA,Men,football,M,Bronze
Tokyo,1964,Football,Football,"NÖLDNER, Jürgen",EUA,Men,football,M,Bronze
Tokyo,1964,Football,Football,"PANKAU, Herbert",EUA,Men,football,M,Bronze
Tokyo,1964,Football,Football,"ROCK, Peter",EUA,Men,football,M,Bronze
Tokyo,1964,Football,Football,"SEEHAUS, Klaus-Dieter",EUA,Men,football,M,Bronze
Tokyo,1964,Football,Football,"STÖCKER, Hermann",EUA,Men,football,M,Bronze
Tokyo,1964,Football,Football,"UNGER, Werner",EUA,Men,football,M,Bronze
Tokyo,1964,Football,Football,"URBANCZYK, Klaus",EUA,Men,football,M,Bronze
Tokyo,1964,Football,Football,"VOGEL, Eberhard",EUA,Men,football,M,Bronze
Tokyo,1964,Football,Football,"WALTER, Manfred",EUA,Men,football,M,Bronze
Tokyo,1964,Football,Football,"WEIGANG, Horst",EUA,Men,football,M,Bronze
Tokyo,1964,Football,Football,"BENE, Ferenc",HUN,Men,football,M,Gold
Tokyo,1964,Football,Football,"CSERNAI, Tibor",HUN,Men,football,M,Gold
Tokyo,1964,Football,Football,"FARKAS, Janos",HUN,Men,football,M,Gold
Tokyo,1964,Football,Football,"GELEI, Jozsef",HUN,Men,football,M,Gold
Tokyo,1964,Football,Football,"IHASZ, Kalman",HUN,Men,football,M,Gold
Tokyo,1964,Football,Football,"KATONA, Sandor",HUN,Men,football,M,Gold
Tokyo,1964,Football,Football,"KOMORA, Imre",HUN,Men,football,M,Gold
Tokyo,1964,Football,Football,"NOGRADI, Ferenc",HUN,Men,football,M,Gold
Tokyo,1964,Football,Football,"NOVAK, Dezsö",HUN,Men,football,M,Gold
Tokyo,1964,Football,Football,"ORBAN, Arpad",HUN,Men,football,M,Gold
Tokyo,1964,Football,Football,"PALOTAI, Karoly",HUN,Men,football,M,Gold
Tokyo,1964,Football,Football,"SZENTMIHALYI, Antal",HUN,Men,football,M,Gold
Tokyo,1964,Football,Football,"SZEPESI, Gusztav",HUN,Men,football,M,Gold
Tokyo,1964,Football,Football,"VARGA, Zoltan",HUN,Men,football,M,Gold
Tokyo,1964,Football,Football,"BRUMOWSKY, Jan",TCH,Men,football,M,Silver
Tokyo,1964,Football,Football,"CVETLER, Ludevit",TCH,Men,football,M,Silver
Tokyo,1964,Football,Football,"GELETA, Jan",TCH,Men,football,M,Silver
Tokyo,1964,Football,Football,"KNEBORT, Frantisek",TCH,Men,football,M,Silver
Tokyo,1964,Football,Football,"KNESL, Karel",TCH,Men,football,M,Silver
Tokyo,1964,Football,Football,"LICHTNEGL, Karel",TCH,Men,football,M,Silver
Tokyo,1964,Football,Football,"MASNY, Vojtech",TCH,Men,football,M,Silver
Tokyo,1964,Football,Football,"MATLAK, Stefan",TCH,Men,football,M,Silver
Tokyo,1964,Football,Football,"MRAZ, Ivan",TCH,Men,football,M,Silver
Tokyo,1964,Football,Football,"NEPOMUCKY, Karel",TCH,Men,football,M,Silver
Tokyo,1964,Football,Football,"PICMAN, Karel Zdenek",TCH,Men,football,M,Silver
Tokyo,1964,Football,Football,"SCHMUCKER, Frantisek",TCH,Men,football,M,Silver
Tokyo,1964,Football,Football,"SVAJLEN, Antonin",TCH,Men,football,M,Silver
Tokyo,1964,Football,Football,"URBAN, Antonin",TCH,Men,football,M,Silver
Tokyo,1964,Football,Football,"VALOSEK, Frantisek",TCH,Men,football,M,Silver
Tokyo,1964,Football,Football,"VOJTA, Josef",TCH,Men,football,M,Silver
Tokyo,1964,Football,Football,"WEISS, Vladimir",TCH,Men,football,M,Silver
Tokyo,1964,Gymnastics,Artistic G.,"LATYNINA, Larisa",URS,Women,balance beam,W,Bronze
Tokyo,1964,Gymnastics,Artistic G.,"CASLAVSKA, Vera",TCH,Women,balance beam,W,Gold
Tokyo,1964,Gymnastics,Artistic G.,"MANINA, Tamara",URS,Women,balance beam,W,Silver
Tokyo,1964,Gymnastics,Artistic G.,"MENICHELLI, Franco",ITA,Men,floor exercises,M,Gold
Tokyo,1964,Gymnastics,Artistic G.,"ENDO, Yukio",JPN,Men,floor exercises,M,Silver
Tokyo,1964,Gymnastics,Artistic G.,"LISITSKY, Viktor",URS,Men,floor exercises,M,Silver
Tokyo,1964,Gymnastics,Artistic G.,"JANOSI, Ducza Aniko",HUN,Women,floor exercises,W,Bronze
Tokyo,1964,Gymnastics,Artistic G.,"LATYNINA, Larisa",URS,Women,floor exercises,W,Gold
Tokyo,1964,Gymnastics,Artistic G.,"ASTAKHOVA, Polina",URS,Women,floor exercises,W,Silver
Tokyo,1964,Gymnastics,Artistic G.,"CERAR, Miroslav",YUG,Men,horizontal bar,M,Bronze
Tokyo,1964,Gymnastics,Artistic G.,"SHAKHLIN, Boris",URS,Men,horizontal bar,M,Gold
Tokyo,1964,Gymnastics,Artistic G.,"TITOV, Yuri",URS,Men,horizontal bar,M,Silver
Tokyo,1964,Gymnastics,Artistic G.,"ENDO, Yukio",JPN,Men,individual all-round,M,Gold
Tokyo,1964,Gymnastics,Artistic G.,"LISITSKY, Viktor",URS,Men,individual all-round,M,Silver
Tokyo,1964,Gymnastics,Artistic G.,"SHAKHLIN, Boris",URS,Men,individual all-round,M,Silver
Tokyo,1964,Gymnastics,Artistic G.,"TSURUMI, Shuji",JPN,Men,individual all-round,M,Silver
Tokyo,1964,Gymnastics,Artistic G.,"ASTAKHOVA, Polina",URS,Women,individual all-round,W,Bronze
Tokyo,1964,Gymnastics,Artistic G.,"CASLAVSKA, Vera",TCH,Women,individual all-round,W,Gold
Tokyo,1964,Gymnastics,Artistic G.,"LATYNINA, Larisa",URS,Women,individual all-round,W,Silver
Tokyo,1964,Gymnastics,Artistic G.,"MENICHELLI, Franco",ITA,Men,parallel bars,M,Bronze
Tokyo,1964,Gymnastics,Artistic G.,"ENDO, Yukio",JPN,Men,parallel bars,M,Gold
Tokyo,1964,Gymnastics,Artistic G.,"TSURUMI, Shuji",JPN,Men,parallel bars,M,Silver
Tokyo,1964,Gymnastics,Artistic G.,"TSAPENKO, Yuri",URS,Men,pommel horse,M,Bronze
Tokyo,1964,Gymnastics,Artistic G.,"CERAR, Miroslav",YUG,Men,pommel horse,M,Gold
Tokyo,1964,Gymnastics,Artistic G.,"TSURUMI, Shuji",JPN,Men,pommel horse,M,Silver
Tokyo,1964,Gymnastics,Artistic G.,"SHAKHLIN, Boris",URS,Men,rings,M,Bronze
Tokyo,1964,Gymnastics,Artistic G.,"HAYATA, Takuji",JPN,Men,rings,M,Gold
Tokyo,1964,Gymnastics,Artistic G.,"MENICHELLI, Franco",ITA,Men,rings,M,Silver
Tokyo,1964,Gymnastics,Artistic G.,"FÜLLE, Siegfried",EUA,Men,team competition,M,Bronze
Tokyo,1964,Gymnastics,Artistic G.,"FÜRST, Philipp",EUA,Men,team competition,M,Bronze
Tokyo,1964,Gymnastics,Artistic G.,"KOPPE, Erwin",EUA,Men,team competition,M,Bronze
Tokyo,1964,Gymnastics,Artistic G.,"KÖSTE, Klaus",EUA,Men,team competition,M,Bronze
Tokyo,1964,Gymnastics,Artistic G.,"LYHS, Günther",EUA,Men,team competition,M,Bronze
Tokyo,1964,Gymnastics,Artistic G.,"WEBER, Peter",EUA,Men,team competition,M,Bronze
Tokyo,1964,Gymnastics,Artistic G.,"ENDO, Yukio",JPN,Men,team competition,M,Gold
Tokyo,1964,Gymnastics,Artistic G.,"HAYATA, Takuji",JPN,Men,team competition,M,Gold
Tokyo,1964,Gymnastics,Artistic G.,"MITSUKURI, Takashi",JPN,Men,team competition,M,Gold
Tokyo,1964,Gymnastics,Artistic G.,"ONO, Takashi",JPN,Men,team competition,M,Gold
Tokyo,1964,Gymnastics,Artistic G.,"TSURUMI, Shuji",JPN,Men,team competition,M,Gold
Tokyo,1964,Gymnastics,Artistic G.,"YAMASHITA, Haruhiro",JPN,Men,team competition,M,Gold
Tokyo,1964,Gymnastics,Artistic G.,"DIOMIDOV, Sergei",URS,Men,team competition,M,Silver
Tokyo,1964,Gymnastics,Artistic G.,"LEONTYEV, Viktor",URS,Men,team competition,M,Silver
Tokyo,1964,Gymnastics,Artistic G.,"LISITSKY, Viktor",URS,Men,team competition,M,Silver
Tokyo,1964,Gymnastics,Artistic G.,"SHAKHLIN, Boris",URS,Men,team competition,M,Silver
Tokyo,1964,Gymnastics,Artistic G.,"TITOV, Yuri",URS,Men,team competition,M,Silver
Tokyo,1964,Gymnastics,Artistic G.,"TSAPENKO, Yuri",URS,Men,team competition,M,Silver
Tokyo,1964,Gymnastics,Artistic G.,"ABUKAWA-CHIBA, Ginko",JPN,Women,team competition,W,Bronze
Tokyo,1964,Gymnastics,Artistic G.,"NAKAMURA-MITSUKURI, Taniko",JPN,Women,team competition,W,Bronze
Tokyo,1964,Gymnastics,Artistic G.,"ONO, Kiyoko",JPN,Women,team competition,W,Bronze
Tokyo,1964,Gymnastics,Artistic G.,"SHIRAZU-AIHARA, Toshiko",JPN,Women,team competition,W,Bronze
Tokyo,1964,Gymnastics,Artistic G.,"TANAKA-IKEDA, Keiko",JPN,Women,team competition,W,Bronze
Tokyo,1964,Gymnastics,Artistic G.,"TSUJI, Hiroko",JPN,Women,team competition,W,Bronze
Tokyo,1964,Gymnastics,Artistic G.,"ASTAKHOVA, Polina",URS,Women,team competition,W,Gold
Tokyo,1964,Gymnastics,Artistic G.,"GROMOVA, Lyudmila",URS,Women,team competition,W,Gold
Tokyo,1964,Gymnastics,Artistic G.,"LATYNINA, Larisa",URS,Women,team competition,W,Gold
Tokyo,1964,Gymnastics,Artistic G.,"LYUKHINA-ZAMOTAILOVA, Tamara",URS,Women,team competition,W,Gold
Tokyo,1964,Gymnastics,Artistic G.,"MANINA, Tamara",URS,Women,team competition,W,Gold
Tokyo,1964,Gymnastics,Artistic G.,"VOLCHETSKAYA, Elena",URS,Women,team competition,W,Gold
Tokyo,1964,Gymnastics,Artistic G.,"CASLAVSKA, Vera",TCH,Women,team competition,W,Silver
Tokyo,1964,Gymnastics,Artistic G.,"KRAJCIROVA-NEMETHOVA, Mariana",TCH,Women,team competition,W,Silver
Tokyo,1964,Gymnastics,Artistic G.,"POSNEROVA-KUBICKOVA, Jana",TCH,Women,team competition,W,Silver
Tokyo,1964,Gymnastics,Artistic G.,"RUZICKOVA, Hana",TCH,Women,team competition,W,Silver
Tokyo,1964,Gymnastics,Artistic G.,"SEDLACKOVA, Jaroslava",TCH,Women,team competition,W,Silver
Tokyo,1964,Gymnastics,Artistic G.,"TACOVA-TKACIKOVA, Adolfina",TCH,Women,team competition,W,Silver
Tokyo,1964,Gymnastics,Artistic G.,"LATYNINA, Larisa",URS,Women,uneven bars,W,Bronze
Tokyo,1964,Gymnastics,Artistic G.,"ASTAKHOVA, Polina",URS,Women,uneven bars,W,Gold
Tokyo,1964,Gymnastics,Artistic G.,"MAKRAY-SCHMITT, Katalin",HUN,Women,uneven bars,W,Silver
Tokyo,1964,Gymnastics,Artistic G.,"RANTAKARI, Hannu Juhani",FIN,Men,vault,M,Bronze
Tokyo,1964,Gymnastics,Artistic G.,"YAMASHITA, Haruhiro",JPN,Men,vault,M,Gold
Tokyo,1964,Gymnastics,Artistic G.,"LISITSKY, Viktor",URS,Men,vault,M,Silver
Tokyo,1964,Gymnastics,Artistic G.,"CASLAVSKA, Vera",TCH,Women,vault,W,Gold
Tokyo,1964,Gymnastics,Artistic G.,"LATYNINA, Larisa",URS,Women,vault,W,Silver
Tokyo,1964,Gymnastics,Artistic G.,"RADOCHLA, Birgit",EUA,Women,vault,W,Silver
Tokyo,1964,Hockey,Hockey,"CROSSMAN, Mervyn",AUS,Men,hockey,M,Bronze
Tokyo,1964,Hockey,Hockey,"DEARING, Paul",AUS,Men,hockey,M,Bronze
Tokyo,1964,Hockey,Hockey,"EVANS, Raymond",AUS,Men,hockey,M,Bronze
Tokyo,1964,Hockey,Hockey,"GLENCROSS, Brian",AUS,Men,hockey,M,Bronze
Tokyo,1964,Hockey,Hockey,"HODDER, Robin",AUS,Men,hockey,M,Bronze
Tokyo,1964,Hockey,Hockey,"MCBRYDE, John",AUS,Men,hockey,M,Bronze
Tokyo,1964,Hockey,Hockey,"MCWATTERS, Donald",AUS,Men,hockey,M,Bronze
Tokyo,1964,Hockey,Hockey,"NILAN, Patrick",AUS,Men,hockey,M,Bronze
Tokyo,1964,Hockey,Hockey,"PEARCE, Eric Robert",AUS,Men,hockey,M,Bronze
Tokyo,1964,Hockey,Hockey,"PEARCE, Julian",AUS,Men,hockey,M,Bronze
Tokyo,1964,Hockey,Hockey,"PIPER, Desmond",AUS,Men,hockey,M,Bronze
Tokyo,1964,Hockey,Hockey,"SMART, Donald",AUS,Men,hockey,M,Bronze
Tokyo,1964,Hockey,Hockey,"WATERS, Anthony",AUS,Men,hockey,M,Bronze
Tokyo,1964,Hockey,Hockey,"WOOD, Graham",AUS,Men,hockey,M,Bronze
Tokyo,1964,Hockey,Hockey,"KAUSHIK, Hari Pal",IND,Men,hockey,M,Gold
Tokyo,1964,Hockey,Hockey,"LAL, Mohinder",IND,Men,hockey,M,Gold
Tokyo,1964,Hockey,Hockey,"LAXMAN, Shankar",IND,Men,hockey,M,Gold
Tokyo,1964,Hockey,Hockey,"PATIL, Bandu",IND,Men,hockey,M,Gold
Tokyo,1964,Hockey,Hockey,"PETER, John Victor",IND,Men,hockey,M,Gold
Tokyo,1964,Hockey,Hockey,"SAYED, Ali",IND,Men,hockey,M,Gold
Tokyo,1964,Hockey,Hockey,"SINGH KULLAR, Udham",IND,Men,hockey,M,Gold
Tokyo,1964,Hockey,Hockey,"SINGH, Charanjit",IND,Men,hockey,M,Gold
Tokyo,1964,Hockey,Hockey,"SINGH, Darshan",IND,Men,hockey,M,Gold
Tokyo,1964,Hockey,Hockey,"SINGH, Dharam",IND,Men,hockey,M,Gold
Tokyo,1964,Hockey,Hockey,"SINGH, Gurbux",IND,Men,hockey,M,Gold
Tokyo,1964,Hockey,Hockey,"SINGH, Harbinder",IND,Men,hockey,M,Gold
Tokyo,1964,Hockey,Hockey,"SINGH, Jagjit",IND,Men,hockey,M,Gold
Tokyo,1964,Hockey,Hockey,"SINGH, Joginder",IND,Men,hockey,M,Gold
Tokyo,1964,Hockey,Hockey,"SINGH, Prithipal",IND,Men,hockey,M,Gold
Tokyo,1964,Hockey,Hockey,"ABDUL, Hamid",PAK,Men,hockey,M,Silver
Tokyo,1964,Hockey,Hockey,"ASAD, Muhammad",PAK,Men,hockey,M,Silver
Tokyo,1964,Hockey,Hockey,"DAR, Munir Ahmad",PAK,Men,hockey,M,Silver
Tokyo,1964,Hockey,Hockey,"KHALID, Mahmud",PAK,Men,hockey,M,Silver
Tokyo,1964,Hockey,Hockey,"KHAN, Anwar Ahmad",PAK,Men,hockey,M,Silver
Tokyo,1964,Hockey,Hockey,"KHIZAR, Nawaz",PAK,Men,hockey,M,Silver
Tokyo,1964,Hockey,Hockey,"KHURSHID, Azam",PAK,Men,hockey,M,Silver
Tokyo,1964,Hockey,Hockey,"MANNA, Muhammad Afzal",PAK,Men,hockey,M,Silver
Tokyo,1964,Hockey,Hockey,"MANZOOR, Hussain Atif",PAK,Men,hockey,M,Silver
Tokyo,1964,Hockey,Hockey,"MUHAMMAD, Rashid",PAK,Men,hockey,M,Silver
Tokyo,1964,Hockey,Hockey,"MUTTI, Ullah",PAK,Men,hockey,M,Silver
Tokyo,1964,Hockey,Hockey,"NIAZI, Tariq",PAK,Men,hockey,M,Silver
Tokyo,1964,Hockey,Hockey,"SAEED, Anwar",PAK,Men,hockey,M,Silver
Tokyo,1964,Hockey,Hockey,"TARIQ, Aziz",PAK,Men,hockey,M,Silver
Tokyo,1964,Hockey,Hockey,"ZAFAR, Hayat",PAK,Men,hockey,M,Silver
Tokyo,1964,Hockey,Hockey,"ZAKA, Uddin",PAK,Men,hockey,M,Silver
Tokyo,1964,Judo,Judo,"BOGOLYUBOV, Aron",URS,Men,- 68kg (lightweight),M,Bronze
Tokyo,1964,Judo,Judo,"STEPANOV, Oleg",URS,Men,- 68kg (lightweight),M,Bronze
Tokyo,1964,Judo,Judo,"NAKATANI, Takehide",JPN,Men,- 68kg (lightweight),M,Gold
Tokyo,1964,Judo,Judo,"HÄNNI, Eric",SUI,Men,- 68kg (lightweight),M,Silver
Tokyo,1964,Judo,Judo,"CHIKVILADZE, Parnaos",URS,Men,+ 80kg (heavyweight),M,Bronze
Tokyo,1964,Judo,Judo,"KIKNADZE, Anzor",URS,Men,+ 80kg (heavyweight),M,Bronze
Tokyo,1964,Judo,Judo,"INOKUMA, Isao",JPN,Men,+ 80kg (heavyweight),M,Gold
Tokyo,1964,Judo,Judo,"ROGERS, Alfred Harold Douglas",CAN,Men,+ 80kg (heavyweight),M,Silver
Tokyo,1964,Judo,Judo,"BREGMAN, James Steven",USA,Men,68 - 80kg (middleweight),M,Bronze
Tokyo,1964,Judo,Judo,"KIM, Eui-Tae",KOR,Men,68 - 80kg (middleweight),M,Bronze
Tokyo,1964,Judo,Judo,"OKANO, Isao",JPN,Men,68 - 80kg (middleweight),M,Gold
Tokyo,1964,Judo,Judo,"HOFMANN, Wolfgang",EUA,Men,68 - 80kg (middleweight),M,Silver
Tokyo,1964,Judo,Judo,"BORONOSKI, Theodore",AUS,Men,open category,M,Bronze
Tokyo,1964,Judo,Judo,"GLAHN, Klaus",EUA,Men,open category,M,Bronze
Tokyo,1964,Judo,Judo,"GEESINK, Antonius Johannes",NED,Men,open category,M,Gold
Tokyo,1964,Judo,Judo,"KAMINAGA, Akio",JPN,Men,open category,M,Silver
Tokyo,1964,Modern Pentathlon,Modern Pentath.,"MOKEEV, Albert",URS,Men,Individual competition,M,Bronze
Tokyo,1964,Modern Pentathlon,Modern Pentath.,"TÖRÖK, Ferenc",HUN,Men,Individual competition,M,Gold
Tokyo,1964,Modern Pentathlon,Modern Pentath.,"NOVIKOV, Igor",URS,Men,Individual competition,M,Silver
Tokyo,1964,Modern Pentathlon,Modern Pentath.,"NAGY, Imre",HUN,Men,Team competition,M,Bronze
Tokyo,1964,Modern Pentathlon,Modern Pentath.,"TÖRÖK, Ferenc",HUN,Men,Team competition,M,Bronze
Tokyo,1964,Modern Pentathlon,Modern Pentath.,"TOROK, Otto",HUN,Men,Team competition,M,Bronze
Tokyo,1964,Modern Pentathlon,Modern Pentath.,"MINEEV, Viktor",URS,Men,Team competition,M,Gold
Tokyo,1964,Modern Pentathlon,Modern Pentath.,"MOKEEV, Albert",URS,Men,Team competition,M,Gold
Tokyo,1964,Modern Pentathlon,Modern Pentath.,"NOVIKOV, Igor",URS,Men,Team competition,M,Gold
Tokyo,1964,Modern Pentathlon,Modern Pentath.,"KIRKWOOD, David Archer",USA,Men,Team competition,M,Silver
Tokyo,1964,Modern Pentathlon,Modern Pentath.,"MOORE, James Warren",USA,Men,Team competition,M,Silver
Tokyo,1964,Modern Pentathlon,Modern Pentath.,"PESTHY, Paul Karoly",USA,Men,Team competition,M,Silver
Tokyo,1964,Rowing,Rowing,"HOTTENROTT, Wolfgang",EUA,Men,coxless pair (2-),M,Bronze
Tokyo,1964,Rowing,Rowing,"SCHWAN, Michael",EUA,Men,coxless pair (2-),M,Bronze
Tokyo,1964,Rowing,Rowing,"HUNGERFORD, George William",CAN,Men,coxless pair (2-),M,Gold
Tokyo,1964,Rowing,Rowing,"JACKSON, Roger Charles",CAN,Men,coxless pair (2-),M,Gold
Tokyo,1964,Rowing,Rowing,"BLAISSE, Steven Joseph",NED,Men,coxless pair (2-),M,Silver
Tokyo,1964,Rowing,Rowing,"VEENEMANS, Ernest Willem",NED,Men,coxless pair (2-),M,Silver
Tokyo,1964,Rowing,Rowing,"ANDRS, Vladimir",TCH,Men,double sculls (2x),M,Bronze
Tokyo,1964,Rowing,Rowing,"HOFMAN, Pavel",TCH,Men,double sculls (2x),M,Bronze
Tokyo,1964,Rowing,Rowing,"DUBROVSKY, Boris",URS,Men,double sculls (2x),M,Gold
Tokyo,1964,Rowing,Rowing,"TYURIN, Oleg",URS,Men,double sculls (2x),M,Gold
Tokyo,1964,Rowing,Rowing,"CROMWELL, Seymour Legrand II",USA,Men,double sculls (2x),M,Silver
Tokyo,1964,Rowing,Rowing,"STORM, James Eugene",USA,Men,double sculls (2x),M,Silver
Tokyo,1964,Rowing,Rowing,"CERMAK, Petr",TCH,Men,eight with coxswain (8+),M,Bronze
Tokyo,1964,Rowing,Rowing,"JANOUSEK, Bohumil",TCH,Men,eight with coxswain (8+),M,Bronze
Tokyo,1964,Rowing,Rowing,"KONICEK, Miroslav",TCH,Men,eight with coxswain (8+),M,Bronze
Tokyo,1964,Rowing,Rowing,"LUNDAK, Jiri",TCH,Men,eight with coxswain (8+),M,Bronze
Tokyo,1964,Rowing,Rowing,"MRVIK, Jan",TCH,Men,eight with coxswain (8+),M,Bronze
Tokyo,1964,Rowing,Rowing,"NOVY, Richard",TCH,Men,eight with coxswain (8+),M,Bronze
Tokyo,1964,Rowing,Rowing,"POJEZNY, Ludek",TCH,Men,eight with coxswain (8+),M,Bronze
Tokyo,1964,Rowing,Rowing,"TOCEK, Julius",TCH,Men,eight with coxswain (8+),M,Bronze
Tokyo,1964,Rowing,Rowing,"VENTUS, Josef",TCH,Men,eight with coxswain (8+),M,Bronze
Tokyo,1964,Rowing,Rowing,"AMLONG, Joseph Brian",USA,Men,eight with coxswain (8+),M,Gold
Tokyo,1964,Rowing,Rowing,"AMLONG, Thomas Kennedy",USA,Men,eight with coxswain (8+),M,Gold
Tokyo,1964,Rowing,Rowing,"BUDD, Harold Boyce Jr.",USA,Men,eight with coxswain (8+),M,Gold
Tokyo,1964,Rowing,Rowing,"CLARK, Emory Wendell II",USA,Men,eight with coxswain (8+),M,Gold
Tokyo,1964,Rowing,Rowing,"CWIKLINSKI, Stanley Francis",USA,Men,eight with coxswain (8+),M,Gold
Tokyo,1964,Rowing,Rowing,"FOLEY, Hugh Miller",USA,Men,eight with coxswain (8+),M,Gold
Tokyo,1964,Rowing,Rowing,"KNECHT, William Joseph",USA,Men,eight with coxswain (8+),M,Gold
Tokyo,1964,Rowing,Rowing,"STOWE, William Arthur",USA,Men,eight with coxswain (8+),M,Gold
Tokyo,1964,Rowing,Rowing,"ZIMONYI, Robert",USA,Men,eight with coxswain (8+),M,Gold
Tokyo,1964,Rowing,Rowing,"AEFFKE, Klaus",EUA,Men,eight with coxswain (8+),M,Silver
Tokyo,1964,Rowing,Rowing,"AHRENS, Thomas",EUA,Men,eight with coxswain (8+),M,Silver
Tokyo,1964,Rowing,Rowing,"BEHRENS, Klaus",EUA,Men,eight with coxswain (8+),M,Silver
Tokyo,1964,Rowing,Rowing,"BITTNER, Klaus",EUA,Men,eight with coxswain (8+),M,Silver
Tokyo,1964,Rowing,Rowing,"MEYER, Horst",EUA,Men,eight with coxswain (8+),M,Silver
Tokyo,1964,Rowing,Rowing,"PLAGEMANN, Jürgen",EUA,Men,eight with coxswain (8+),M,Silver
Tokyo,1964,Rowing,Rowing,"SCHROEDER, Jürgen",EUA,Men,eight with coxswain (8+),M,Silver
Tokyo,1964,Rowing,Rowing,"VON GRODDECK, Karl-Heinrich",EUA,Men,eight with coxswain (8+),M,Silver
Tokyo,1964,Rowing,Rowing,"WALLBRECHT, Hans-Jürgen",EUA,Men,eight with coxswain (8+),M,Silver
Tokyo,1964,Rowing,Rowing,"LYON, Richard Avery",USA,Men,four without coxswain (4-),M,Bronze
Tokyo,1964,Rowing,Rowing,"MITTET, Theodore Peder",USA,Men,four without coxswain (4-),M,Bronze
Tokyo,1964,Rowing,Rowing,"NASH, Theodore Allison",USA,Men,four without coxswain (4-),M,Bronze
Tokyo,1964,Rowing,Rowing,"PICARD, Geoffrey William",USA,Men,four without coxswain (4-),M,Bronze
Tokyo,1964,Rowing,Rowing,"HANSEN, John Orsted",DEN,Men,four without coxswain (4-),M,Gold
Tokyo,1964,Rowing,Rowing,"HASLOV, Björn Borgen",DEN,Men,four without coxswain (4-),M,Gold
Tokyo,1964,Rowing,Rowing,"HELMUDT, Kurt",DEN,Men,four without coxswain (4-),M,Gold
Tokyo,1964,Rowing,Rowing,"PETERSEN, Erik",DEN,Men,four without coxswain (4-),M,Gold
Tokyo,1964,Rowing,Rowing,"BARRY, William Louis",GBR,Men,four without coxswain (4-),M,Silver
Tokyo,1964,Rowing,Rowing,"JAMES, John Jesse",GBR,Men,four without coxswain (4-),M,Silver
Tokyo,1964,Rowing,Rowing,"RUSSELL, John Michael",GBR,Men,four without coxswain (4-),M,Silver
Tokyo,1964,Rowing,Rowing,"WARDELL-YERBURGH, Hugh Arthur",GBR,Men,four without coxswain (4-),M,Silver
Tokyo,1964,Rowing,Rowing,"KLUMPERBEEK, Marius Pieter Louis",NED,Men,four-oared shell with coxswain (4-),M,Bronze
Tokyo,1964,Rowing,Rowing,"MULLINK, Alex Gerhard",NED,Men,four-oared shell with coxswain (4-),M,Bronze
Tokyo,1964,Rowing,Rowing,"VAN DE GRAAF, Robert",NED,Men,four-oared shell with coxswain (4-),M,Bronze
Tokyo,1964,Rowing,Rowing,"VAN DE GRAAFF, Frederik Robbert",NED,Men,four-oared shell with coxswain (4-),M,Bronze
Tokyo,1964,Rowing,Rowing,"VAN DE GRAAFF, Jan",NED,Men,four-oared shell with coxswain (4-),M,Bronze
Tokyo,1964,Rowing,Rowing,"BRITTING, Bernhard",EUA,Men,four-oared shell with coxswain (4-),M,Gold
Tokyo,1964,Rowing,Rowing,"HIRSCHFELDER, Egbert",EUA,Men,four-oared shell with coxswain (4-),M,Gold
Tokyo,1964,Rowing,Rowing,"NEUSEL, Peter",EUA,Men,four-oared shell with coxswain (4-),M,Gold
Tokyo,1964,Rowing,Rowing,"OELKE, Jürgen",EUA,Men,four-oared shell with coxswain (4-),M,Gold
Tokyo,1964,Rowing,Rowing,"WERNER, Joachim",EUA,Men,four-oared shell with coxswain (4-),M,Gold
Tokyo,1964,Rowing,Rowing,"BOSATTA, Renato",ITA,Men,four-oared shell with coxswain (4-),M,Silver
Tokyo,1964,Rowing,Rowing,"DE PEDRINA, Franco",ITA,Men,four-oared shell with coxswain (4-),M,Silver
Tokyo,1964,Rowing,Rowing,"GALANTE, Giuseppe",ITA,Men,four-oared shell with coxswain (4-),M,Silver
Tokyo,1964,Rowing,Rowing,"SPINOLA, Giovanni",ITA,Men,four-oared shell with coxswain (4-),M,Silver
Tokyo,1964,Rowing,Rowing,"TRIVINI, Emilio",ITA,Men,four-oared shell with coxswain (4-),M,Silver
Tokyo,1964,Rowing,Rowing,"BOS, Jan Justus",NED,Men,pair-oared shell with coxswain (2+),M,Bronze
Tokyo,1964,Rowing,Rowing,"HARTSUIKER, Frederik Klaas Jan",NED,Men,pair-oared shell with coxswain (2+),M,Bronze
Tokyo,1964,Rowing,Rowing,"ROUWE, Herman Jan",NED,Men,pair-oared shell with coxswain (2+),M,Bronze
Tokyo,1964,Rowing,Rowing,"FERRY, Edward Payson",USA,Men,pair-oared shell with coxswain (2+),M,Gold
Tokyo,1964,Rowing,Rowing,"FINDLAY, Conrad Francis",USA,Men,pair-oared shell with coxswain (2+),M,Gold
Tokyo,1964,Rowing,Rowing,"MITCHELL, Henry Kent II",USA,Men,pair-oared shell with coxswain (2+),M,Gold
Tokyo,1964,Rowing,Rowing,"DEROUY, Jean-Claude",FRA,Men,pair-oared shell with coxswain (2+),M,Silver
Tokyo,1964,Rowing,Rowing,"MOREL, Georges",FRA,Men,pair-oared shell with coxswain (2+),M,Silver
Tokyo,1964,Rowing,Rowing,"MOREL, Jacques",FRA,Men,pair-oared shell with coxswain (2+),M,Silver
Tokyo,1964,Rowing,Rowing,"KOTTMANN, Gottfried",SUI,Men,single sculls (1x),M,Bronze
Tokyo,1964,Rowing,Rowing,"IVANOV, Vyacheslav",URS,Men,single sculls (1x),M,Gold
Tokyo,1964,Rowing,Rowing,"HILL, Achim",EUA,Men,single sculls (1x),M,Silver
Tokyo,1964,Sailing,Sailing,"BATCHELDER, Joseph Laws",USA,Men,5.5m,X,Bronze
Tokyo,1964,Sailing,Sailing,"MCNAMARA, John Joseph Jr.",USA,Men,5.5m,X,Bronze
Tokyo,1964,Sailing,Sailing,"SCULLY, Francis Paul Jr.",USA,Men,5.5m,X,Bronze
Tokyo,1964,Sailing,Sailing,"NORTHAM, William Herbert",AUS,Men,5.5m,X,Gold
Tokyo,1964,Sailing,Sailing,"O'DONNELL, Peter Joseph",AUS,Men,5.5m,X,Gold
Tokyo,1964,Sailing,Sailing,"SARGEANT, James Fred Robert",AUS,Men,5.5m,X,Gold
Tokyo,1964,Sailing,Sailing,"KARLSSON, Arne",SWE,Men,5.5m,X,Silver
Tokyo,1964,Sailing,Sailing,"STORK, Sture",SWE,Men,5.5m,X,Silver
