Beijing,2008,Canoe / Kayak,Canoe / Kayak F,"KOVACS, Katalin",HUN,Women,K-4 500m (kayak four),W,Silver
Beijing,2008,Canoe / Kayak,Canoe / Kayak F,"KOZAK, Danuta",HUN,Women,K-4 500m (kayak four),W,Silver
Beijing,2008,Canoe / Kayak,Canoe / Kayak F,"SZABO, Gabriella Timea",HUN,Women,K-4 500m (kayak four),W,Silver
Beijing,2008,Canoe / Kayak,Canoe / Kayak S,"BELL, Robin",AUS,Men,C-1 (canoe single),M,Bronze
Beijing,2008,Canoe / Kayak,Canoe / Kayak S,"MARTIKAN, Michal",SVK,Men,C-1 (canoe single),M,Gold
Beijing,2008,Canoe / Kayak,Canoe / Kayak S,"FLORENCE, David",GBR,Men,C-1 (canoe single),M,Silver
Beijing,2008,Canoe / Kayak,Canoe / Kayak S,"KUZNETSOV, Mikhail",RUS,Men,C-2 (canoe double),M,Bronze
Beijing,2008,Canoe / Kayak,Canoe / Kayak S,"LARIONOV, Dmitry",RUS,Men,C-2 (canoe double),M,Bronze
Beijing,2008,Canoe / Kayak,Canoe / Kayak S,"HOCHSCHORNER, Pavol",SVK,Men,C-2 (canoe double),M,Gold
Beijing,2008,Canoe / Kayak,Canoe / Kayak S,"HOCHSCHORNER, Peter",SVK,Men,C-2 (canoe double),M,Gold
Beijing,2008,Canoe / Kayak,Canoe / Kayak S,"STEPANEK, Ondrej",CZE,Men,C-2 (canoe double),M,Silver
Beijing,2008,Canoe / Kayak,Canoe / Kayak S,"VOLF, Jaroslav",CZE,Men,C-2 (canoe double),M,Silver
Beijing,2008,Canoe / Kayak,Canoe / Kayak S,"BOUKPETI, Benjamin",TOG,Men,K-1 (kayak single),M,Bronze
Beijing,2008,Canoe / Kayak,Canoe / Kayak S,"GRIMM, Alexander",GER,Men,K-1 (kayak single),M,Gold
Beijing,2008,Canoe / Kayak,Canoe / Kayak S,"LEFEVRE, Fabien",FRA,Men,K-1 (kayak single),M,Silver
Beijing,2008,Canoe / Kayak,Canoe / Kayak S,"OBLINGER PETERS, Violetta",AUT,Women,K-1 (kayak single),W,Bronze
Beijing,2008,Canoe / Kayak,Canoe / Kayak S,"KALISKA, Elena",SVK,Women,K-1 (kayak single),W,Gold
Beijing,2008,Canoe / Kayak,Canoe / Kayak S,"LAWRENCE, Jacqueline",AUS,Women,K-1 (kayak single),W,Silver
Beijing,2008,Cycling,BMX,"ROBINSON, Donny",USA,Men,Individual,M,Bronze
Beijing,2008,Cycling,BMX,"STROMBERGS, Maris",LAT,Men,Individual,M,Gold
Beijing,2008,Cycling,BMX,"DAY, Mike",USA,Men,Individual,M,Silver
Beijing,2008,Cycling,BMX,"KINTNER, Jill",USA,Women,individual,W,Bronze
Beijing,2008,Cycling,BMX,"CHAUSSON, Anne-Caroline",FRA,Women,individual,W,Gold
Beijing,2008,Cycling,BMX,"LE CORGUILLE, Laetitia",FRA,Women,individual,W,Silver
Beijing,2008,Cycling,Cycling Road,"CANCELLARA, Fabian",SUI,Men,individual road race,M,Bronze
Beijing,2008,Cycling,Cycling Road,"SANCHEZ, Samuel",ESP,Men,individual road race,M,Gold
Beijing,2008,Cycling,Cycling Road,"GUDERZO, Tatiana",ITA,Women,individual road race,W,Bronze
Beijing,2008,Cycling,Cycling Road,"COOKE, Nicole",GBR,Women,individual road race,W,Gold
Beijing,2008,Cycling,Cycling Road,"JOHANSSON, Emma",SWE,Women,individual road race,W,Silver
Beijing,2008,Cycling,Cycling Road,"LEIPHEIMER, Levi",USA,Men,individual time trial,M,Bronze
Beijing,2008,Cycling,Cycling Road,"CANCELLARA, Fabian",SUI,Men,individual time trial,M,Gold
Beijing,2008,Cycling,Cycling Road,"LARSSON, Gustav",SWE,Men,individual time trial,M,Silver
Beijing,2008,Cycling,Cycling Road,"THURIG, Karin",SUI,Women,individual time trial,W,Bronze
Beijing,2008,Cycling,Cycling Road,"ARMSTRONG, Kristin",USA,Women,individual time trial,W,Gold
Beijing,2008,Cycling,Cycling Road,"POOLEY, Emma",GBR,Women,individual time trial,W,Silver
Beijing,2008,Cycling,Cycling Track,"BURKE, Steven",GBR,Men,Individual Pursuit,M,Bronze
Beijing,2008,Cycling,Cycling Track,"WIGGINS, Bradley",GBR,Men,Individual Pursuit,M,Gold
Beijing,2008,Cycling,Cycling Track,"ROULSTON, Hayden",NZL,Men,Individual Pursuit,M,Silver
Beijing,2008,Cycling,Cycling Track,"KALITOVSKA, Lesya",UKR,Women,individual pursuit,W,Bronze
Beijing,2008,Cycling,Cycling Track,"ROMERO, Rebecca",GBR,Women,individual pursuit,W,Gold
Beijing,2008,Cycling,Cycling Track,"HOUVENAGHEL, Wendy",GBR,Women,individual pursuit,W,Silver
Beijing,2008,Cycling,Cycling Track,"NAGAI, Kiyofumi",JPN,Men,Keirin,M,Bronze
Beijing,2008,Cycling,Cycling Track,"HOY, Chris",GBR,Men,Keirin,M,Gold
Beijing,2008,Cycling,Cycling Track,"EDGAR, Ross",GBR,Men,Keirin,M,Silver
Beijing,2008,Cycling,Cycling Track,"IGNATYEV, Mikhail",RUS,Men,Madison,M,Bronze
Beijing,2008,Cycling,Cycling Track,"MARKOV, Alexei",RUS,Men,Madison,M,Bronze
Beijing,2008,Cycling,Cycling Track,"CURUCHET, Juan Esteban",ARG,Men,Madison,M,Gold
Beijing,2008,Cycling,Cycling Track,"PEREZ, Walter Fernando",ARG,Men,Madison,M,Gold
Beijing,2008,Cycling,Cycling Track,"LLANERAS, Joan",ESP,Men,Madison,M,Silver
Beijing,2008,Cycling,Cycling Track,"TAULER, Antonio",ESP,Men,Madison,M,Silver
Beijing,2008,Cycling,Cycling Track,"NEWTON, Chris",GBR,Men,Points Race,M,Bronze
Beijing,2008,Cycling,Cycling Track,"LLANERAS, Joan",ESP,Men,Points Race,M,Gold
Beijing,2008,Cycling,Cycling Track,"KLUGE, Roger",GER,Men,Points Race,M,Silver
Beijing,2008,Cycling,Cycling Track,"OLABERRIA, Leire",ESP,Women,points race,W,Bronze
Beijing,2008,Cycling,Cycling Track,"VOS, Marianne",NED,Women,points race,W,Gold
Beijing,2008,Cycling,Cycling Track,"GONZALEZ, Yoanka",CUB,Women,points race,W,Silver
Beijing,2008,Cycling,Cycling Track,"GUO, Shuang",CHN,Women,sprint,W,Bronze
Beijing,2008,Cycling,Cycling Track,"PENDLETON, Victoria",GBR,Women,sprint,W,Gold
Beijing,2008,Cycling,Cycling Track,"MEARES, Anna",AUS,Women,sprint,W,Silver
Beijing,2008,Cycling,Cycling Track,"BOURGAIN, Mickael",FRA,Men,Sprint indivual,M,Bronze
Beijing,2008,Cycling,Cycling Track,"HOY, Chris",GBR,Men,Sprint indivual,M,Gold
Beijing,2008,Cycling,Cycling Track,"KENNY, Jason",GBR,Men,Sprint indivual,M,Silver
Beijing,2008,Cycling,Cycling Track,"BEWLEY, Sam",NZL,Men,Team Pursuit (4000m),M,Bronze
Beijing,2008,Cycling,Cycling Track,"ROULSTON, Hayden",NZL,Men,Team Pursuit (4000m),M,Bronze
Beijing,2008,Cycling,Cycling Track,"RYAN, Marc",NZL,Men,Team Pursuit (4000m),M,Bronze
Beijing,2008,Cycling,Cycling Track,"SERGENT, Jesse",NZL,Men,Team Pursuit (4000m),M,Bronze
Beijing,2008,Cycling,Cycling Track,"CLANCY, Ed",GBR,Men,Team Pursuit (4000m),M,Gold
Beijing,2008,Cycling,Cycling Track,"MANNING, Paul",GBR,Men,Team Pursuit (4000m),M,Gold
Beijing,2008,Cycling,Cycling Track,"THOMAS, Geraint",GBR,Men,Team Pursuit (4000m),M,Gold
Beijing,2008,Cycling,Cycling Track,"WIGGINS, Bradley",GBR,Men,Team Pursuit (4000m),M,Gold
Beijing,2008,Cycling,Cycling Track,"JOERGENSEN, Casper",DEN,Men,Team Pursuit (4000m),M,Silver
Beijing,2008,Cycling,Cycling Track,"MADSEN, Jens-Erik",DEN,Men,Team Pursuit (4000m),M,Silver
Beijing,2008,Cycling,Cycling Track,"MOERKOEV, Michael",DEN,Men,Team Pursuit (4000m),M,Silver
Beijing,2008,Cycling,Cycling Track,"RASMUSSEN, Alex Nicki",DEN,Men,Team Pursuit (4000m),M,Silver
Beijing,2008,Cycling,Cycling Track,"ENDERS, Rene",GER,Men,Team Sprint,M,Bronze
Beijing,2008,Cycling,Cycling Track,"LEVY, Maximilian",GER,Men,Team Sprint,M,Bronze
Beijing,2008,Cycling,Cycling Track,"NIMKE, Stefan",GER,Men,Team Sprint,M,Bronze
Beijing,2008,Cycling,Cycling Track,"HOY, Chris",GBR,Men,Team Sprint,M,Gold
Beijing,2008,Cycling,Cycling Track,"KENNY, Jason",GBR,Men,Team Sprint,M,Gold
Beijing,2008,Cycling,Cycling Track,"STAFF, Jamie",GBR,Men,Team Sprint,M,Gold
Beijing,2008,Cycling,Cycling Track,"BAUGE, Gregory",FRA,Men,Team Sprint,M,Silver
Beijing,2008,Cycling,Cycling Track,"SIREAU, Kevin",FRA,Men,Team Sprint,M,Silver
Beijing,2008,Cycling,Cycling Track,"TOURNANT, Arnaud",FRA,Men,Team Sprint,M,Silver
Beijing,2008,Cycling,Mountain Bike,"SCHURTER, Nino",SUI,Men,cross-country,M,Bronze
Beijing,2008,Cycling,Mountain Bike,"ABSALON, Julien",FRA,Men,cross-country,M,Gold
Beijing,2008,Cycling,Mountain Bike,"PERAUD, Jean-Christophe",FRA,Men,cross-country,M,Silver
Beijing,2008,Cycling,Mountain Bike,"KALENTYEVA, Irina",RUS,Women,cross-country,W,Bronze
Beijing,2008,Cycling,Mountain Bike,"SPITZ, Sabine",GER,Women,cross-country,W,Gold
Beijing,2008,Cycling,Mountain Bike,"WLOSZCZOWSKA, Maja",POL,Women,cross-country,W,Silver
Beijing,2008,Equestrian,Dressage,"KEMMER, Heike",GER,Women,individual,X,Bronze
Beijing,2008,Equestrian,Dressage,"VAN GRUNSVEN, Anky",NED,Women,individual,X,Gold
Beijing,2008,Equestrian,Dressage,"WERTH, Isabell",GER,Women,individual,X,Silver
Beijing,2008,Equestrian,Dressage,"HELGSTRAND, Andreas",DEN,Men,team,X,Bronze
Beijing,2008,Equestrian,Dressage,"MINDERHOUD, Hans Peter",NED,Men,team,X,Silver
Beijing,2008,Equestrian,Dressage,"VAN OLST, Anne",DEN,Women,team,X,Bronze
Beijing,2008,Equestrian,Dressage,"ZU-SAYN WITTGENSTEIN, Nathalie",DEN,Women,team,X,Bronze
Beijing,2008,Equestrian,Dressage,"CAPELLMANN, Nadine",GER,Women,team,X,Gold
Beijing,2008,Equestrian,Dressage,"KEMMER, Heike",GER,Women,team,X,Gold
Beijing,2008,Equestrian,Dressage,"WERTH, Isabell",GER,Women,team,X,Gold
Beijing,2008,Equestrian,Dressage,"SCHELLEKENS-BARTELS, Imke",NED,Women,team,X,Silver
Beijing,2008,Equestrian,Dressage,"VAN GRUNSVEN, Anky",NED,Women,team,X,Silver
Beijing,2008,Equestrian,Eventing,"ROMEIKE, Hinrich",GER,Men,individual,X,Gold
Beijing,2008,Equestrian,Eventing,"COOK, Kristina",GBR,Women,individual,X,Bronze
Beijing,2008,Equestrian,Eventing,"MILES, Gina",USA,Women,individual,X,Silver
Beijing,2008,Equestrian,Eventing,"FOX-PITT, William",GBR,Men,team,X,Bronze
Beijing,2008,Equestrian,Eventing,"DIBOWSKI, Andreas",GER,Men,team,X,Gold
Beijing,2008,Equestrian,Eventing,"OSTHOLT, Frank",GER,Men,team,X,Gold
Beijing,2008,Equestrian,Eventing,"ROMEIKE, Hinrich",GER,Men,team,X,Gold
Beijing,2008,Equestrian,Eventing,"THOMSEN, Peter",GER,Men,team,X,Gold
Beijing,2008,Equestrian,Eventing,"FREDERICKS, Clayton",AUS,Men,team,X,Silver
Beijing,2008,Equestrian,Eventing,"ROSE, Shane",AUS,Men,team,X,Silver
Beijing,2008,Equestrian,Eventing,"COOK, Kristina",GBR,Women,team,X,Bronze
Beijing,2008,Equestrian,Eventing,"DICK, Daisy",GBR,Women,team,X,Bronze
Beijing,2008,Equestrian,Eventing,"HUNT, Sharon",GBR,Women,team,X,Bronze
Beijing,2008,Equestrian,Eventing,"KING, Mary",GBR,Women,team,X,Bronze
Beijing,2008,Equestrian,Eventing,"KLIMKE, Ingrid",GER,Women,team,X,Gold
Beijing,2008,Equestrian,Eventing,"FREDERICKS, Lucinda",AUS,Women,team,X,Silver
Beijing,2008,Equestrian,Eventing,"JOHNSON, Sonja",AUS,Women,team,X,Silver
Beijing,2008,Equestrian,Eventing,"JONES, Megan",AUS,Women,team,X,Silver
Beijing,2008,Equestrian,Jumping,"LAMAZE, Eric",CAN,Men,individual,X,Gold
Beijing,2008,Equestrian,Jumping,"BENGTSSON, Rolf-Goran",SWE,Men,individual,X,Silver
Beijing,2008,Equestrian,Jumping,"MADDEN, Beezie",USA,Women,individual,X,Bronze
Beijing,2008,Equestrian,Jumping,"GUERDAT, Steve",SUI,Men,team,X,Bronze
Beijing,2008,Equestrian,Jumping,"SCHURTENBERGER, Niklaus",SUI,Men,team,X,Bronze
Beijing,2008,Equestrian,Jumping,"SCHWIZER, Pius",SUI,Men,team,X,Bronze
Beijing,2008,Equestrian,Jumping,"SIMPSON, Will",USA,Men,team,X,Gold
Beijing,2008,Equestrian,Jumping,"WARD, Mclain",USA,Men,team,X,Gold
Beijing,2008,Equestrian,Jumping,"CONE, Mac",CAN,Men,team,X,Silver
Beijing,2008,Equestrian,Jumping,"LAMAZE, Eric",CAN,Men,team,X,Silver
Beijing,2008,Equestrian,Jumping,"MILLAR, Ian",CAN,Men,team,X,Silver
Beijing,2008,Equestrian,Jumping,"LIEBHERR, Christina",SUI,Women,team,X,Bronze
Beijing,2008,Equestrian,Jumping,"KRAUT, Laura",USA,Women,team,X,Gold
Beijing,2008,Equestrian,Jumping,"MADDEN, Beezie",USA,Women,team,X,Gold
Beijing,2008,Equestrian,Jumping,"HENSELWOOD, Jill",CAN,Women,team,X,Silver
Beijing,2008,Fencing,Fencing,"ABAJO, Jose Luis",ESP,Men,épée individual,M,Bronze
Beijing,2008,Fencing,Fencing,"TAGLIARIOL, Matteo",ITA,Men,épée individual,M,Gold
Beijing,2008,Fencing,Fencing,"JEANNET, Fabrice",FRA,Men,épée individual,M,Silver
Beijing,2008,Fencing,Fencing,"MINCZA-NEBALD, Ildiko",HUN,Women,épée individual,W,Bronze
Beijing,2008,Fencing,Fencing,"HEIDEMANN, Britta",GER,Women,épée individual,W,Gold
Beijing,2008,Fencing,Fencing,"BRANZA, Ana Maria",ROU,Women,épée individual,W,Silver
Beijing,2008,Fencing,Fencing,"CAROZZO, Stefano",ITA,Men,épée team,M,Bronze
Beijing,2008,Fencing,Fencing,"CONFALONIERI, Diego",ITA,Men,épée team,M,Bronze
Beijing,2008,Fencing,Fencing,"ROTA, Alfredo",ITA,Men,épée team,M,Bronze
Beijing,2008,Fencing,Fencing,"TAGLIARIOL, Matteo",ITA,Men,épée team,M,Bronze
Beijing,2008,Fencing,Fencing,"JEANNET, Fabrice",FRA,Men,épée team,M,Gold
Beijing,2008,Fencing,Fencing,"JEANNET, Jerome",FRA,Men,épée team,M,Gold
Beijing,2008,Fencing,Fencing,"ROBEIRI, Ulrich",FRA,Men,épée team,M,Gold
Beijing,2008,Fencing,Fencing,"ANDRZEJUK, Robert",POL,Men,épée team,M,Silver
Beijing,2008,Fencing,Fencing,"MOTYKA, Tomasz",POL,Men,épée team,M,Silver
Beijing,2008,Fencing,Fencing,"WIERCIOCH, Adam",POL,Men,épée team,M,Silver
Beijing,2008,Fencing,Fencing,"ZAWROTNIAK, Radoslaw",POL,Men,épée team,M,Silver
Beijing,2008,Fencing,Fencing,"SANZO, Salvatore",ITA,Men,foil individual,M,Bronze
Beijing,2008,Fencing,Fencing,"KLEIBRINK, Benjamin",GER,Men,foil individual,M,Gold
Beijing,2008,Fencing,Fencing,"OTA, Yuki",JPN,Men,foil individual,M,Silver
Beijing,2008,Fencing,Fencing,"GRANBASSI, Margherita",ITA,Women,foil individual,W,Bronze
Beijing,2008,Fencing,Fencing,"VEZZALI, Valentina",ITA,Women,foil individual,W,Gold
Beijing,2008,Fencing,Fencing,"NAM, Hyunhee",KOR,Women,foil individual,W,Silver
Beijing,2008,Fencing,Fencing,"GRANBASSI, Margherita",ITA,Women,foil team,W,Bronze
Beijing,2008,Fencing,Fencing,"SALVATORI, Ilaria",ITA,Women,foil team,W,Bronze
Beijing,2008,Fencing,Fencing,"TRILLINI, Giovanna",ITA,Women,foil team,W,Bronze
Beijing,2008,Fencing,Fencing,"VEZZALI, Valentina",ITA,Women,foil team,W,Bronze
Beijing,2008,Fencing,Fencing,"BOYKO, Svetlana",RUS,Women,foil team,W,Gold
Beijing,2008,Fencing,Fencing,"CHANAEVA, Aida",RUS,Women,foil team,W,Gold
Beijing,2008,Fencing,Fencing,"LAMONOVA, Evgenia",RUS,Women,foil team,W,Gold
Beijing,2008,Fencing,Fencing,"NIKICHINA, Victoria",RUS,Women,foil team,W,Gold
Beijing,2008,Fencing,Fencing,"CROSS, Emily",USA,Women,foil team,W,Silver
Beijing,2008,Fencing,Fencing,"SMART, Erinn",USA,Women,foil team,W,Silver
Beijing,2008,Fencing,Fencing,"THOMPSON, Hanna",USA,Women,foil team,W,Silver
Beijing,2008,Fencing,Fencing,"COVALIU, Mihai",ROU,Men,sabre individual,M,Bronze
Beijing,2008,Fencing,Fencing,"ZHONG, Man",CHN,Men,sabre individual,M,Gold
Beijing,2008,Fencing,Fencing,"LOPEZ, Nicolas",FRA,Men,sabre individual,M,Silver
Beijing,2008,Fencing,Fencing,"WARD, Becca",USA,Women,sabre individual,W,Bronze
Beijing,2008,Fencing,Fencing,"ZAGUNIS, Mariel",USA,Women,sabre individual,W,Gold
Beijing,2008,Fencing,Fencing,"JACOBSON, Sada",USA,Women,sabre individual,W,Silver
Beijing,2008,Fencing,Fencing,"MONTANO, Aldo",ITA,Men,sabre team,M,Bronze
Beijing,2008,Fencing,Fencing,"OCCHIUZZI, Diego",ITA,Men,sabre team,M,Bronze
Beijing,2008,Fencing,Fencing,"PASTORE, Giampiero",ITA,Men,sabre team,M,Bronze
Beijing,2008,Fencing,Fencing,"TARANTINO, Luigi",ITA,Men,sabre team,M,Bronze
Beijing,2008,Fencing,Fencing,"LOPEZ, Nicolas",FRA,Men,sabre team,M,Gold
Beijing,2008,Fencing,Fencing,"PILLET, Julien",FRA,Men,sabre team,M,Gold
Beijing,2008,Fencing,Fencing,"SANSON, Boris",FRA,Men,sabre team,M,Gold
Beijing,2008,Fencing,Fencing,"MOREHOUSE, Tim",USA,Men,sabre team,M,Silver
Beijing,2008,Fencing,Fencing,"ROGERS, Jason",USA,Men,sabre team,M,Silver
Beijing,2008,Fencing,Fencing,"SMART, Keeth",USA,Men,sabre team,M,Silver
Beijing,2008,Fencing,Fencing,"WILLIAMS, James",USA,Men,sabre team,M,Silver
Beijing,2008,Fencing,Fencing,"JACOBSON, Sada",USA,Women,sabre team,W,Bronze
Beijing,2008,Fencing,Fencing,"WARD, Becca",USA,Women,sabre team,W,Bronze
Beijing,2008,Fencing,Fencing,"ZAGUNIS, Mariel",USA,Women,sabre team,W,Bronze
Beijing,2008,Fencing,Fencing,"KHARLAN, Olga",UKR,Women,sabre team,W,Gold
Beijing,2008,Fencing,Fencing,"KHOMROVA, Olena",UKR,Women,sabre team,W,Gold
Beijing,2008,Fencing,Fencing,"PUNDYK, Halyna",UKR,Women,sabre team,W,Gold
Beijing,2008,Fencing,Fencing,"ZHOVNIR, Olha",UKR,Women,sabre team,W,Gold
Beijing,2008,Fencing,Fencing,"BAO, Yingying",CHN,Women,sabre team,W,Silver
Beijing,2008,Fencing,Fencing,"HUANG, Haiyang",CHN,Women,sabre team,W,Silver
Beijing,2008,Fencing,Fencing,"NI, Hong",CHN,Women,sabre team,W,Silver
Beijing,2008,Fencing,Fencing,"TAN, Xue",CHN,Women,sabre team,W,Silver
Beijing,2008,Football,Football,ALEX SILVA,BRA,Men,football,M,Bronze
Beijing,2008,Football,Football,ALEXANDRE PATO,BRA,Men,football,M,Bronze
Beijing,2008,Football,Football,ANDERSON,BRA,Men,football,M,Bronze
Beijing,2008,Football,Football,BRENO,BRA,Men,football,M,Bronze
Beijing,2008,Football,Football,DIEGO,BRA,Men,football,M,Bronze
Beijing,2008,Football,Football,DIEGO ALVES,BRA,Men,football,M,Bronze
Beijing,2008,Football,Football,HERNANES,BRA,Men,football,M,Bronze
Beijing,2008,Football,Football,ILSINHO,BRA,Men,football,M,Bronze
Beijing,2008,Football,Football,JO,BRA,Men,football,M,Bronze
Beijing,2008,Football,Football,LUCAS,BRA,Men,football,M,Bronze
Beijing,2008,Football,Football,MARCELO,BRA,Men,football,M,Bronze
Beijing,2008,Football,Football,RAFAEL SOBIS,BRA,Men,football,M,Bronze
Beijing,2008,Football,Football,RAFINHA,BRA,Men,football,M,Bronze
Beijing,2008,Football,Football,RAMIRES,BRA,Men,football,M,Bronze
Beijing,2008,Football,Football,RENAN,BRA,Men,football,M,Bronze
Beijing,2008,Football,Football,RONALDINHO,BRA,Men,football,M,Bronze
Beijing,2008,Football,Football,THIAGO NEVES,BRA,Men,football,M,Bronze
Beijing,2008,Football,Football,THIAGO SILVA,BRA,Men,football,M,Bronze
Beijing,2008,Football,Football,"ACOSTA, Lautaro",ARG,Men,football,M,Gold
Beijing,2008,Football,Football,"AGUERO, Sergio",ARG,Men,football,M,Gold
Beijing,2008,Football,Football,"BANEGA, Ever",ARG,Men,football,M,Gold
Beijing,2008,Football,Football,"BUONANOTTE , Diego",ARG,Men,football,M,Gold
Beijing,2008,Football,Football,"DI MARIA, Angel",ARG,Men,football,M,Gold
Beijing,2008,Football,Football,"FAZIO, Federico",ARG,Men,football,M,Gold
Beijing,2008,Football,Football,"GAGO, Fernando",ARG,Men,football,M,Gold
Beijing,2008,Football,Football,"GARAY, Ezequiel",ARG,Men,football,M,Gold
Beijing,2008,Football,Football,"LAVEZZI, Ezequiel",ARG,Men,football,M,Gold
Beijing,2008,Football,Football,"MASCHERANO, Javier",ARG,Men,football,M,Gold
Beijing,2008,Football,Football,"MESSI, Lionel",ARG,Men,football,M,Gold
Beijing,2008,Football,Football,"MONZON, Luciano",ARG,Men,football,M,Gold
Beijing,2008,Football,Football,"NAVARRO, Nicolas",ARG,Men,football,M,Gold
Beijing,2008,Football,Football,"PAREJA, Nicolas",ARG,Men,football,M,Gold
Beijing,2008,Football,Football,"RIQUELME, Juan",ARG,Men,football,M,Gold
Beijing,2008,Football,Football,"ROMERO, Sergio",ARG,Men,football,M,Gold
Beijing,2008,Football,Football,"SOSA, Jose",ARG,Men,football,M,Gold
Beijing,2008,Football,Football,"ZABALETA, Pablo",ARG,Men,football,M,Gold
Beijing,2008,Football,Football,"ADEFEMI, Olubayo",NGR,Men,football,M,Silver
Beijing,2008,Football,Football,"ADELEYE, Dele",NGR,Men,football,M,Silver
Beijing,2008,Football,Football,"AJILORE, Ebenezer",NGR,Men,football,M,Silver
Beijing,2008,Football,Football,"AMBROSE, Efe",NGR,Men,football,M,Silver
Beijing,2008,Football,Football,"ANICHEBE, Victor",NGR,Men,football,M,Silver
Beijing,2008,Football,Football,"APAM, Onyekachi",NGR,Men,football,M,Silver
Beijing,2008,Football,Football,"EKPO, Emmanuel",NGR,Men,football,M,Silver
Beijing,2008,Football,Football,"EZENWA, Ikechukwu",NGR,Men,football,M,Silver
Beijing,2008,Football,Football,"ISAAC, Promise",NGR,Men,football,M,Silver
Beijing,2008,Football,Football,"JAMES, Monday",NGR,Men,football,M,Silver
Beijing,2008,Football,Football,"KAITA, Sani",NGR,Men,football,M,Silver
Beijing,2008,Football,Football,"OBINNA, Victor",NGR,Men,football,M,Silver
Beijing,2008,Football,Football,"ODEMWINGIE, Peter",NGR,Men,football,M,Silver
Beijing,2008,Football,Football,"OGBUKE OBASI, Chinedu",NGR,Men,football,M,Silver
Beijing,2008,Football,Football,"OKONKWO, Chibuzor",NGR,Men,football,M,Silver
Beijing,2008,Football,Football,"OKORONKWO, Solomon",NGR,Men,football,M,Silver
Beijing,2008,Football,Football,"OLUFEMI, Oladapo",NGR,Men,football,M,Silver
Beijing,2008,Football,Football,"VANZEKIN, Ambruse",NGR,Men,football,M,Silver
Beijing,2008,Football,Football,"ANGERER, Nadine",GER,Women,football,W,Bronze
Beijing,2008,Football,Football,"BAJRAMAJ, Fatmire",GER,Women,football,W,Bronze
Beijing,2008,Football,Football,"BARTUSIAK, Saskia",GER,Women,football,W,Bronze
Beijing,2008,Football,Football,"BEHRINGER, Melanie",GER,Women,football,W,Bronze
Beijing,2008,Football,Football,"BRESONIK, Linda",GER,Women,football,W,Bronze
Beijing,2008,Football,Football,"GAREFREKES, Kerstin",GER,Women,football,W,Bronze
Beijing,2008,Football,Football,"HINGST, Ariane",GER,Women,football,W,Bronze
Beijing,2008,Football,Football,"HOLL, Ursula",GER,Women,football,W,Bronze
Beijing,2008,Football,Football,"KRAHN, Annike",GER,Women,football,W,Bronze
Beijing,2008,Football,Football,"LAUDEHR, Simone",GER,Women,football,W,Bronze
Beijing,2008,Football,Football,"LINGOR, Renate",GER,Women,football,W,Bronze
Beijing,2008,Football,Football,"MITTAG, Anja",GER,Women,football,W,Bronze
Beijing,2008,Football,Football,"OKOYINO DA MBABI, Celia",GER,Women,football,W,Bronze
Beijing,2008,Football,Football,"PETER, Babett",GER,Women,football,W,Bronze
Beijing,2008,Football,Football,"POHLERS, Conny",GER,Women,football,W,Bronze
Beijing,2008,Football,Football,"PRINZ, Birgit",GER,Women,football,W,Bronze
Beijing,2008,Football,Football,"SMISEK, Sandra",GER,Women,football,W,Bronze
Beijing,2008,Football,Football,"STEGEMANN, Kerstin",GER,Women,football,W,Bronze
Beijing,2008,Football,Football,"BARNHART, Nicole",USA,Women,football,W,Gold
Beijing,2008,Football,Football,"BOXX, Shannon",USA,Women,football,W,Gold
Beijing,2008,Football,Football,"BUEHLER, Rachel",USA,Women,football,W,Gold
Beijing,2008,Football,Football,"CHALUPNY, Lori",USA,Women,football,W,Gold
Beijing,2008,Football,Football,"CHENEY, Lauren",USA,Women,football,W,Gold
Beijing,2008,Football,Football,"COX, Stephanie",USA,Women,football,W,Gold
Beijing,2008,Football,Football,"HEATH, Tobin",USA,Women,football,W,Gold
Beijing,2008,Football,Football,"HUCLES, Angela",USA,Women,football,W,Gold
Beijing,2008,Football,Football,"KAI, Natasha",USA,Women,football,W,Gold
Beijing,2008,Football,Football,"LLOYD, Carli",USA,Women,football,W,Gold
Beijing,2008,Football,Football,"MARKGRAF, Kate",USA,Women,football,W,Gold
Beijing,2008,Football,Football,"MITTS, Heather",USA,Women,football,W,Gold
Beijing,2008,Football,Football,"O REILLY, Heather",USA,Women,football,W,Gold
Beijing,2008,Football,Football,"RAMPONE, Christie",USA,Women,football,W,Gold
Beijing,2008,Football,Football,"RODRIGUEZ, Amy",USA,Women,football,W,Gold
Beijing,2008,Football,Football,"SOLO, Hope",USA,Women,football,W,Gold
Beijing,2008,Football,Football,"TARPLEY, Lindsay",USA,Women,football,W,Gold
Beijing,2008,Football,Football,"WAGNER, Aly",USA,Women,football,W,Gold
Beijing,2008,Football,Football,ANDREIA,BRA,Women,football,W,Silver
Beijing,2008,Football,Football,ANDREIA ROSA,BRA,Women,football,W,Silver
Beijing,2008,Football,Football,BARBARA,BRA,Women,football,W,Silver
Beijing,2008,Football,Football,CRISTIANE,BRA,Women,football,W,Silver
Beijing,2008,Football,Football,DANIELA,BRA,Women,football,W,Silver
Beijing,2008,Football,Football,ERIKA,BRA,Women,football,W,Silver
Beijing,2008,Football,Football,ESTER,BRA,Women,football,W,Silver
Beijing,2008,Football,Football,FABIANA,BRA,Women,football,W,Silver
Beijing,2008,Football,Football,FORMIGA,BRA,Women,football,W,Silver
Beijing,2008,Football,Football,FRANCIELLE,BRA,Women,football,W,Silver
Beijing,2008,Football,Football,MARTA,BRA,Women,football,W,Silver
Beijing,2008,Football,Football,MAURINE,BRA,Women,football,W,Silver
Beijing,2008,Football,Football,MAYCON,BRA,Women,football,W,Silver
Beijing,2008,Football,Football,PRETINHA,BRA,Women,football,W,Silver
Beijing,2008,Football,Football,RENATA COSTA,BRA,Women,football,W,Silver
Beijing,2008,Football,Football,ROSANA,BRA,Women,football,W,Silver
Beijing,2008,Football,Football,SIMONE,BRA,Women,football,W,Silver
Beijing,2008,Football,Football,TANIA,BRA,Women,football,W,Silver
Beijing,2008,Gymnastics,Artistic G.,"CHENG, Fei",CHN,Women,balance beam,W,Bronze
Beijing,2008,Gymnastics,Artistic G.,"JOHNSON, Shawn",USA,Women,balance beam,W,Gold
Beijing,2008,Gymnastics,Artistic G.,"LIUKIN, Nastia",USA,Women,balance beam,W,Silver
Beijing,2008,Gymnastics,Artistic G.,"GOLOTSUTSKOV, Anton",RUS,Men,floor exercises,M,Bronze
Beijing,2008,Gymnastics,Artistic G.,"ZOU, Kai",CHN,Men,floor exercises,M,Gold
Beijing,2008,Gymnastics,Artistic G.,"DEFERR, Gervasio",ESP,Men,floor exercises,M,Silver
Beijing,2008,Gymnastics,Artistic G.,"LIUKIN, Nastia",USA,Women,floor exercises,W,Bronze
Beijing,2008,Gymnastics,Artistic G.,"IZBASA, Sandra",ROU,Women,floor exercises,W,Gold
Beijing,2008,Gymnastics,Artistic G.,"JOHNSON, Shawn",USA,Women,floor exercises,W,Silver
Beijing,2008,Gymnastics,Artistic G.,"HAMBUECHEN, Fabian",GER,Men,horizontal bar,M,Bronze
Beijing,2008,Gymnastics,Artistic G.,"ZOU, Kai",CHN,Men,horizontal bar,M,Gold
Beijing,2008,Gymnastics,Artistic G.,"HORTON, Jonathan",USA,Men,horizontal bar,M,Silver
Beijing,2008,Gymnastics,Artistic G.,"CARANOBE, Benoit",FRA,Men,individual all-round,M,Bronze
Beijing,2008,Gymnastics,Artistic G.,"YANG, Wei",CHN,Men,individual all-round,M,Gold
Beijing,2008,Gymnastics,Artistic G.,"UCHIMURA, Kohei",JPN,Men,individual all-round,M,Silver
Beijing,2008,Gymnastics,Artistic G.,"YANG, Yilin",CHN,Women,individual all-round,W,Bronze
Beijing,2008,Gymnastics,Artistic G.,"LIUKIN, Nastia",USA,Women,individual all-round,W,Gold
Beijing,2008,Gymnastics,Artistic G.,"JOHNSON, Shawn",USA,Women,individual all-round,W,Silver
Beijing,2008,Gymnastics,Artistic G.,"FOKIN, Anton",UZB,Men,parallel bars,M,Bronze
Beijing,2008,Gymnastics,Artistic G.,"LI, Xiaopeng",CHN,Men,parallel bars,M,Gold
Beijing,2008,Gymnastics,Artistic G.,"YOO, Wonchul",KOR,Men,parallel bars,M,Silver
Beijing,2008,Gymnastics,Artistic G.,"SMITH, Louis",GBR,Men,pommel horse,M,Bronze
Beijing,2008,Gymnastics,Artistic G.,"XIAO, Qin",CHN,Men,pommel horse,M,Gold
Beijing,2008,Gymnastics,Artistic G.,"UDE, Filip",CRO,Men,pommel horse,M,Silver
Beijing,2008,Gymnastics,Artistic G.,"VOROBIOV, Oleksandr",UKR,Men,rings,M,Bronze
Beijing,2008,Gymnastics,Artistic G.,"CHEN, Yibing",CHN,Men,rings,M,Gold
Beijing,2008,Gymnastics,Artistic G.,"YANG, Wei",CHN,Men,rings,M,Silver
Beijing,2008,Gymnastics,Artistic G.,"ARTEMEV, Alexander",USA,Men,team competition,M,Bronze
Beijing,2008,Gymnastics,Artistic G.,"BHAVSAR, Raj",USA,Men,team competition,M,Bronze
Beijing,2008,Gymnastics,Artistic G.,"HAGERTY, Joey",USA,Men,team competition,M,Bronze
Beijing,2008,Gymnastics,Artistic G.,"HORTON, Jonathan",USA,Men,team competition,M,Bronze
Beijing,2008,Gymnastics,Artistic G.,"SPRING, Justin",USA,Men,team competition,M,Bronze
Beijing,2008,Gymnastics,Artistic G.,"TAN, Kai Wen",USA,Men,team competition,M,Bronze
Beijing,2008,Gymnastics,Artistic G.,"CHEN, Yibing",CHN,Men,team competition,M,Gold
Beijing,2008,Gymnastics,Artistic G.,"HUANG, Xu",CHN,Men,team competition,M,Gold
Beijing,2008,Gymnastics,Artistic G.,"LI, Xiaopeng",CHN,Men,team competition,M,Gold
Beijing,2008,Gymnastics,Artistic G.,"XIAO, Qin",CHN,Men,team competition,M,Gold
Beijing,2008,Gymnastics,Artistic G.,"YANG, Wei",CHN,Men,team competition,M,Gold
Beijing,2008,Gymnastics,Artistic G.,"ZOU, Kai",CHN,Men,team competition,M,Gold
Beijing,2008,Gymnastics,Artistic G.,"KASHIMA, Takehiro",JPN,Men,team competition,M,Silver
Beijing,2008,Gymnastics,Artistic G.,"NAKASE, Takuya",JPN,Men,team competition,M,Silver
Beijing,2008,Gymnastics,Artistic G.,"OKIGUCHI, Makoto",JPN,Men,team competition,M,Silver
Beijing,2008,Gymnastics,Artistic G.,"SAKAMOTO, Koki",JPN,Men,team competition,M,Silver
Beijing,2008,Gymnastics,Artistic G.,"TOMITA, Hiroyuki",JPN,Men,team competition,M,Silver
Beijing,2008,Gymnastics,Artistic G.,"UCHIMURA, Kohei",JPN,Men,team competition,M,Silver
Beijing,2008,Gymnastics,Artistic G.,"ACATRINEI, Andreea",ROU,Women,team competition,W,Bronze
Beijing,2008,Gymnastics,Artistic G.,"DRAGOI, Gabriela",ROU,Women,team competition,W,Bronze
Beijing,2008,Gymnastics,Artistic G.,"GRIGORE, Andreea",ROU,Women,team competition,W,Bronze
Beijing,2008,Gymnastics,Artistic G.,"IZBASA, Sandra",ROU,Women,team competition,W,Bronze
Beijing,2008,Gymnastics,Artistic G.,"NISTOR, Steliana",ROU,Women,team competition,W,Bronze
Beijing,2008,Gymnastics,Artistic G.,"TAMIRJAN, Anamaria",ROU,Women,team competition,W,Bronze
Beijing,2008,Gymnastics,Artistic G.,"CHENG, Fei",CHN,Women,team competition,W,Gold
Beijing,2008,Gymnastics,Artistic G.,"DENG, Linlin",CHN,Women,team competition,W,Gold
Beijing,2008,Gymnastics,Artistic G.,"HE, Kexin",CHN,Women,team competition,W,Gold
Beijing,2008,Gymnastics,Artistic G.,"JIANG, Yuyuan",CHN,Women,team competition,W,Gold
Beijing,2008,Gymnastics,Artistic G.,"LI, Shanshan",CHN,Women,team competition,W,Gold
Beijing,2008,Gymnastics,Artistic G.,"YANG, Yilin",CHN,Women,team competition,W,Gold
Beijing,2008,Gymnastics,Artistic G.,"JOHNSON, Shawn",USA,Women,team competition,W,Silver
Beijing,2008,Gymnastics,Artistic G.,"LIUKIN, Nastia",USA,Women,team competition,W,Silver
Beijing,2008,Gymnastics,Artistic G.,"MEMMEL, Chellsie",USA,Women,team competition,W,Silver
Beijing,2008,Gymnastics,Artistic G.,"PESZEK, Samantha",USA,Women,team competition,W,Silver
Beijing,2008,Gymnastics,Artistic G.,"SACRAMONE, Alicia",USA,Women,team competition,W,Silver
Beijing,2008,Gymnastics,Artistic G.,"SLOAN, Bridget",USA,Women,team competition,W,Silver
Beijing,2008,Gymnastics,Artistic G.,"YANG, Yilin",CHN,Women,uneven bars,W,Bronze
Beijing,2008,Gymnastics,Artistic G.,"HE, Kexin",CHN,Women,uneven bars,W,Gold
Beijing,2008,Gymnastics,Artistic G.,"LIUKIN, Nastia",USA,Women,uneven bars,W,Silver
Beijing,2008,Gymnastics,Artistic G.,"GOLOTSUTSKOV, Anton",RUS,Men,vault,M,Bronze
Beijing,2008,Gymnastics,Artistic G.,"BLANIK, Leszek",POL,Men,vault,M,Gold
Beijing,2008,Gymnastics,Artistic G.,"BOUHAIL, Thomas",FRA,Men,vault,M,Silver
Beijing,2008,Gymnastics,Artistic G.,"CHENG, Fei",CHN,Women,vault,W,Bronze
Beijing,2008,Gymnastics,Artistic G.,"HONG, Un Jong",PRK,Women,vault,W,Gold
Beijing,2008,Gymnastics,Artistic G.,"CHUSOVITINA, Oxana.",GER,Women,vault,W,Silver
Beijing,2008,Gymnastics,Rhythmic G.,"BABUSHKINA, Olesya",BLR,Women,group competition,W,Bronze
Beijing,2008,Gymnastics,Rhythmic G.,"IVANKOVA, Anastasia",BLR,Women,group competition,W,Bronze
Beijing,2008,Gymnastics,Rhythmic G.,"LUNINA, Zinaida",BLR,Women,group competition,W,Bronze
Beijing,2008,Gymnastics,Rhythmic G.,"MARTINOVICH, Glafira",BLR,Women,group competition,W,Bronze
Beijing,2008,Gymnastics,Rhythmic G.,"SANKOVICH, Ksenia",BLR,Women,group competition,W,Bronze
Beijing,2008,Gymnastics,Rhythmic G.,"TUMILOVICH, Alina",BLR,Women,group competition,W,Bronze
Beijing,2008,Gymnastics,Rhythmic G.,"ALIYCHUK, Margarita",RUS,Women,group competition,W,Gold
Beijing,2008,Gymnastics,Rhythmic G.,"GAVRILENKO, Anna",RUS,Women,group competition,W,Gold
Beijing,2008,Gymnastics,Rhythmic G.,"GORBUNOVA, Tatiana",RUS,Women,group competition,W,Gold
Beijing,2008,Gymnastics,Rhythmic G.,"POSEVINA, Elena",RUS,Women,group competition,W,Gold
Beijing,2008,Gymnastics,Rhythmic G.,"SHKURIKHINA, Daria",RUS,Women,group competition,W,Gold
Beijing,2008,Gymnastics,Rhythmic G.,"ZUEVA, Natalia",RUS,Women,group competition,W,Gold
Beijing,2008,Gymnastics,Rhythmic G.,"CAI, Tongtong",CHN,Women,group competition,W,Silver
Beijing,2008,Gymnastics,Rhythmic G.,"CHOU, Tao",CHN,Women,group competition,W,Silver
Beijing,2008,Gymnastics,Rhythmic G.,"LU, Yuanyang",CHN,Women,group competition,W,Silver
Beijing,2008,Gymnastics,Rhythmic G.,"SUI, Jianshuang",CHN,Women,group competition,W,Silver
Beijing,2008,Gymnastics,Rhythmic G.,"SUN, Dan",CHN,Women,group competition,W,Silver
Beijing,2008,Gymnastics,Rhythmic G.,"ZHANG, Shuo",CHN,Women,group competition,W,Silver
Beijing,2008,Gymnastics,Rhythmic G.,"BESSONOVA, Anna",UKR,Women,individual all-round,W,Bronze
Beijing,2008,Gymnastics,Rhythmic G.,"KANAEVA, Evgeniya",RUS,Women,individual all-round,W,Gold
Beijing,2008,Gymnastics,Rhythmic G.,"ZHUKOVA, Inna",BLR,Women,individual all-round,W,Silver
Beijing,2008,Gymnastics,Trampoline,"DONG, Dong",CHN,Men,individual,M,Bronze
Beijing,2008,Gymnastics,Trampoline,"LU, Chunlong",CHN,Men,individual,M,Gold
Beijing,2008,Gymnastics,Trampoline,"BURNETT, Jason",CAN,Men,individual,M,Silver
Beijing,2008,Gymnastics,Trampoline,"KHILKO, Ekaterina",UZB,Women,individual,W,Bronze
Beijing,2008,Gymnastics,Trampoline,"HE, Wenna",CHN,Women,individual,W,Gold
Beijing,2008,Gymnastics,Trampoline,"COCKBURN, Karen",CAN,Women,individual,W,Silver
Beijing,2008,Handball,Handball,"BARRUFET, David",ESP,Men,handball,M,Bronze
Beijing,2008,Handball,Handball,"BELAUSTEGUI, Jon",ESP,Men,handball,M,Bronze
Beijing,2008,Handball,Handball,"DAVIS, David",ESP,Men,handball,M,Bronze
Beijing,2008,Handball,Handball,"ENTRERRIOS, Alberto",ESP,Men,handball,M,Bronze
Beijing,2008,Handball,Handball,"ENTRERRIOS, Raul",ESP,Men,handball,M,Bronze
Beijing,2008,Handball,Handball,"GARABAYA, Ruben",ESP,Men,handball,M,Bronze
Beijing,2008,Handball,Handball,"GARCIA, Juan",ESP,Men,handball,M,Bronze
Beijing,2008,Handball,Handball,"HOMBRADOS, Jose Javier",ESP,Men,handball,M,Bronze
Beijing,2008,Handball,Handball,"LOZANO, Demetrio",ESP,Men,handball,M,Bronze
Beijing,2008,Handball,Handball,"MALMAGRO, Cristian",ESP,Men,handball,M,Bronze
Beijing,2008,Handball,Handball,"PRIETO, Carlos",ESP,Men,handball,M,Bronze
Beijing,2008,Handball,Handball,"ROCAS, Albert",ESP,Men,handball,M,Bronze
Beijing,2008,Handball,Handball,"ROMERO, Iker",ESP,Men,handball,M,Bronze
Beijing,2008,Handball,Handball,"TOMAS, Victor",ESP,Men,handball,M,Bronze
Beijing,2008,Handball,Handball,"ABALO, Luc",FRA,Men,handball,M,Gold
Beijing,2008,Handball,Handball,"ABATI, Joel",FRA,Men,handball,M,Gold
Beijing,2008,Handball,Handball,"BURDET, Cedric",FRA,Men,handball,M,Gold
Beijing,2008,Handball,Handball,"DINART, Didier",FRA,Men,handball,M,Gold
Beijing,2008,Handball,Handball,"FERNANDEZ, Jerome",FRA,Men,handball,M,Gold
Beijing,2008,Handball,Handball,"GILLE, Bertrand",FRA,Men,handball,M,Gold
Beijing,2008,Handball,Handball,"GILLE, Guillaume",FRA,Men,handball,M,Gold
Beijing,2008,Handball,Handball,"GIRAULT, Olivier",FRA,Men,handball,M,Gold
Beijing,2008,Handball,Handball,"GUIGOU, Michael",FRA,Men,handball,M,Gold
Beijing,2008,Handball,Handball,"KARABATIC, Nikola",FRA,Men,handball,M,Gold
Beijing,2008,Handball,Handball,"KARABOUE, Daouda",FRA,Men,handball,M,Gold
Beijing,2008,Handball,Handball,"KEMPE, Christophe",FRA,Men,handball,M,Gold
Beijing,2008,Handball,Handball,"NARCISSE, Daniel",FRA,Men,handball,M,Gold
Beijing,2008,Handball,Handball,"OMEYER, Thierry",FRA,Men,handball,M,Gold
Beijing,2008,Handball,Handball,"PATY, Cedric",FRA,Men,handball,M,Gold
Beijing,2008,Handball,Handball,"ASGEIRSSON, Sturla",ISL,Men,handball,M,Silver
Beijing,2008,Handball,Handball,"ATLASON, Arnor",ISL,Men,handball,M,Silver
Beijing,2008,Handball,Handball,"GEIRSSON, Logi",ISL,Men,handball,M,Silver
Beijing,2008,Handball,Handball,"GUDJONSSON, Snorri Steinn",ISL,Men,handball,M,Silver
Beijing,2008,Handball,Handball,"GUDMUNDSSON, Hreidar Levy",ISL,Men,handball,M,Silver
Beijing,2008,Handball,Handball,"GUNNARSSON, Robert",ISL,Men,handball,M,Silver
Beijing,2008,Handball,Handball,"GUSTAVSSON, Bjorgvin Pall",ISL,Men,handball,M,Silver
Beijing,2008,Handball,Handball,"HALLGRIMSSON, Asgeir Orn",ISL,Men,handball,M,Silver
Beijing,2008,Handball,Handball,"INGIMUNDARSON, Ingimundur",ISL,Men,handball,M,Silver
Beijing,2008,Handball,Handball,"JAKOBSSON, Sverre Andreas",ISL,Men,handball,M,Silver
Beijing,2008,Handball,Handball,"PETERSSON, Alexander",ISL,Men,handball,M,Silver
Beijing,2008,Handball,Handball,"SIGURDSSON, Gudjon Valur",ISL,Men,handball,M,Silver
Beijing,2008,Handball,Handball,"SIGURDSSON, Sigfus",ISL,Men,handball,M,Silver
Beijing,2008,Handball,Handball,"STEFANSSON, Olafur",ISL,Men,handball,M,Silver
Beijing,2008,Handball,Handball,"AN, Junghwa",KOR,Women,handball,W,Bronze
Beijing,2008,Handball,Handball,"BAE, Minhee",KOR,Women,handball,W,Bronze
Beijing,2008,Handball,Handball,"CHOI, Imjeong",KOR,Women,handball,W,Bronze
Beijing,2008,Handball,Handball,"HONG, Jeong-Ho",KOR,Women,handball,W,Bronze
Beijing,2008,Handball,Handball,"HUH, Soonyoung",KOR,Women,handball,W,Bronze
Beijing,2008,Handball,Handball,"KIM, Chayoun",KOR,Women,handball,W,Bronze
Beijing,2008,Handball,Handball,"KIM, Namsun",KOR,Women,handball,W,Bronze
Beijing,2008,Handball,Handball,"KIM, Ona",KOR,Women,handball,W,Bronze
Beijing,2008,Handball,Handball,"LEE, Minhee",KOR,Women,handball,W,Bronze
Beijing,2008,Handball,Handball,"MOON, Pilhee",KOR,Women,handball,W,Bronze
Beijing,2008,Handball,Handball,"OH, Seongok",KOR,Women,handball,W,Bronze
Beijing,2008,Handball,Handball,"OH, Yong Ran",KOR,Women,handball,W,Bronze
Beijing,2008,Handball,Handball,"PARK, Chunghee",KOR,Women,handball,W,Bronze
Beijing,2008,Handball,Handball,"SONG, Hairim",KOR,Women,handball,W,Bronze
Beijing,2008,Handball,Handball,"AAMODT, Ragnhild",NOR,Women,handball,W,Gold
Beijing,2008,Handball,Handball,"BREIVANG, Karoline Dyhre",NOR,Women,handball,W,Gold
Beijing,2008,Handball,Handball,"FRAFJORD, Marit Malm",NOR,Women,handball,W,Gold
Beijing,2008,Handball,Handball,"GRIMSBOE, Kari Aalvik",NOR,Women,handball,W,Gold
Beijing,2008,Handball,Handball,"HAMMERSENG, Gro",NOR,Women,handball,W,Gold
Beijing,2008,Handball,Handball,"HARALDSEN, Katrine Lunde",NOR,Women,handball,W,Gold
Beijing,2008,Handball,Handball,"JOHANSEN, Kari Mette",NOR,Women,handball,W,Gold
Beijing,2008,Handball,Handball,"LARSEN, Tonje",NOR,Women,handball,W,Gold
Beijing,2008,Handball,Handball,"LUNDE, Kristine",NOR,Women,handball,W,Gold
Beijing,2008,Handball,Handball,"LYBEKK, Else Marthe Soerlie",NOR,Women,handball,W,Gold
Beijing,2008,Handball,Handball,"NOESTVOLD, Tonje",NOR,Women,handball,W,Gold
Beijing,2008,Handball,Handball,"NYBERG, Katja",NOR,Women,handball,W,Gold
Beijing,2008,Handball,Handball,"RIEGELHUTH, Linn-Kristin",NOR,Women,handball,W,Gold
Beijing,2008,Handball,Handball,"SNORROEGGEN, Goeril",NOR,Women,handball,W,Gold
Beijing,2008,Handball,Handball,"ANDRYUSHINA, Ekaterina",RUS,Women,handball,W,Silver
Beijing,2008,Handball,Handball,"BLIZNOVA, Irina",RUS,Women,handball,W,Silver
Beijing,2008,Handball,Handball,"DMITRIEVA, Elena",RUS,Women,handball,W,Silver
Beijing,2008,Handball,Handball,"KAREEVA, Anna",RUS,Women,handball,W,Silver
Beijing,2008,Handball,Handball,"MARENNIKOVA, Ekaterina",RUS,Women,handball,W,Silver
Beijing,2008,Handball,Handball,"POLENOVA, Elena",RUS,Women,handball,W,Silver
Beijing,2008,Handball,Handball,"POLTORATSKAYA, Irina",RUS,Women,handball,W,Silver
Beijing,2008,Handball,Handball,"POSTNOVA, Liudmila",RUS,Women,handball,W,Silver
Beijing,2008,Handball,Handball,"ROMENSKAYA, Oxana",RUS,Women,handball,W,Silver
Beijing,2008,Handball,Handball,"SHIPILOVA, Natalia",RUS,Women,handball,W,Silver
Beijing,2008,Handball,Handball,"SIDOROVA, Maria",RUS,Women,handball,W,Silver
Beijing,2008,Handball,Handball,"SUSLINA, Inna",RUS,Women,handball,W,Silver
Beijing,2008,Handball,Handball,"TUREY, Emiliya",RUS,Women,handball,W,Silver
Beijing,2008,Handball,Handball,"USKOVA, Yana",RUS,Women,handball,W,Silver
Beijing,2008,Hockey,Hockey,"ABBOTT, Des",AUS,Men,hockey,M,Bronze
Beijing,2008,Hockey,Hockey,"BROOKS, Travis",AUS,Men,hockey,M,Bronze
Beijing,2008,Hockey,Hockey,"BROWN, Kiel",AUS,Men,hockey,M,Bronze
Beijing,2008,Hockey,Hockey,"DE YOUNG, Liam",AUS,Men,hockey,M,Bronze
Beijing,2008,Hockey,Hockey,"DOERNER, Luke",AUS,Men,hockey,M,Bronze
Beijing,2008,Hockey,Hockey,"DWYER, Jamie",AUS,Men,hockey,M,Bronze
Beijing,2008,Hockey,Hockey,"GEORGE, Bevan",AUS,Men,hockey,M,Bronze
Beijing,2008,Hockey,Hockey,"GUEST, David",AUS,Men,hockey,M,Bronze
Beijing,2008,Hockey,Hockey,"HAMMOND, Rob",AUS,Men,hockey,M,Bronze
Beijing,2008,Hockey,Hockey,"KAVANAGH, Fergus",AUS,Men,hockey,M,Bronze
Beijing,2008,Hockey,Hockey,"KNOWLES, Mark",AUS,Men,hockey,M,Bronze
Beijing,2008,Hockey,Hockey,"LAMBERT, Stephen",AUS,Men,hockey,M,Bronze
