St Louis,1904,Gymnastics,Artistic G.,"STEFFEN, Otto",USA,Men,team competition,M,Silver
St Louis,1904,Gymnastics,Artistic G.,"WOLF, Max",USA,Men,team competition,M,Silver
St Louis,1904,Gymnastics,Artistic G.,"MERZ, William",USA,Men,vault,M,Bronze
St Louis,1904,Gymnastics,Artistic G.,"EYSER, George",USA,Men,vault,M,Gold
St Louis,1904,Gymnastics,Artistic G.,"HEIDA, Anton",USA,Men,vault,M,Gold
St Louis,1904,Lacrosse,Lacrosse,"BLANCHARD, Elie",CAN,Men,lacrosse,M,Gold
St Louis,1904,Lacrosse,Lacrosse,"BRENNAUGH, W.",CAN,Men,lacrosse,M,Gold
St Louis,1904,Lacrosse,Lacrosse,"BRETZ, George",CAN,Men,lacrosse,M,Gold
St Louis,1904,Lacrosse,Lacrosse,"BURNS, William Laurie",CAN,Men,lacrosse,M,Gold
St Louis,1904,Lacrosse,Lacrosse,"CATTANACH, George",CAN,Men,lacrosse,M,Gold
St Louis,1904,Lacrosse,Lacrosse,"CLOUTIER, George",CAN,Men,lacrosse,M,Gold
St Louis,1904,Lacrosse,Lacrosse,"COWAN, Sandy",CAN,Men,lacrosse,M,Gold
St Louis,1904,Lacrosse,Lacrosse,"FLETT, Jack",CAN,Men,lacrosse,M,Gold
St Louis,1904,Lacrosse,Lacrosse,"JAMIESON, Benjamin",CAN,Men,lacrosse,M,Gold
St Louis,1904,Lacrosse,Lacrosse,"LAIDLAW, Hilliard",CAN,Men,lacrosse,M,Gold
St Louis,1904,Lacrosse,Lacrosse,"LYLE, H.",CAN,Men,lacrosse,M,Gold
St Louis,1904,Lacrosse,Lacrosse,"ORRIS, William F.L.",CAN,Men,lacrosse,M,Gold
St Louis,1904,Lacrosse,Lacrosse,"PENTLAND, L.H.",CAN,Men,lacrosse,M,Gold
St Louis,1904,Lacrosse,Lacrosse,"CROGAN, Patrick",USA,Men,lacrosse,M,Silver
St Louis,1904,Lacrosse,Lacrosse,"DOWLING, J.W.",USA,Men,lacrosse,M,Silver
St Louis,1904,Lacrosse,Lacrosse,GIBSON,USA,Men,lacrosse,M,Silver
St Louis,1904,Lacrosse,Lacrosse,HESS,USA,Men,lacrosse,M,Silver
St Louis,1904,Lacrosse,Lacrosse,"HUNTER, Robert Edward",USA,Men,lacrosse,M,Silver
St Louis,1904,Lacrosse,Lacrosse,LEHMAN,USA,Men,lacrosse,M,Silver
St Louis,1904,Lacrosse,Lacrosse,MURPHY,USA,Men,lacrosse,M,Silver
St Louis,1904,Lacrosse,Lacrosse,PARTRIDGE,USA,Men,lacrosse,M,Silver
St Louis,1904,Lacrosse,Lacrosse,"PASSMORE, George",USA,Men,lacrosse,M,Silver
St Louis,1904,Lacrosse,Lacrosse,SULLIVAN,USA,Men,lacrosse,M,Silver
St Louis,1904,Lacrosse,Lacrosse,"VENN, A.H.",USA,Men,lacrosse,M,Silver
St Louis,1904,Lacrosse,Lacrosse,WOODS,USA,Men,lacrosse,M,Silver
St Louis,1904,Lacrosse,Lacrosse,YOUNG,USA,Men,lacrosse,M,Silver
St Louis,1904,Roque,Roque,"BROWN, Charles",USA,Men,individual,M,Bronze
St Louis,1904,Roque,Roque,"JACOBUS, Charles",USA,Men,individual,M,Gold
St Louis,1904,Roque,Roque,"STREETER, Smith O.",USA,Men,individual,M,Silver
St Louis,1904,Rowing,Rowing,"BUERGER, Joseph",USA,Men,coxless pair (2-),M,Bronze
St Louis,1904,Rowing,Rowing,"JOACHIM, John",USA,Men,coxless pair (2-),M,Bronze
St Louis,1904,Rowing,Rowing,"FARNAM, Robert",USA,Men,coxless pair (2-),M,Gold
St Louis,1904,Rowing,Rowing,"RYAN, Joseph",USA,Men,coxless pair (2-),M,Gold
St Louis,1904,Rowing,Rowing,"MULCAHY, John J.F.",USA,Men,coxless pair (2-),M,Silver
St Louis,1904,Rowing,Rowing,"VARLEY, William",USA,Men,coxless pair (2-),M,Silver
St Louis,1904,Rowing,Rowing,"RAVANACK, Joseph",USA,Men,double sculls (2x),M,Bronze
St Louis,1904,Rowing,Rowing,"WELLS, John",USA,Men,double sculls (2x),M,Bronze
St Louis,1904,Rowing,Rowing,"MULCAHY, John J.F.",USA,Men,double sculls (2x),M,Gold
St Louis,1904,Rowing,Rowing,"VARLEY, William",USA,Men,double sculls (2x),M,Gold
St Louis,1904,Rowing,Rowing,"HOBEN, John Grey",USA,Men,double sculls (2x),M,Silver
St Louis,1904,Rowing,Rowing,"MCLOUGHLIN, James",USA,Men,double sculls (2x),M,Silver
St Louis,1904,Rowing,Rowing,"ABELL, Louis",USA,Men,eight with coxswain (8+),M,Gold
St Louis,1904,Rowing,Rowing,"ARMSTRONG, Charles E.",USA,Men,eight with coxswain (8+),M,Gold
St Louis,1904,Rowing,Rowing,"CRESSER, Frederick",USA,Men,eight with coxswain (8+),M,Gold
St Louis,1904,Rowing,Rowing,"DEMPSEY, Joseph F.",USA,Men,eight with coxswain (8+),M,Gold
St Louis,1904,Rowing,Rowing,"EXLEY, John",USA,Men,eight with coxswain (8+),M,Gold
St Louis,1904,Rowing,Rowing,"FLANIGAN, James",USA,Men,eight with coxswain (8+),M,Gold
St Louis,1904,Rowing,Rowing,"GLEASON, Michael D.",USA,Men,eight with coxswain (8+),M,Gold
St Louis,1904,Rowing,Rowing,"LOTT, Harry Hunter",USA,Men,eight with coxswain (8+),M,Gold
St Louis,1904,Rowing,Rowing,"SCHELL, Frank Reaner",USA,Men,eight with coxswain (8+),M,Gold
St Louis,1904,Rowing,Rowing,"BAILEY, Arthur B.",CAN,Men,eight with coxswain (8+),M,Silver
St Louis,1904,Rowing,Rowing,"BOYD, Philip Ewing",CAN,Men,eight with coxswain (8+),M,Silver
St Louis,1904,Rowing,Rowing,"LOUDON, Thomas Richardson",CAN,Men,eight with coxswain (8+),M,Silver
St Louis,1904,Rowing,Rowing,"MACKENZIE, Donald",CAN,Men,eight with coxswain (8+),M,Silver
St Louis,1904,Rowing,Rowing,"REIFFENSTEIN, George Patrick",CAN,Men,eight with coxswain (8+),M,Silver
St Louis,1904,Rowing,Rowing,"RICE, William",CAN,Men,eight with coxswain (8+),M,Silver
St Louis,1904,Rowing,Rowing,"STRANGE, George  M.",CAN,Men,eight with coxswain (8+),M,Silver
St Louis,1904,Rowing,Rowing,"WADSWORTH, William",CAN,Men,eight with coxswain (8+),M,Silver
St Louis,1904,Rowing,Rowing,"WRIGHT, Joseph George",CAN,Men,eight with coxswain (8+),M,Silver
St Louis,1904,Rowing,Rowing,"DUNIMERTH, Frank",USA,Men,four without coxswain (4-),M,Bronze
St Louis,1904,Rowing,Rowing,"FREITAG, John",USA,Men,four without coxswain (4-),M,Bronze
St Louis,1904,Rowing,Rowing,"HELM, Louis G.",USA,Men,four without coxswain (4-),M,Bronze
St Louis,1904,Rowing,Rowing,"VOERG, Gustav",USA,Men,four without coxswain (4-),M,Bronze
St Louis,1904,Rowing,Rowing,"DIETZ, George",USA,Men,four without coxswain (4-),M,Gold
St Louis,1904,Rowing,Rowing,"ERKER, August",USA,Men,four without coxswain (4-),M,Gold
St Louis,1904,Rowing,Rowing,"NASSE, Albert",USA,Men,four without coxswain (4-),M,Gold
St Louis,1904,Rowing,Rowing,"STOCKHOFF, Arthur",USA,Men,four without coxswain (4-),M,Gold
St Louis,1904,Rowing,Rowing,"AMAN, Charles",USA,Men,four without coxswain (4-),M,Silver
St Louis,1904,Rowing,Rowing,"BEGLEY, Michael",USA,Men,four without coxswain (4-),M,Silver
St Louis,1904,Rowing,Rowing,"FROMANACK, Martin",USA,Men,four without coxswain (4-),M,Silver
St Louis,1904,Rowing,Rowing,"SUERIG, Frederick",USA,Men,four without coxswain (4-),M,Silver
St Louis,1904,Rowing,Rowing,"TITUS, Constance",USA,Men,single sculls (1x),M,Bronze
St Louis,1904,Rowing,Rowing,"GREER, Frank",USA,Men,single sculls (1x),M,Gold
St Louis,1904,Rowing,Rowing,"JUVENAL, James",USA,Men,single sculls (1x),M,Silver
St Louis,1904,Tennis,Tennis,"GAMBLE, Clarence Olivier",USA,Men,doubles,M,Bronze
St Louis,1904,Tennis,Tennis,"WEAR, Arthur Yancey",USA,Men,doubles,M,Bronze
St Louis,1904,Tennis,Tennis,"WEAR, Joseph Walker",USA,Men,doubles,M,Bronze
St Louis,1904,Tennis,Tennis,"WEST, Allen Tarwater",USA,Men,doubles,M,Bronze
St Louis,1904,Tennis,Tennis,"LEONARD, Edgar Welch",USA,Men,doubles,M,Gold
St Louis,1904,Tennis,Tennis,"WRIGHT, Beals Coleman",USA,Men,doubles,M,Gold
St Louis,1904,Tennis,Tennis,"BELL, Alphonzo Edward",USA,Men,doubles,M,Silver
St Louis,1904,Tennis,Tennis,"LEROY, Robert",USA,Men,doubles,M,Silver
St Louis,1904,Tennis,Tennis,"BELL, Alphonzo Edward",USA,Men,singles,M,Bronze
St Louis,1904,Tennis,Tennis,"LEONARD, Edgar Welch",USA,Men,singles,M,Bronze
St Louis,1904,Tennis,Tennis,"WRIGHT, Beals Coleman",USA,Men,singles,M,Gold
St Louis,1904,Tennis,Tennis,"LEROY, Robert",USA,Men,singles,M,Silver
St Louis,1904,Tug of War,Tug of War,"FRIDE, H.",USA,Men,tug of war,M,Bronze
St Louis,1904,Tug of War,Tug of War,"HABERCORN, Charles",USA,Men,tug of war,M,Bronze
St Louis,1904,Tug of War,Tug of War,"JACOBS, H.",USA,Men,tug of war,M,Bronze
St Louis,1904,Tug of War,Tug of War,"KUNGLER, Frank",USA,Men,tug of war,M,Bronze
St Louis,1904,Tug of War,Tug of War,"THEAS, Charles",USA,Men,tug of war,M,Bronze
St Louis,1904,Tug of War,Tug of War,"FLANAGAN, Patrick",USA,Men,tug of war,M,Gold
St Louis,1904,Tug of War,Tug of War,"JOHNSON, Sydney B.",USA,Men,tug of war,M,Gold
St Louis,1904,Tug of War,Tug of War,"MAGNUSSEN, Conrad",USA,Men,tug of war,M,Gold
St Louis,1904,Tug of War,Tug of War,"OLSON, Oscar G.",USA,Men,tug of war,M,Gold
St Louis,1904,Tug of War,Tug of War,"SICLING, H.",USA,Men,tug of war,M,Gold
St Louis,1904,Tug of War,Tug of War,"BRAUN, Max",USA,Men,tug of war,M,Silver
St Louis,1904,Tug of War,Tug of War,"RODENBERGER, August",USA,Men,tug of war,M,Silver
St Louis,1904,Tug of War,Tug of War,"ROSE, Charles",USA,Men,tug of war,M,Silver
St Louis,1904,Tug of War,Tug of War,"SEILING, William",USA,Men,tug of war,M,Silver
St Louis,1904,Tug of War,Tug of War,"UPSHAW, Orrin Thomas",USA,Men,tug of war,M,Silver
St Louis,1904,Weightlifting,Weightlifting,"KUNGLER, Frank",USA,Men,all-around Dumbbell contest,M,Bronze
St Louis,1904,Weightlifting,Weightlifting,"OSTHOFF, Oscar Paul",USA,Men,all-around Dumbbell contest,M,Gold
St Louis,1904,Weightlifting,Weightlifting,"WINTERS, Frederick",USA,Men,all-around Dumbbell contest,M,Silver
St Louis,1904,Weightlifting,Weightlifting,"KUNGLER, Frank",USA,Men,heavyweight - two hand lift,M,Bronze
St Louis,1904,Weightlifting,Weightlifting,"KAKOUSIS, Perikles",GRE,Men,heavyweight - two hand lift,M,Gold
St Louis,1904,Weightlifting,Weightlifting,"OSTHOFF, Oscar Paul",USA,Men,heavyweight - two hand lift,M,Silver
St Louis,1904,Wrestling,Wrestling Free.,"THIEFENTHALER, Gustav",USA,Men,- 47.6kg (light-flyweight),M,Bronze
St Louis,1904,Wrestling,Wrestling Free.,"CURRY, Robert",USA,Men,- 47.6kg (light-flyweight),M,Gold
St Louis,1904,Wrestling,Wrestling Free.,"HEIN, John",USA,Men,- 47.6kg (light-flyweight),M,Silver
St Louis,1904,Wrestling,Wrestling Free.,"WARMBOLD, Frederick Charles",USA,Men,+ 71.67kg (heavyweight),M,Bronze
St Louis,1904,Wrestling,Wrestling Free.,"HANSEN, Bernhuff",USA,Men,+ 71.67kg (heavyweight),M,Gold
St Louis,1904,Wrestling,Wrestling Free.,"KUNGLER, Frank",USA,Men,+ 71.67kg (heavyweight),M,Silver
St Louis,1904,Wrestling,Wrestling Free.,"NELSON, William",USA,Men,47.6 - 52.16kg (flyweight),M,Bronze
St Louis,1904,Wrestling,Wrestling Free.,"MEHNERT, George Nicholas",USA,Men,47.6 - 52.16kg (flyweight),M,Gold
St Louis,1904,Wrestling,Wrestling Free.,"BAUER, Gustav",USA,Men,47.6 - 52.16kg (flyweight),M,Silver
St Louis,1904,Wrestling,Wrestling Free.,"STREBLER, Zenon B.",USA,Men,52.16 - 56.7kg (bantamweight),M,Bronze
St Louis,1904,Wrestling,Wrestling Free.,"NIFLOT, Isidor",USA,Men,52.16 - 56.7kg (bantamweight),M,Gold
St Louis,1904,Wrestling,Wrestling Free.,"WESTER, August",USA,Men,52.16 - 56.7kg (bantamweight),M,Silver
St Louis,1904,Wrestling,Wrestling Free.,"CLAPPER, Charles E.",USA,Men,56.7 - 61.23kg (featherweight),M,Bronze
St Louis,1904,Wrestling,Wrestling Free.,"BRADSHAW, Benjamin Joseph",USA,Men,56.7 - 61.23kg (featherweight),M,Gold
St Louis,1904,Wrestling,Wrestling Free.,"MCLEAR, Theodore",USA,Men,56.7 - 61.23kg (featherweight),M,Silver
St Louis,1904,Wrestling,Wrestling Free.,"ZIRKEL, Albert",USA,Men,61.23 - 65.77kg (lightweight),M,Bronze
St Louis,1904,Wrestling,Wrestling Free.,"ROEHM, Otto F.",USA,Men,61.23 - 65.77kg (lightweight),M,Gold
St Louis,1904,Wrestling,Wrestling Free.,"TESING, Rudolph",USA,Men,61.23 - 65.77kg (lightweight),M,Silver
St Louis,1904,Wrestling,Wrestling Free.,"WINHOLTZ, Jerry",USA,Men,65.77 - 71.67kg (welterweight),M,Bronze
St Louis,1904,Wrestling,Wrestling Free.,"ERICKSEN, Charles",USA,Men,65.77 - 71.67kg (welterweight),M,Gold
St Louis,1904,Wrestling,Wrestling Free.,"BECKMANN, William",USA,Men,65.77 - 71.67kg (welterweight),M,Silver
London,1908,Aquatics,Diving,"SPANGBERG, Arvid",SWE,Men,10m platform,M,Bronze
London,1908,Aquatics,Diving,"JOHANSSON, Hjalmar",SWE,Men,10m platform,M,Gold
London,1908,Aquatics,Diving,"MALMSTRÖM, Karl",SWE,Men,10m platform,M,Silver
London,1908,Aquatics,Diving,"GAIDZIK, George William",USA,Men,3m springboard,M,Bronze
London,1908,Aquatics,Diving,"WALZ, Gottlob",GER,Men,3m springboard,M,Bronze
London,1908,Aquatics,Diving,"ZÜRNER, Albert",GER,Men,3m springboard,M,Gold
London,1908,Aquatics,Diving,"BEHRENS, Kurt",GER,Men,3m springboard,M,Silver
London,1908,Aquatics,Swimming,"HARESNAPE, Herbert Nickall",GBR,Men,100m backstroke,M,Bronze
London,1908,Aquatics,Swimming,"BIEBERSTEIN, Arno",GER,Men,100m backstroke,M,Gold
London,1908,Aquatics,Swimming,"DAM, Hans Peter Ludwig",DEN,Men,100m backstroke,M,Silver
London,1908,Aquatics,Swimming,"JULIN, Harald S.A.",SWE,Men,100m freestyle,M,Bronze
London,1908,Aquatics,Swimming,"DANIELS, Charles",USA,Men,100m freestyle,M,Gold
London,1908,Aquatics,Swimming,"HALMAY, Zoltan",HUN,Men,100m freestyle,M,Silver
London,1908,Aquatics,Swimming,"BEAUREPAIRE, Frank E.",ANZ,Men,1500m freestyle,M,Bronze
London,1908,Aquatics,Swimming,"TAYLOR, Henry",GBR,Men,1500m freestyle,M,Gold
London,1908,Aquatics,Swimming,"BATTERSBY, Thomas Sidney",GBR,Men,1500m freestyle,M,Silver
London,1908,Aquatics,Swimming,"HANSSON, Pontus",SWE,Men,200m breaststroke,M,Bronze
London,1908,Aquatics,Swimming,"HOLMAN, Frederick",GBR,Men,200m breaststroke,M,Gold
London,1908,Aquatics,Swimming,"ROBINSON, William Walter",GBR,Men,200m breaststroke,M,Silver
London,1908,Aquatics,Swimming,"SCHEFF, Otto",AUT,Men,400m freestyle,M,Bronze
London,1908,Aquatics,Swimming,"TAYLOR, Henry",GBR,Men,400m freestyle,M,Gold
London,1908,Aquatics,Swimming,"BEAUREPAIRE, Frank E.",ANZ,Men,400m freestyle,M,Silver
London,1908,Aquatics,Swimming,"DANIELS, Charles",USA,Men,4x200m freestyle relay,M,Bronze
London,1908,Aquatics,Swimming,"GOODWIN, Leo Budd",USA,Men,4x200m freestyle relay,M,Bronze
London,1908,Aquatics,Swimming,"HEBNER, Harry J.",USA,Men,4x200m freestyle relay,M,Bronze
London,1908,Aquatics,Swimming,"RICH, Leslie George",USA,Men,4x200m freestyle relay,M,Bronze
London,1908,Aquatics,Swimming,"DERBYSHIRE, John Henry",GBR,Men,4x200m freestyle relay,M,Gold
London,1908,Aquatics,Swimming,"FOSTER, William",GBR,Men,4x200m freestyle relay,M,Gold
London,1908,Aquatics,Swimming,"RADMILOVIC, Paul",GBR,Men,4x200m freestyle relay,M,Gold
London,1908,Aquatics,Swimming,"TAYLOR, Henry",GBR,Men,4x200m freestyle relay,M,Gold
London,1908,Aquatics,Swimming,"HALMAY, Zoltan",HUN,Men,4x200m freestyle relay,M,Silver
London,1908,Aquatics,Swimming,"LAS TORRES, Béla",HUN,Men,4x200m freestyle relay,M,Silver
London,1908,Aquatics,Swimming,"MUNK, Jozsef",HUN,Men,4x200m freestyle relay,M,Silver
London,1908,Aquatics,Swimming,"ZACHAR, Imre",HUN,Men,4x200m freestyle relay,M,Silver
London,1908,Aquatics,Water polo,"CORNET, George Thomson",GBR,Men,water polo,M,Gold
London,1908,Aquatics,Water polo,"FORSYTH, Charles Eric",GBR,Men,water polo,M,Gold
London,1908,Aquatics,Water polo,"NEVINSON, George Wilfrid",GBR,Men,water polo,M,Gold
London,1908,Aquatics,Water polo,"RADMILOVIC, Paul",GBR,Men,water polo,M,Gold
London,1908,Aquatics,Water polo,"SMITH, Charles Sydney",GBR,Men,water polo,M,Gold
London,1908,Aquatics,Water polo,"THOULD, Thomas Henry",GBR,Men,water polo,M,Gold
London,1908,Aquatics,Water polo,"WILKINSON, George",GBR,Men,water polo,M,Gold
London,1908,Aquatics,Water polo,"BOIN, Victor",BEL,Men,water polo,M,Silver
London,1908,Aquatics,Water polo,"DONNERS, Hermann",BEL,Men,water polo,M,Silver
London,1908,Aquatics,Water polo,"FEYAERTS, Fernand",BEL,Men,water polo,M,Silver
London,1908,Aquatics,Water polo,"GREGOIRE, Oscar",BEL,Men,water polo,M,Silver
London,1908,Aquatics,Water polo,"MEYBOOM, Herman",BEL,Men,water polo,M,Silver
London,1908,Aquatics,Water polo,"MICHANT, Albert",BEL,Men,water polo,M,Silver
London,1908,Aquatics,Water polo,"PLETINCX, Joseph",BEL,Men,water polo,M,Silver
London,1908,Archery,Archery,"CABARET, Gustave",FRA,Men,continental style 50m,M,Bronze
London,1908,Archery,Archery,"GRISOT, EugÃ¨ne G.",FRA,Men,continental style 50m,M,Gold
London,1908,Archery,Archery,"VERNET, Louis",FRA,Men,continental style 50m,M,Silver
London,1908,Archery,Archery,"HILL-LOWE, Beatrice Geraldine",GBR,Women,national round (60y - 50y),W,Bronze
London,1908,Archery,Archery,"NEWALL, Sybil Fenton Quenni",GBR,Women,national round (60y - 50y),W,Gold
London,1908,Archery,Archery,"DOD, Charlotte",GBR,Women,national round (60y - 50y),W,Silver
London,1908,Archery,Archery,"RICHARDSON, Henry Barber",USA,Men,york round (100y - 80y - 60y),M,Bronze
London,1908,Archery,Archery,"DOD, William",GBR,Men,york round (100y - 80y - 60y),M,Gold
London,1908,Archery,Archery,"BROOKS-KING, Reginald B.",GBR,Men,york round (100y - 80y - 60y),M,Silver
London,1908,Athletics,Athletics,"KERR, Robert",CAN,Men,100m,M,Bronze
London,1908,Athletics,Athletics,"WALKER, Reginald",RSA,Men,100m,M,Gold
London,1908,Athletics,Athletics,"RECTOR, James",USA,Men,100m,M,Silver
London,1908,Athletics,Athletics,"SPENCER, Edward Adams",GBR,Men,10miles walk (16093m),M,Bronze
London,1908,Athletics,Athletics,"LARNER, George Edward",GBR,Men,10miles walk (16093m),M,Gold
London,1908,Athletics,Athletics,"WEBB, Ernest",GBR,Men,10miles walk (16093m),M,Silver
London,1908,Athletics,Athletics,"SHAW, Arthur",USA,Men,110m hurdles,M,Bronze
London,1908,Athletics,Athletics,"SMITHSON, Forrest",USA,Men,110m hurdles,M,Gold
London,1908,Athletics,Athletics,"GARRELS, John Carlyle",USA,Men,110m hurdles,M,Silver
London,1908,Athletics,Athletics,"HALLOWS, Norman",GBR,Men,1500m,M,Bronze
London,1908,Athletics,Athletics,"SHEPPARD, Melvin",USA,Men,1500m,M,Gold
London,1908,Athletics,Athletics,"WILSON, Harold",GBR,Men,1500m,M,Silver
London,1908,Athletics,Athletics,"CARTMELL, John Nathaniel",USA,Men,200m,M,Bronze
London,1908,Athletics,Athletics,"KERR, Robert",CAN,Men,200m,M,Gold
London,1908,Athletics,Athletics,"CLOUGHEN, Robert",USA,Men,200m,M,Silver
London,1908,Athletics,Athletics,"EISELE, John Lincoln",USA,Men,3200m steeplechase,M,Bronze
London,1908,Athletics,Athletics,"RUSSELL, Arthur",GBR,Men,3200m steeplechase,M,Gold
London,1908,Athletics,Athletics,"ROBERTSON, Arthur James",GBR,Men,3200m steeplechase,M,Silver
London,1908,Athletics,Athletics,"KERR, Harry E.",ANZ,Men,3500m walk,M,Bronze
London,1908,Athletics,Athletics,"LARNER, George Edward",GBR,Men,3500m walk,M,Gold
London,1908,Athletics,Athletics,"WEBB, Ernest",GBR,Men,3500m walk,M,Silver
London,1908,Athletics,Athletics,"DE FLEURAC, Louis N.",FRA,Men,3miles team (4828m),M,Bronze
London,1908,Athletics,Athletics,"DREHER, Joseph",FRA,Men,3miles team (4828m),M,Bronze
London,1908,Athletics,Athletics,"LIJANDIER, Paul",FRA,Men,3miles team (4828m),M,Bronze
London,1908,Athletics,Athletics,"COALES, William",GBR,Men,3miles team (4828m),M,Gold
London,1908,Athletics,Athletics,"DEAKIN, Joseph Edmund",GBR,Men,3miles team (4828m),M,Gold
London,1908,Athletics,Athletics,"ROBERTSON, Arthur James",GBR,Men,3miles team (4828m),M,Gold
London,1908,Athletics,Athletics,"BONHAG, George V.",USA,Men,3miles team (4828m),M,Silver
London,1908,Athletics,Athletics,"EISELE, John Lincoln",USA,Men,3miles team (4828m),M,Silver
London,1908,Athletics,Athletics,"TRUBE, Herbert Lawrence",USA,Men,3miles team (4828m),M,Silver
London,1908,Athletics,Athletics,"HALSWELLE, Wyndham",GBR,Men,400m,M,Gold
London,1908,Athletics,Athletics,"TREMEER, Leonard Francis",GBR,Men,400m hurdles,M,Bronze
London,1908,Athletics,Athletics,"BACON, Charles Joseph",USA,Men,400m hurdles,M,Gold
London,1908,Athletics,Athletics,"HILLMAN, Harry",USA,Men,400m hurdles,M,Silver
London,1908,Athletics,Athletics,"BODOR, Ödön",HUN,Men,4x400m relay,M,Bronze
London,1908,Athletics,Athletics,"NAGY, Jozsef",HUN,Men,4x400m relay,M,Bronze
London,1908,Athletics,Athletics,"RACZ, G.",HUN,Men,4x400m relay,M,Bronze
London,1908,Athletics,Athletics,"SIMON, Pal",HUN,Men,4x400m relay,M,Bronze
London,1908,Athletics,Athletics,"CARTMELL, John Nathaniel",USA,Men,4x400m relay,M,Gold
London,1908,Athletics,Athletics,"HAMILTON, William Frank",USA,Men,4x400m relay,M,Gold
London,1908,Athletics,Athletics,"SHEPPARD, Melvin",USA,Men,4x400m relay,M,Gold
London,1908,Athletics,Athletics,"TAYLOR, John Baxter",USA,Men,4x400m relay,M,Gold
London,1908,Athletics,Athletics,"BRAUN, Hans",GER,Men,4x400m relay,M,Silver
London,1908,Athletics,Athletics,"EICKE, Hans",GER,Men,4x400m relay,M,Silver
London,1908,Athletics,Athletics,"HOFFMANN, Artur",GER,Men,4x400m relay,M,Silver
London,1908,Athletics,Athletics,"TRIELOFF, Otto P.",GER,Men,4x400m relay,M,Silver
London,1908,Athletics,Athletics,"SVANBERG, Johan Fritiof",SWE,Men,5 miles (8047m),M,Bronze
London,1908,Athletics,Athletics,"VOIGT, Emil Robert",GBR,Men,5 miles (8047m),M,Gold
London,1908,Athletics,Athletics,"OWEN, Edward",GBR,Men,5 miles (8047m),M,Silver
London,1908,Athletics,Athletics,"BRAUN, Hans",GER,Men,800m,M,Bronze
London,1908,Athletics,Athletics,"SHEPPARD, Melvin",USA,Men,800m,M,Gold
London,1908,Athletics,Athletics,"LUNGHI, Emilio",ITA,Men,800m,M,Silver
London,1908,Athletics,Athletics,"HORR, Marquis Franklin",USA,Men,discus throw,M,Bronze
London,1908,Athletics,Athletics,"SHERIDAN, Martin",USA,Men,discus throw,M,Gold
London,1908,Athletics,Athletics,"GIFFIN, Merritt Hayward",USA,Men,discus throw,M,Silver
London,1908,Athletics,Athletics,"JÄRVINEN, Werner",FIN,Men,discus throw ancient style,M,Bronze
London,1908,Athletics,Athletics,"SHERIDAN, Martin",USA,Men,discus throw ancient style,M,Gold
London,1908,Athletics,Athletics,"HORR, Marquis Franklin",USA,Men,discus throw ancient style,M,Silver
London,1908,Athletics,Athletics,"WALSH, Cornelius",CAN,Men,hammer throw,M,Bronze
London,1908,Athletics,Athletics,"FLANAGAN, John Jesus",USA,Men,hammer throw,M,Gold
London,1908,Athletics,Athletics,"MCGRATH, Matthew J.",USA,Men,hammer throw,M,Silver
London,1908,Athletics,Athletics,"PORTER, Harry Franklin",USA,Men,high jump,M,Gold
London,1908,Athletics,Athletics,"ANDRE, Georges",FRA,Men,high jump,M,Silver
London,1908,Athletics,Athletics,"LEAHY, Cornelius",GBR,Men,high jump,M,Silver
London,1908,Athletics,Athletics,"SOMODY, Istvan",HUN,Men,high jump,M,Silver
London,1908,Athletics,Athletics,"EWRY, Ray",USA,Men,"high jump, standing",M,Gold
London,1908,Athletics,Athletics,"BILLER, John",USA,Men,"high jump, standing",M,Silver
London,1908,Athletics,Athletics,"TSICLITIRAS, Konstantinos",GRE,Men,"high jump, standing",M,Silver
London,1908,Athletics,Athletics,"NILSSON, Otto",SWE,Men,javelin throw,M,Bronze
London,1908,Athletics,Athletics,"LEMMING, Eric",SWE,Men,javelin throw,M,Gold
London,1908,Athletics,Athletics,"HALSE, Arne",NOR,Men,javelin throw,M,Silver
London,1908,Athletics,Athletics,"HALSE, Arne",NOR,Men,javelin throw freestyle,M,Bronze
London,1908,Athletics,Athletics,"LEMMING, Eric",SWE,Men,javelin throw freestyle,M,Gold
London,1908,Athletics,Athletics,"DORIZAS, Mikael M.",GRE,Men,javelin throw freestyle,M,Silver
London,1908,Athletics,Athletics,"BRICKER, Calvin David",CAN,Men,long jump,M,Bronze
London,1908,Athletics,Athletics,"IRONS, Francis C.",USA,Men,long jump,M,Gold
London,1908,Athletics,Athletics,"KELLY, Daniel",USA,Men,long jump,M,Silver
London,1908,Athletics,Athletics,"SHERIDAN, Martin",USA,Men,"long jump, standing",M,Bronze
London,1908,Athletics,Athletics,"EWRY, Ray",USA,Men,"long jump, standing",M,Gold
London,1908,Athletics,Athletics,"TSICLITIRAS, Konstantinos",GRE,Men,"long jump, standing",M,Silver
London,1908,Athletics,Athletics,"FORSHAW, Joseph",USA,Men,marathon,M,Bronze
London,1908,Athletics,Athletics,"HAYES, John Joseph",USA,Men,marathon,M,Gold
London,1908,Athletics,Athletics,"HEFFERON, Charles A.",RSA,Men,marathon,M,Silver
London,1908,Athletics,Athletics,"ARCHIBALD, Edward Blake",CAN,Men,pole vault,M,Bronze
London,1908,Athletics,Athletics,"JACOBS, Charles Sherman",USA,Men,pole vault,M,Bronze
London,1908,Athletics,Athletics,"SÖDERSTRÖM, Bruno",SWE,Men,pole vault,M,Bronze
London,1908,Athletics,Athletics,"COOKE, Edward Tiffin",USA,Men,pole vault,M,Gold
London,1908,Athletics,Athletics,"GILBERT, Alfred Carleten",USA,Men,pole vault,M,Gold
London,1908,Athletics,Athletics,"GARRELS, John Carlyle",USA,Men,shot put,M,Bronze
London,1908,Athletics,Athletics,"ROSE, Ralph",USA,Men,shot put,M,Gold
London,1908,Athletics,Athletics,"HORGAN, Dennis",GBR,Men,shot put,M,Silver
London,1908,Athletics,Athletics,"LARSEN, Edvard",NOR,Men,triple jump,M,Bronze
London,1908,Athletics,Athletics,"AHEARNE, Timoty J.",GBR,Men,triple jump,M,Gold
London,1908,Athletics,Athletics,"MACDONALD, J.Garfield",CAN,Men,triple jump,M,Silver
London,1908,Boxing,Boxing,"WEBB, William",GBR,Men,- 52.62kg (bantamweight),M,Bronze
London,1908,Boxing,Boxing,"THOMAS, A. Henry",GBR,Men,- 52.62kg (bantamweight),M,Gold
London,1908,Boxing,Boxing,"CONDON, John",GBR,Men,- 52.62kg (bantamweight),M,Silver
London,1908,Boxing,Boxing,"PARKS, Frederick",GBR,Men,+ 71.67kg (heavyweight),M,Bronze
London,1908,Boxing,Boxing,"OLDMAN, Albert Leonard",GBR,Men,+ 71.67kg (heavyweight),M,Gold
London,1908,Boxing,Boxing,"EVANS, Sydney Charles H.",GBR,Men,+ 71.67kg (heavyweight),M,Silver
London,1908,Boxing,Boxing,"RODDIN, Hugh",GBR,Men,52.62 - 57.15kg (featherweight),M,Bronze
London,1908,Boxing,Boxing,"GUNN, Richard Kenneth",GBR,Men,52.62 - 57.15kg (featherweight),M,Gold
London,1908,Boxing,Boxing,"MORRIS, Charles W.",GBR,Men,52.62 - 57.15kg (featherweight),M,Silver
London,1908,Boxing,Boxing,"JOHNSON, Harry H.",GBR,Men,57.15 - 63.5kg (lightweight),M,Bronze
London,1908,Boxing,Boxing,"GRACE, Frederick",GBR,Men,57.15 - 63.5kg (lightweight),M,Gold
London,1908,Boxing,Boxing,"SPILLER, M. Frederick",GBR,Men,57.15 - 63.5kg (lightweight),M,Silver
London,1908,Boxing,Boxing,"PHILO, William",GBR,Men,63.5 - 71.67kg (middleweight),M,Bronze
London,1908,Boxing,Boxing,"DOUGLAS, John William Henry T.",GBR,Men,63.5 - 71.67kg (middleweight),M,Gold
London,1908,Boxing,Boxing,"BAKER, Reginald L.",ANZ,Men,63.5 - 71.67kg (middleweight),M,Silver
London,1908,Cycling,Cycling Track,"LAPIZE, Octave",FRA,Men,100km,M,Bronze
London,1908,Cycling,Cycling Track,"BARTLETT, Charles Henry",GBR,Men,100km,M,Gold
London,1908,Cycling,Cycling Track,"DENNY, Arthur",GBR,Men,100km,M,Silver
London,1908,Cycling,Cycling Track,"ANDERSON, William",CAN,Men,"1980 yards Pursuit, Team",M,Bronze
London,1908,Cycling,Cycling Track,"ANDREWS, Walter",CAN,Men,"1980 yards Pursuit, Team",M,Bronze
London,1908,Cycling,Cycling Track,"MCCARTHY, Frederick",CAN,Men,"1980 yards Pursuit, Team",M,Bronze
London,1908,Cycling,Cycling Track,"MORTON, William",CAN,Men,"1980 yards Pursuit, Team",M,Bronze
London,1908,Cycling,Cycling Track,"JONES, Benjamin",GBR,Men,"1980 yards Pursuit, Team",M,Gold
London,1908,Cycling,Cycling Track,"KINGSBURY, Clarence Brickwood",GBR,Men,"1980 yards Pursuit, Team",M,Gold
London,1908,Cycling,Cycling Track,"MEREDITH, Leonard Lewis",GBR,Men,"1980 yards Pursuit, Team",M,Gold
London,1908,Cycling,Cycling Track,"PAYNE, Ernest",GBR,Men,"1980 yards Pursuit, Team",M,Gold
London,1908,Cycling,Cycling Track,"GÖTZE, Max",GER,Men,"1980 yards Pursuit, Team",M,Silver
London,1908,Cycling,Cycling Track,"KATZER, Rudolf",GER,Men,"1980 yards Pursuit, Team",M,Silver
London,1908,Cycling,Cycling Track,"MARTENS, Herman",GER,Men,"1980 yards Pursuit, Team",M,Silver
London,1908,Cycling,Cycling Track,"NEUMER, Karl",GER,Men,"1980 yards Pursuit, Team",M,Silver
London,1908,Cycling,Cycling Track,"BROOKS, Colin",GBR,Men,2000m tandem,M,Bronze
London,1908,Cycling,Cycling Track,"ISAACS, Walter H.T.",GBR,Men,2000m tandem,M,Bronze
London,1908,Cycling,Cycling Track,"AUFFRAY, André",FRA,Men,2000m tandem,M,Gold
London,1908,Cycling,Cycling Track,"SCHILLES, Maurice",FRA,Men,2000m tandem,M,Gold
London,1908,Cycling,Cycling Track,"HAMLIN, Frederick G.",GBR,Men,2000m tandem,M,Silver
London,1908,Cycling,Cycling Track,"JOHNSON, Horace Thomas",GBR,Men,2000m tandem,M,Silver
London,1908,Cycling,Cycling Track,"WERBROECK, Joseph",BEL,Men,20km,M,Bronze
London,1908,Cycling,Cycling Track,"KINGSBURY, Clarence Brickwood",GBR,Men,20km,M,Gold
London,1908,Cycling,Cycling Track,"JONES, Benjamin",GBR,Men,20km,M,Silver
London,1908,Cycling,Cycling Track,"AUFFRAY, André",FRA,Men,5000m,M,Bronze
London,1908,Cycling,Cycling Track,"JONES, Benjamin",GBR,Men,5000m,M,Gold
London,1908,Cycling,Cycling Track,"SCHILLES, Maurice",FRA,Men,5000m,M,Silver
London,1908,Cycling,Cycling Track,"NEUMER, Karl",GER,Men,One lap (660y) sprint,M,Bronze
London,1908,Cycling,Cycling Track,"JOHNSON, Victor Louis",GBR,Men,One lap (660y) sprint,M,Gold
London,1908,Cycling,Cycling Track,"DEMANGEL, Emile",FRA,Men,One lap (660y) sprint,M,Silver
London,1908,Fencing,Fencing,"OLIVIER, Eugène Victor",FRA,Men,épée individual,M,Bronze
London,1908,Fencing,Fencing,"ALIBERT, Gaston",FRA,Men,épée individual,M,Gold
London,1908,Fencing,Fencing,"LIPPMANN, Alexandre",FRA,Men,épée individual,M,Silver
London,1908,Fencing,Fencing,"ANSPACH, Paul",BEL,Men,épée team,M,Bronze
London,1908,Fencing,Fencing,"BEURAIN, Désiré",BEL,Men,épée team,M,Bronze
London,1908,Fencing,Fencing,"DE MONTIGNY, Fernand",BEL,Men,épée team,M,Bronze
London,1908,Fencing,Fencing,"FEYERICK, Ferdinand",BEL,Men,épée team,M,Bronze
London,1908,Fencing,Fencing,"ROM, François",BEL,Men,épée team,M,Bronze
London,1908,Fencing,Fencing,"ALIBERT, Gaston",FRA,Men,épée team,M,Gold
London,1908,Fencing,Fencing,"BERGER, Henri-Georges",FRA,Men,épée team,M,Gold
London,1908,Fencing,Fencing,"COLLIGNON, Charles",FRA,Men,épée team,M,Gold
London,1908,Fencing,Fencing,"OLIVIER, Eugène Victor",FRA,Men,épée team,M,Gold
London,1908,Fencing,Fencing,"DANIELL, Charles Leaf",GBR,Men,épée team,M,Silver
London,1908,Fencing,Fencing,"HAIG, Cecil Henry",GBR,Men,épée team,M,Silver
London,1908,Fencing,Fencing,"HOLT, Martin Drummond",GBR,Men,épée team,M,Silver
London,1908,Fencing,Fencing,"MONTGOMERIE, Robert Cecil",GBR,Men,épée team,M,Silver
London,1908,Fencing,Fencing,"GOPPOLD DE LOBSDORF, Vilem",BOH,Men,sabre individual,M,Bronze
London,1908,Fencing,Fencing,"FUCHS, Jenö",HUN,Men,sabre individual,M,Gold
London,1908,Fencing,Fencing,"ZULAWSKY, Béla",HUN,Men,sabre individual,M,Silver
London,1908,Fencing,Fencing,"GOPPOLD DE LOBSDORF, Vilem",BOH,Men,sabre team,M,Bronze
London,1908,Fencing,Fencing,"LADA, Vlastimil",BOH,Men,sabre team,M,Bronze
London,1908,Fencing,Fencing,"SCHEJBAL, Bedrich",BOH,Men,sabre team,M,Bronze
London,1908,Fencing,Fencing,"TUCEK, Frantisek",BOH,Men,sabre team,M,Bronze
London,1908,Fencing,Fencing,"FUCHS, Jenö",HUN,Men,sabre team,M,Gold
London,1908,Fencing,Fencing,"GERDE, Oskar",HUN,Men,sabre team,M,Gold
London,1908,Fencing,Fencing,"TOTH, Peter",HUN,Men,sabre team,M,Gold
London,1908,Fencing,Fencing,"WERKNER, Lajos",HUN,Men,sabre team,M,Gold
London,1908,Fencing,Fencing,"BERTINETTI, Marcello",ITA,Men,sabre team,M,Silver
London,1908,Fencing,Fencing,"NOWAK, Riccardo",ITA,Men,sabre team,M,Silver
London,1908,Fencing,Fencing,"OLIVIER, Abelardo",ITA,Men,sabre team,M,Silver
London,1908,Fencing,Fencing,"PIRZIO BIROLI, Alessandro",ITA,Men,sabre team,M,Silver
London,1908,Football,Football,"BREUWKES, Reinier Bertus",NED,Men,football,M,Bronze
London,1908,Football,Football,"DE BRUYN KOPS, George François",NED,Men,football,M,Bronze
London,1908,Football,Football,"DE KORVER, Johannes Marius",NED,Men,football,M,Bronze
London,1908,Football,Football,"HEIJTING, Karel",NED,Men,football,M,Bronze
London,1908,Football,Football,"MUNDT, Emil Gustav",NED,Men,football,M,Bronze
London,1908,Football,Football,"OTTEN, Lou",NED,Men,football,M,Bronze
London,1908,Football,Football,"REEMAN, Gerald Simon",NED,Men,football,M,Bronze
London,1908,Football,Football,"SNETLAGE, Eduard",NED,Men,football,M,Bronze
London,1908,Football,Football,"SOL, Johan Eduard",NED,Men,football,M,Bronze
London,1908,Football,Football,"THOMEE, Jan",NED,Men,football,M,Bronze
London,1908,Football,Football,"WELCKER, Jan Herman",NED,Men,football,M,Bronze
London,1908,Football,Football,"BAILEY, Horace Peter",GBR,Men,football,M,Gold
London,1908,Football,Football,"BERRY, Arthur",GBR,Men,football,M,Gold
London,1908,Football,Football,"CHAPMAN, Frederick William",GBR,Men,football,M,Gold
London,1908,Football,Football,"CORBETT, Walter Samuel",GBR,Men,football,M,Gold
London,1908,Football,Football,"HARDMAN, Harold Payne",GBR,Men,football,M,Gold
London,1908,Football,Football,"HAWKES, Robert Murray",GBR,Men,football,M,Gold
London,1908,Football,Football,"HUNT, Kenneth Reginald Gunnery",GBR,Men,football,M,Gold
London,1908,Football,Football,"PURNELL, Clyde Honeysett",GBR,Men,football,M,Gold
London,1908,Football,Football,"SMITH, Herbert",GBR,Men,football,M,Gold
London,1908,Football,Football,"STAPLEY, Henry",GBR,Men,football,M,Gold
London,1908,Football,Football,"WOODWARD, Vivian John",GBR,Men,football,M,Gold
London,1908,Football,Football,"BOHR, Harald August",DEN,Men,football,M,Silver
London,1908,Football,Football,"BUCHWALD, Charles",DEN,Men,football,M,Silver
London,1908,Football,Football,"DRESCHER, Ludwig",DEN,Men,football,M,Silver
London,1908,Football,Football,"HANSEN, Harald",DEN,Men,football,M,Silver
London,1908,Football,Football,"LINDGREEN, August Ludwig",DEN,Men,football,M,Silver
London,1908,Football,Football,"MIDDELBOE, Christian",DEN,Men,football,M,Silver
London,1908,Football,Football,"MIDDELBOE, Niels",DEN,Men,football,M,Silver
London,1908,Football,Football,"NIELSEN, Niels Oscar",DEN,Men,football,M,Silver
London,1908,Football,Football,"NIELSEN, Sofus Erhard",DEN,Men,football,M,Silver
London,1908,Football,Football,"RASMUSSEN, Björn Vilhelm Ravn",DEN,Men,football,M,Silver
London,1908,Football,Football,"WOLFHAGEN, Vilhelm",DEN,Men,football,M,Silver
London,1908,Gymnastics,Artistic G.,"SEGURA, B. Louis",FRA,Men,individual all-round,M,Bronze
London,1908,Gymnastics,Artistic G.,"BRAGLIA, G. Alberto",ITA,Men,individual all-round,M,Gold
London,1908,Gymnastics,Artistic G.,"TYSAL, S.W.",GBR,Men,individual all-round,M,Silver
London,1908,Gymnastics,Artistic G.,"FORSSTRÖM, Eino Vilho",FIN,Men,team competition,M,Bronze
London,1908,Gymnastics,Artistic G.,"GRANSTRÖM, Otto",FIN,Men,team competition,M,Bronze
London,1908,Gymnastics,Artistic G.,"KEMP, Johan Valdemar",FIN,Men,team competition,M,Bronze
London,1908,Gymnastics,Artistic G.,"KYYKOSKI, Livara",FIN,Men,team competition,M,Bronze
London,1908,Gymnastics,Artistic G.,"LEHMUSTO, Heikki",FIN,Men,team competition,M,Bronze
London,1908,Gymnastics,Artistic G.,"LINDROTH, Johan",FIN,Men,team competition,M,Bronze
London,1908,Gymnastics,Artistic G.,"LINKO, Yrjö",FIN,Men,team competition,M,Bronze
London,1908,Gymnastics,Artistic G.,"LINNA, Edvard",FIN,Men,team competition,M,Bronze
London,1908,Gymnastics,Artistic G.,"MARKKANEN, Matti",FIN,Men,team competition,M,Bronze
London,1908,Gymnastics,Artistic G.,"MIKKOLAINEN, Kaasrlo Eino",FIN,Men,team competition,M,Bronze
London,1908,Gymnastics,Artistic G.,"NIEMINEN, Veli Heikki",FIN,Men,team competition,M,Bronze
London,1908,Gymnastics,Artistic G.,"PAASIA, Kaarlo Kustaa",FIN,Men,team competition,M,Bronze
London,1908,Gymnastics,Artistic G.,"POHJANPÄÄ, Arvi",FIN,Men,team competition,M,Bronze
London,1908,Gymnastics,Artistic G.,"POHJONEN, Aarne",FIN,Men,team competition,M,Bronze
London,1908,Gymnastics,Artistic G.,"RAILIO, Eino",FIN,Men,team competition,M,Bronze
London,1908,Gymnastics,Artistic G.,"RÜPINEN, H.A.",FIN,Men,team competition,M,Bronze
London,1908,Gymnastics,Artistic G.,"SAARINEN, Arno",FIN,Men,team competition,M,Bronze
London,1908,Gymnastics,Artistic G.,"SAHLSTEIN, Einar Werner",FIN,Men,team competition,M,Bronze
London,1908,Gymnastics,Artistic G.,"SALOVAARA, Aarne",FIN,Men,team competition,M,Bronze
London,1908,Gymnastics,Artistic G.,"SANDELIN, Karl Viktor Torsten",FIN,Men,team competition,M,Bronze
London,1908,Gymnastics,Artistic G.,"SIPILÄ, Eljas E.",FIN,Men,team competition,M,Bronze
London,1908,Gymnastics,Artistic G.,"SMEDS, Viktor",FIN,Men,team competition,M,Bronze
London,1908,Gymnastics,Artistic G.,"SOINIO, Kaarlo Kyösti",FIN,Men,team competition,M,Bronze
London,1908,Gymnastics,Artistic G.,"STENBERG, Kurt Enoch",FIN,Men,team competition,M,Bronze
London,1908,Gymnastics,Artistic G.,"WEGELIUS, Karl Magnus",FIN,Men,team competition,M,Bronze
London,1908,Gymnastics,Artistic G.,"ANDERSSON, T.",SWE,Men,team competition,M,Gold
London,1908,Gymnastics,Artistic G.,"ASBRINK, Gosta",SWE,Men,team competition,M,Gold
London,1908,Gymnastics,Artistic G.,"BERGMAN, C.",SWE,Men,team competition,M,Gold
London,1908,Gymnastics,Artistic G.,"BERTILSSON, Per Daniel",SWE,Men,team competition,M,Gold
London,1908,Gymnastics,Artistic G.,"CARLBERG, G. Vilhelm",SWE,Men,team competition,M,Gold
London,1908,Gymnastics,Artistic G.,"CEDERCRONA, Hjalmar Axel Ritz",SWE,Men,team competition,M,Gold
London,1908,Gymnastics,Artistic G.,"CERVIN, Andreas",SWE,Men,team competition,M,Gold
London,1908,Gymnastics,Artistic G.,"DEGERMARK, Rudolf",SWE,Men,team competition,M,Gold
London,1908,Gymnastics,Artistic G.,"ERIKSSON, C.",SWE,Men,team competition,M,Gold
London,1908,Gymnastics,Artistic G.,"FOLCKER, Carl Wilhelm",SWE,Men,team competition,M,Gold
London,1908,Gymnastics,Artistic G.,"FORSSEN, S.",SWE,Men,team competition,M,Gold
London,1908,Gymnastics,Artistic G.,"FORSSMAN, Sven",SWE,Men,team competition,M,Gold
London,1908,Gymnastics,Artistic G.,"GEIDEL, F.",SWE,Men,team competition,M,Gold
London,1908,Gymnastics,Artistic G.,"GRANFELT, Erik",SWE,Men,team competition,M,Gold
London,1908,Gymnastics,Artistic G.,"HARLEMANN, Carl",SWE,Men,team competition,M,Gold
London,1908,Gymnastics,Artistic G.,"HELLSTEN, Nils Erik",SWE,Men,team competition,M,Gold
London,1908,Gymnastics,Artistic G.,"HÖJER, Gunnar",SWE,Men,team competition,M,Gold
London,1908,Gymnastics,Artistic G.,"HOLMBERG, Arvid",SWE,Men,team competition,M,Gold
London,1908,Gymnastics,Artistic G.,"HOLMBERG, Carl",SWE,Men,team competition,M,Gold
London,1908,Gymnastics,Artistic G.,"HOLMBERG, Osvald",SWE,Men,team competition,M,Gold
London,1908,Gymnastics,Artistic G.,"JAHNKE, Hugo",SWE,Men,team competition,M,Gold
London,1908,Gymnastics,Artistic G.,"JANSSON, O.",SWE,Men,team competition,M,Gold
London,1908,Gymnastics,Artistic G.,"JARTEN, Johan",SWE,Men,team competition,M,Gold
London,1908,Gymnastics,Artistic G.,"JOHNSSON, Gustag",SWE,Men,team competition,M,Gold
London,1908,Gymnastics,Artistic G.,"JOHNSSON, Rolf",SWE,Men,team competition,M,Gold
London,1908,Gymnastics,Artistic G.,"JONSSON, H.",SWE,Men,team competition,M,Gold
London,1908,Gymnastics,Artistic G.,"KANTZOW, Nils",SWE,Men,team competition,M,Gold
London,1908,Gymnastics,Artistic G.,"KIRISTEN, L.",SWE,Men,team competition,M,Gold
London,1908,Gymnastics,Artistic G.,"KJELLEN, L.",SWE,Men,team competition,M,Gold
London,1908,Gymnastics,Artistic G.,"LANDBERG, Sven",SWE,Men,team competition,M,Gold
London,1908,Gymnastics,Artistic G.,"LANNER, Olle",SWE,Men,team competition,M,Gold
London,1908,Gymnastics,Artistic G.,"LJUNG, Axel",SWE,Men,team competition,M,Gold
London,1908,Gymnastics,Artistic G.,"MOBERG, Osvald",SWE,Men,team competition,M,Gold
London,1908,Gymnastics,Artistic G.,"MÖLLER, J.",SWE,Men,team competition,M,Gold
London,1908,Gymnastics,Artistic G.,"NILSSON, Per Einar",SWE,Men,team competition,M,Gold
London,1908,Gymnastics,Artistic G.,"NORBERG, D.",SWE,Men,team competition,M,Gold
London,1908,Gymnastics,Artistic G.,"NORBERG, Eric",SWE,Men,team competition,M,Gold
London,1908,Gymnastics,Artistic G.,"NORBERG, Thomas",SWE,Men,team competition,M,Gold
London,1908,Gymnastics,Artistic G.,"NORLING, Axel",SWE,Men,team competition,M,Gold
London,1908,Gymnastics,Artistic G.,"NORLING, Lars Daniel",SWE,Men,team competition,M,Gold
London,1908,Gymnastics,Artistic G.,"OLSEN, G.",SWE,Men,team competition,M,Gold
London,1908,Gymnastics,Artistic G.,"PETTERSON, Leonard",SWE,Men,team competition,M,Gold
London,1908,Gymnastics,Artistic G.,"RASSANDER, H.",SWE,Men,team competition,M,Gold
London,1908,Gymnastics,Artistic G.,"ROSEN, Sven",SWE,Men,team competition,M,Gold
London,1908,Gymnastics,Artistic G.,"ROSENQUIST, Gustaf",SWE,Men,team competition,M,Gold
London,1908,Gymnastics,Artistic G.,"RYDIN, C.",SWE,Men,team competition,M,Gold
London,1908,Gymnastics,Artistic G.,"SANDBERG, S.",SWE,Men,team competition,M,Gold
London,1908,Gymnastics,Artistic G.,"SEGER, Albert",SWE,Men,team competition,M,Gold
London,1908,Gymnastics,Artistic G.,"SEGER, Alex",SWE,Men,team competition,M,Gold
London,1908,Gymnastics,Artistic G.,"SILFVERSTRAND, Carl",SWE,Men,team competition,M,Gold
London,1908,Gymnastics,Artistic G.,"SJÖBLOM, Axel",SWE,Men,team competition,M,Gold
London,1908,Gymnastics,Artistic G.,"SÖRVIK, Birger",SWE,Men,team competition,M,Gold
London,1908,Gymnastics,Artistic G.,"SÖRVIK, Haakon",SWE,Men,team competition,M,Gold
London,1908,Gymnastics,Artistic G.,"STIERNSPETZ, Yngve",SWE,Men,team competition,M,Gold
London,1908,Gymnastics,Artistic G.,"SVENSSON, Karl Johan",SWE,Men,team competition,M,Gold
London,1908,Gymnastics,Artistic G.,"VINGQVIST, Karl Gustaf",SWE,Men,team competition,M,Gold
London,1908,Gymnastics,Artistic G.,"WIDELL, F.",SWE,Men,team competition,M,Gold
London,1908,Gymnastics,Artistic G.,"WIEKMAN, G.",SWE,Men,team competition,M,Gold
London,1908,Gymnastics,Artistic G.,"WIMAN, David",SWE,Men,team competition,M,Gold
London,1908,Gymnastics,Artistic G.,"AMUNDSEN, Arthur M.",NOR,Men,team competition,M,Silver
London,1908,Gymnastics,Artistic G.,"ANDERSEN, Carl Albert",NOR,Men,team competition,M,Silver
London,1908,Gymnastics,Artistic G.,"AUTHEN, Otto F.",NOR,Men,team competition,M,Silver
London,1908,Gymnastics,Artistic G.,"BERSEN, P.A.",NOR,Men,team competition,M,Silver
London,1908,Gymnastics,Artistic G.,"BOHNE, Hermann",NOR,Men,team competition,M,Silver
London,1908,Gymnastics,Artistic G.,"BOYESEN, Trygve Carlsen",NOR,Men,team competition,M,Silver
London,1908,Gymnastics,Artistic G.,"BYE, Oscar Wilhelm",NOR,Men,team competition,M,Silver
London,1908,Gymnastics,Artistic G.,"CARLSRUD, Conrad M.",NOR,Men,team competition,M,Silver
London,1908,Gymnastics,Artistic G.,"ENGEBRETSEN, Eugene",NOR,Men,team competition,M,Silver
London,1908,Gymnastics,Artistic G.,"FORSTENSEN, J.",NOR,Men,team competition,M,Silver
London,1908,Gymnastics,Artistic G.,"GRÖNER, Sverre",NOR,Men,team competition,M,Silver
London,1908,Gymnastics,Artistic G.,"HALVORSEN, Harald",NOR,Men,team competition,M,Silver
London,1908,Gymnastics,Artistic G.,"HANSEN, Harald",NOR,Men,team competition,M,Silver
London,1908,Gymnastics,Artistic G.,"HOL, Peter",NOR,Men,team competition,M,Silver
London,1908,Gymnastics,Artistic G.,"IVERSEN, Ole",NOR,Men,team competition,M,Silver
London,1908,Gymnastics,Artistic G.,"JESPERSEN, Per Mathias",NOR,Men,team competition,M,Silver
London,1908,Gymnastics,Artistic G.,"JOHANESSEN, Sigurd Erhardt A.",NOR,Men,team competition,M,Silver
London,1908,Gymnastics,Artistic G.,"KIOER, Nicolai",NOR,Men,team competition,M,Silver
London,1908,Gymnastics,Artistic G.,"KLAETH, Carl",NOR,Men,team competition,M,Silver
London,1908,Gymnastics,Artistic G.,"LARSEN, Thor",NOR,Men,team competition,M,Silver
